country_code,country_name,source,medicine_name,active_substance,strength,dosage_form,package_size,product_no,shortage_start,estimated_end,status,scraped_at,atc_code,prk
BG,Bulgaria,SESPA,Jardiance,Empagliflozin,10 mg,Film-coated tablet,30,4043,,,shortage,2026-09-21T13:13:22.581923,A10BK03,119407
BG,Bulgaria,SESPA,Forxiga,Dapagliflozin,10 mg,Film-coated tablet,30,3444,,,shortage,2026-09-21T13:13:22.581961,A10BK01,104779
BG,Bulgaria,SESPA,Alprolix,Coagulation factor IX,500 IU,Powder and solvent for solution for injection,1,15905,,,shortage,2026-09-21T13:13:22.581979,B02BD01,
BG,Bulgaria,SESPA,BeneFIX,Coagulation factor IX (nonacog alfa),500 IU (100 mg/ml - 5 ml),Powder and solvent for solution for injection,1,1849,,,shortage,2026-09-21T13:13:22.581995,B02BD01,
BG,Bulgaria,SESPA,Olicard,Isosorbide mononitrate,40 mg,"Prolonged-release capsule, hard",20,2137,,,shortage,2026-09-21T13:13:22.582009,C01DA14,
BG,Bulgaria,SESPA,Neotri MR,Trimetazidine,35 mg,Modified-release tablet,60,2086,,,shortage,2026-09-21T13:13:22.582024,C01EB15,
BG,Bulgaria,SESPA,Atorvistat K,Atorvastatin,10 mg,Film-coated tablet,30,1768,,,shortage,2026-09-21T13:13:22.582039,C10AA05,98604
BG,Bulgaria,SESPA,Cimzia,Certolizumab pegol,200 mg,Solution for injection,2,3583,,,shortage,2026-09-21T13:13:22.582055,L04AB05,92584
BG,Bulgaria,SESPA,Depakine Chrono,Valproic acid,500 mg,Prolonged-release tablet,30,2477,,,shortage,2026-09-21T13:13:22.582069,N03AG01,26905
BG,Bulgaria,SESPA,Staloral,Allergen extract,300-300-300 IR/ml  or  IC/ml,"Sublingual spray, solution",3,2281,,,shortage,2026-09-21T13:13:22.582083,,
BG,Bulgaria,SESPA,Albiomin 20%,Albumin,200g/l - 100 ml,Solution for infusion,1,1569,,,shortage,2026-09-21T13:13:22.582100,B05AA01,24082
BG,Bulgaria,SESPA,Human Albumin 50 g/l Baxalta,Albumin,50 g/l - 250 ml,Solution for infusion,1,1664,,,shortage,2026-09-21T13:13:22.582115,B05AA01,69663
BG,Bulgaria,SESPA,Meriofert,Human menopausal gonadotrophin,75 IU,Powder and solvent for solution for injection,10,15329,,,shortage,2026-09-21T13:13:22.582131,G03GA02,
BG,Bulgaria,SESPA,Dexketoprofen-Tchaikapharma,Dexketoprofen,50 mg/2 ml,Solution for injection/infusion,100,4134,,,shortage,2026-09-21T13:13:22.582146,M01AE17,
BG,Bulgaria,SESPA,Keytruda,Pembrolizumab,25 mg/ml - 4 ml,Concentrate for solution for infusion,1,15839,,,shortage,2026-09-21T13:13:22.582159,L01FF02,136328
BG,Bulgaria,SESPA,Bortezomib Actavis,Bortezomib,3.5 mg,Powder for solution for injection,1,4075,,,shortage,2026-09-21T13:13:22.582172,L01XG01,75299
BG,Bulgaria,SESPA,Zytiga,Abiraterone,500 mg,Film-coated tablet,60,16148,,,shortage,2026-09-21T13:13:22.582186,L02BX03,136913
BG,Bulgaria,SESPA,Profol,Propofol,10 mg/ml - 50 ml,Emulsion for infusion,1,385,,,shortage,2026-09-21T13:13:22.582199,N01AX10,80322
BG,Bulgaria,SESPA,Omnipaque,Iohexol,300 mg I/ml - 50 ml,Solution for injection,10,3673,,,shortage,2026-09-21T13:13:22.582212,V08AB02,18481
BG,Bulgaria,SESPA,Omnipaque,Iohexol,300 mg I/ml - 100 ml,Solution for injection,10,3674,,,shortage,2026-09-21T13:13:22.582226,V08AB02,18503
BG,Bulgaria,SESPA,Sotagamma,Sotalol,80 mg,Tablet,50,16650,,,shortage,2026-09-21T13:13:22.582239,C07AA07,2879
BG,Bulgaria,SESPA,Ozempic,Semaglutide,1 mg/dose - 4 doses (1.34 mg/ml - 3 ml),Solution for injection,1,16701,,,shortage,2026-09-21T13:13:22.582253,A10BJ06,201693
BG,Bulgaria,SESPA,Vimizim,elosulfase alfa,1 mg/ml - 5 ml,Concentrate for solution for infusion,1,15871,,,shortage,2026-09-21T13:13:22.582266,A16AB12,124265
BG,Bulgaria,SESPA,Kisqali,Ribociclib,200 mg,Film-coated tablet,21,16147,,,shortage,2026-09-21T13:13:22.582280,L01EF02,147516
BG,Bulgaria,SESPA,Kopaq,Iohexol,300 mg I/ml - 100 ml,Solution for injection,1,16810,,,shortage,2026-09-21T13:13:22.582294,V08AB02,18503
BG,Bulgaria,SESPA,Cisplatin Ebewe,Cisplatin,1 mg/ml - 50 ml,Concentrate for solution for infusion,1,17026,,,shortage,2026-09-21T13:13:22.582307,L01XA01,36331
BG,Bulgaria,SESPA,Fulvestrant Teva,Fulvestrant,250 mg/5 ml,Solution for injection in pre-filled syringe,2,17225,,,shortage,2026-09-21T13:13:22.582320,L02BA03,74934
BG,Bulgaria,SESPA,Cefuroxime Tenamyd,Cefuroxime,1500 mg,Powder for solution for injection,10,17456,,,shortage,2026-09-21T13:13:22.582336,J01DC02,8206
BG,Bulgaria,SESPA,Strensiq,Asfotase alfa,40 mg/ml – 0.45 ml,Solution for injection,12,18055,,,shortage,2026-09-21T13:13:22.582352,A16AB13,201855
BG,Bulgaria,SESPA,Adempas,Riociguat,2 mg,Film-coated tablet,42,8971,,,shortage,2026-09-21T13:13:22.582365,C02KX05,124680
BG,Bulgaria,SESPA,Pazopanib Pharmascience,Pazopanib,200 mg,Film-coated tablet,30,58353,,,shortage,2026-09-21T13:13:22.582378,L01EX03,95265
BG,Bulgaria,SESPA,Kalydeco,Ivacaftor,50 mg,Granules,56,49997,,,shortage,2026-09-21T13:13:22.582391,R07AX02,129747
BG,Bulgaria,SESPA,Ganirelix Gedeon Richter,Ganirelix,0.25 mg/0.5 ml,Solution for injection in pre-filled syringe,1,59686,,,shortage,2026-09-21T13:13:22.582404,H01CC01,59048
BG,Bulgaria,SESPA,Vyxeos liposomal,"Daunorubicin,cytarabine",44 mg/100 mg,Powder for concentrate for solution for infusion,1,55603,,,shortage,2026-09-21T13:13:22.582418,,
BG,Bulgaria,SESPA,Saphnelo,Anifrolumab,300 mg (150 mg/ml - 2 ml),Concentrate for solution for infusion,1,58132,,,shortage,2026-09-21T13:13:22.582431,L04AG11,214795
BG,Bulgaria,SESPA,Meropenem Enexi,Meropenem,1000 mg - 20 ml,Powder for solution for injection/infusion,10,59249,,,shortage,2026-09-21T13:13:22.582444,J01DH02,94838
BG,Bulgaria,SESPA,Profol,Propofol,10 mg/ml - 20 ml,Emulsion for infusion,5,4077,,,shortage,2026-09-21T13:13:22.582458,N01AX10,57576
BG,Bulgaria,SESPA,Dabigatran Etexilate Accord,Dabigatran etexilate,150 mg,"Capsule, hard",60,61709,,,shortage,2026-09-21T13:13:22.582471,B01AE07,98361
BG,Bulgaria,SESPA,Dabigatran Etexilate Accord,Dabigatran etexilate,75 mg,"Capsule, hard",30,61691,,,shortage,2026-09-21T13:13:22.582484,B01AE07,86983
BG,Bulgaria,SESPA,Produodopa,"Foslevodopa, foscarbidopa",240 mg/ml + 12 mg/ml - 10 ml,Solution for infusion,7,60280,,,shortage,2026-09-21T13:13:22.582497,,
BG,Bulgaria,SESPA,Skyrizi,Risankizumab,360 mg (150 mg/ml - 2.4 ml),Solution for injection,1,60477,,,shortage,2026-09-21T13:13:22.582511,L04AC18,222682
BG,Bulgaria,SESPA,Varivax,"Varicella, live  attenuated",0.5 ml (dose),Powder and solvent for suspension for injection,1,16887,,,shortage,2026-09-21T13:13:22.582524,,
BG,Bulgaria,SESPA,Cyclophosphamide Sandoz,Cyclophosphamide,100 mg/ml - 5 ml,Concentrate for solution for injection/infusion,1,64322,,,shortage,2026-09-21T13:13:22.582537,L01AA01,
BG,Bulgaria,SESPA,Nilotinib Zentiva,Nilotinib,150 mg,"Capsule, hard",112,65709,,,shortage,2026-09-21T13:13:22.582551,L01EA03,230715
BG,Bulgaria,SESPA,Veyvondi,Von Willebrand factor (vonicog alfa),1300 IU,Powder and solvent for solution for injection,1,55313,,,shortage,2026-09-21T13:13:22.582564,B02BD10,195960
BG,Bulgaria,SESPA,Vyvgart,Efgartigimod alfa,20 mg/ml - 20 ml,Concentrate for solution for infusion,1,62632,,,shortage,2026-09-21T13:13:22.582577,L04AL01,
BG,Bulgaria,SESPA,Fingolimod Zentiva,Fingolimod,0.5 mg,"Capsule, hard",28,27085,,,shortage,2026-09-21T13:13:22.582594,L04AE01,100129
BG,Bulgaria,SESPA,Omeprazole Polpharma,Omeprazole,40 mg,Powder for solution for infusion,5,62799,,,shortage,2026-09-21T13:13:22.582608,A02BC01,126578
BG,Bulgaria,SESPA,Cagluen,Edoxaban,30 mg,Film-coated tablet,30,67542,,,shortage,2026-09-21T13:13:22.582621,B01AF03,128198
BG,Bulgaria,SESPA,Krusaxyl,Ticagrelor,60 mg,Film-coated tablet,56,66410,,,shortage,2026-09-21T13:13:22.582634,B01AC24,130680
BG,Bulgaria,SESPA,Piracetam Danhson,Piracetam,1200 mg,Film-coated tablet,20,67284,,,shortage,2026-09-21T13:13:22.582648,N06BX03,31186
BG,Bulgaria,SESPA,Edoxabel,Edoxaban,30 mg,Film-coated tablet,30,69062,,,shortage,2026-09-21T13:13:22.582661,B01AF03,128198
BG,Bulgaria,SESPA,Cufence,Trientine,200 mg,"Capsule, hard",100,47111,,,shortage,2026-09-21T13:13:22.582674,A16AX12,207535
BG,Bulgaria,SESPA,Alyftrek,"Deutivacaftor, Tezacaftor, Vanzacaftor",125 mg/50 mg/10 mg,Film-coated tablet,56,68611,,,shortage,2026-09-21T13:13:22.582688,,
BG,Bulgaria,SESPA,Talvey,Talquetamab,2 mg/ml -1.5 ml,Solution for injection,1,64365,,,shortage,2026-09-21T13:13:22.582701,L01FX29,229563
BG,Bulgaria,SESPA,Enwylma,Denosumab,120 mg (70 mg/ml - 1.7 ml),Solution for injection,1,69071,,,shortage,2026-09-21T13:13:22.582715,M05BX04,100420
BG,Bulgaria,SESPA,Nilotinib Pharmascience,Nilotinib,150 mg,"Capsule, hard",112,65546,,,shortage,2026-09-21T13:13:22.582729,L01EA03,230715
BG,Bulgaria,SESPA,Kiovig,"Immunoglobulins, normal human, for intravascular adm.",100 mg/ml - 10 ml,Solution for infusion,1,1167,,,shortage,2026-09-21T13:13:22.582742,,
