country_code,country_name,source,medicine_name,active_substance,strength,package_size,dosage_form,pharma_code,act_reference,ium_code,status,scraped_at,atc_code,prk
CO,Colombia,INVIMA,ABACAVIR,ABACAVIR,20mg/mL,,Solución oral,4.1.3.0.N10,Acta No. 04 de 2022 SEM,,vital_unavailable,2026-09-23T20:51:23.577863,J05AF06,136018
CO,Colombia,INVIMA,ABACAVIR + LAMIVUDINA + ZIDOVUDINA (AZT),ABACAVIR + LAMIVUDINA + ZIDOVUDINA (AZT),300mg + 150mg + 300mg,,Tableta,4.1.3.0.N30,Acta No. 04 de 2023 SEM Tercera parte,,vital_unavailable,2026-09-23T20:51:23.577903,,
CO,Colombia,INVIMA,ABACAVIR + LAMIVUDINA + ZIDOVUDINA (AZT),ABACAVIR + LAMIVUDINA + ZIDOVUDINA (AZT),60mg + 30mg + 60mg,,Tableta,4.1.3.0.N30,Acta No. 04 de 2023 SEM Tercera parte,,vital_unavailable,2026-09-23T20:51:23.577928,,
CO,Colombia,INVIMA,ÁCIDO 5-AMINOLEVULÍNICO HCl,ÁCIDO 5-AMINOLEVULÍNICO HCl,30mg/1mL,,Solución oral,19.18.0.0.N120,Acta No. 02 de 2010,1A102496,vital_unavailable,2026-09-23T20:51:23.577951,,
CO,Colombia,INVIMA,ÁCIDO CÓLICO,ÁCIDO CÓLICO,50mg/1U,,Cápsula,8.2.7.0.N180,Acta No. 11 de 2019 SEM,1C100447,vital_unavailable,2026-09-23T20:51:23.577971,A05AA03,
CO,Colombia,INVIMA,ÁCIDO CÓLICO,ÁCIDO CÓLICO,250mg/1U,,Cápsula,8.2.7.0.N180,Acta No. 11 de 2019 SEM,1C100452,vital_unavailable,2026-09-23T20:51:23.577990,A05AA03,
CO,Colombia,INVIMA,ÁCIDO ETILENDIAMINOTETRAACÉTICO EDTA,ÁCIDO ETILENDIAMINOTETRAACÉTICO EDTA,"0,01/1mL",,Solución inyectable,20.0.0.0.N10,Acta No. 03 de 2006,1E102497,vital_unavailable,2026-09-23T20:51:23.578009,V03AB01,
CO,Colombia,INVIMA,ÁCIDO QUENODESOXICÓLICO,ÁCIDO QUENODESOXICÓLICO,250mg/1U,,Cápsula,8.2.7.0.N210,Acta No. 13 de 2019 SEMNNIMB,1Q101465,vital_unavailable,2026-09-23T20:51:23.578028,A05AA01,3182
CO,Colombia,INVIMA,ACIDO TRANSRETINOICO,ACIDO TRANSRETINOICO,10mg/1U,,Cápsula,6.0.0.0.N10,Acta No. 12 de 2019 SEM,1T101438,vital_unavailable,2026-09-23T20:51:23.578047,D10AD01,
CO,Colombia,INVIMA,ACITRETINA,ACITRETINA,10mg,,Cápsula dura,13.1.14.0.N10,Acta No. 01 de 2024 SEM Cuarta parte,,vital_unavailable,2026-09-23T20:51:23.578064,D05BB02,29866
CO,Colombia,INVIMA,ACTH (ADRENOCORTICOTROPINA),ACTH (ADRENOCORTICOTROPINA),25UI/1mL,,Solución inyectable,9.1.5.0.N10,Acta No. 27 de 2005,1C101202,vital_unavailable,2026-09-23T20:51:23.578083,H01AC01,
CO,Colombia,INVIMA,ALCOHOL ETILICO,ALCOHOL ETILICO,0.99,,Solución inyectable,20.0.0.0.N10,Acta No. 02 de 2021,,vital_unavailable,2026-09-23T20:51:23.578105,,
CO,Colombia,INVIMA,AMILO NITRITO,AMILO NITRITO,5mg/1ml,,Solución para inhalar,7.1.0.0.N10,Acta No. 10 de 2004,1A102337,vital_unavailable,2026-09-23T20:51:23.578124,,
CO,Colombia,INVIMA,AMIODARONA CLORHIDRATO,AMIODARONA CLORHIDRATO,200mg/1 U,,Tableta,7.2.0.0.N10,Acta No. 04 de 2019 SEM,1A102798,vital_unavailable,2026-09-23T20:51:23.578142,C01BD01,1554
CO,Colombia,INVIMA,AMIODARONA CLORHIDRATO,AMIODARONA CLORHIDRATO,150mg / Ampolla (3mL),,Solución inyectable,7.2.0.0.N10,Acta No. 10 de 2021 SEM,1A102798,vital_unavailable,2026-09-23T20:51:23.578160,C01BD01,25119
CO,Colombia,INVIMA,AMIODARONA CLORHIDRATO,AMIODARONA CLORHIDRATO,50mg/ mL,,Solución inyectable,7.2.0.0.N10,Acta No. 10 de 2021 SEM,1A102798,vital_unavailable,2026-09-23T20:51:23.578178,C01BD01,25119
CO,Colombia,INVIMA,ANTICUERPOS ANTIDIGOXINA,ANTICUERPOS ANTIDIGOXINA,80mg/1U,,Polvo para reconstituir,20.0.0.0.N10,Acta No. 37 de 2004,1A102338,vital_unavailable,2026-09-23T20:51:23.578196,V03AB24,
CO,Colombia,INVIMA,ANTITOXINA BOTULÍNICA,ANTITOXINA BOTULÍNICA,,,,18.1.2.0.N10,Acta No. 37 de 2004,,vital_unavailable,2026-09-23T20:51:23.578212,,
CO,Colombia,INVIMA,ASFOTASA ALFA,ASFOTASA ALFA,40mg/1mL,,Solución inyectable,8.2.7.0.N180,"Acta No. 09 de 2018 SEM
Acta No. 03 de 2018 SEMNNIMB",1A100010,vital_unavailable,2026-09-23T20:51:23.578230,A16AB01,
CO,Colombia,INVIMA,ASFOTASA ALFA,ASFOTASA ALFA,100mg/1mL,,Solución inyectable,8.2.7.0.N180,"Acta No. 09 de 2018 SEM
Acta No. 03 de 2018 SEMNNIMB",1A100011,vital_unavailable,2026-09-23T20:51:23.578248,A16AB01,
CO,Colombia,INVIMA,ASPARAGINASA ERWINIANA (asparginasa de Erwinia chrysanthemi),ASPARAGINASA ERWINIANA (asparginasa de Erwinia chrysanthemi),10000U/1U,,Liofilizado para solución inyectable,6.0.0.0.N10,Acta No. 04 de 2016,1A100555,vital_unavailable,2026-09-23T20:51:23.578266,L01XX02,51519
CO,Colombia,INVIMA,ATOMOXETINA,ATOMOXETINA,25mg,,Cápsula,19.18.0.0.N90,Acta No.12 de 2025 SEMPB Cuarta parte,,vital_unavailable,2026-09-23T20:51:23.578284,N06BA09,76724
CO,Colombia,INVIMA,ATOMOXETINA,ATOMOXETINA,40mg,,Cápsula,19.18.0.0.N90,Acta No.12 de 2025 SEMPB Cuarta parte,,vital_unavailable,2026-09-23T20:51:23.578301,N06BA09,76732
CO,Colombia,INVIMA,ATOMOXETINA,ATOMOXETINA,60mg,,Cápsula,19.18.0.0.N90,Acta No.12 de 2025 SEMPB Cuarta parte,,vital_unavailable,2026-09-23T20:51:23.578318,N06BA09,76740
CO,Colombia,INVIMA,AZUL DE METILENO,AZUL DE METILENO,1% (10 mg / mL),,Solución inyectable,20.0.0.0.N10,Acta No. 01 de 2024 SEM Décima parte,,vital_unavailable,2026-09-23T20:51:23.578335,V03AB01,
CO,Colombia,INVIMA,BACLOFENO,BACLOFENO,60µg/1mL,,Solución inyectable,15.2.0.0.N10,Acta No. 13 de 2010,1B102399,vital_unavailable,2026-09-23T20:51:23.578354,M03BX01,
CO,Colombia,INVIMA,BEDAQUILINA,BEDAQUILINA,100mg/1U,,Tableta,4.1.1.4.N10.,Acta No. 03 de 2017 Segunda Parte,1B101391,vital_unavailable,2026-09-23T20:51:23.578371,J04AK05,115371
CO,Colombia,INVIMA,BENZNIDAZOL,BENZNIDAZOL,100mg/1U,,Tableta,4.2.6.0.N10,Acta No. 25 de 2012,1B101272,vital_unavailable,2026-09-23T20:51:23.578389,P01CA02,
CO,Colombia,INVIMA,BETANECOL,BETANECOL,5mg/1U,,Tableta,19.18.0.0.N140,Acta No. 25 de 2005,1B102341,vital_unavailable,2026-09-23T20:51:23.578406,N07AB02,
CO,Colombia,INVIMA,BETANECOL,BETANECOL,10mg/1U,,Tableta,19.18.0.0.N140,Acta No. 25 de 2005,1B101406,vital_unavailable,2026-09-23T20:51:23.578424,N07AB02,
CO,Colombia,INVIMA,BETANECOL,BETANECOL,25mg/1U,,Tableta,19.18.0.0.N140,Acta No. 25 de 2005,1B100110,vital_unavailable,2026-09-23T20:51:23.578442,N07AB02,
CO,Colombia,INVIMA,BETANECOL,BETANECOL,50mg/1U,,Tableta,19.18.0.0.N140,Acta No. 25 de 2005,1B102340,vital_unavailable,2026-09-23T20:51:23.578459,N07AB02,
CO,Colombia,INVIMA,BICARBONATO DE SODIO,BICARBONATO DE SODIO,1Meq/mL,,Solución,10.3.0.0.N10,Acta No. 22 de 2019 SEM,1S101587,vital_unavailable,2026-09-23T20:51:23.578477,A12BA01,
CO,Colombia,INVIMA,Bothrops SP - VENENO DESHIDRATADO 780 DL50 + Crotalus SP VENENO DESHIDRATADO 220 DL50 + Lachessis SP VENENO DESHIDRATADO 200 DL50 (FAB (F(AB)2 FAB) AL 85% COMPONENTES DE BAJO PESO MOLECULAR AL 15%),Bothrops SP - VENENO DESHIDRATADO 780 DL50 + Crotalus SP VENENO DESHIDRATADO 220 DL50 + Lachessis SP VENENO DESHIDRATADO 200 DL50 (FAB (F(AB)2 FAB) AL 85% COMPONENTES DE BAJO PESO MOLECULAR AL 15%),30 mg + 15 mg + 7 mg / Vial (20 mL),,Polvo Liofilizado para reconstituir a solución inyectable,18.1.2.0.N10,Acta No. 04 de 2025 SEM Segunda parte,,vital_unavailable,2026-09-23T20:51:23.578494,,
CO,Colombia,INVIMA,Bothrops atrox + Lachesis muta + Bothrops asper + Crotalus durissus - INMUNOGLOBULINAS DE ORIGEN EQUINO (IGG) CAPACES DE NEUTRALIZAR COMO MÍNIMO,Bothrops atrox + Lachesis muta + Bothrops asper + Crotalus durissus - INMUNOGLOBULINAS DE ORIGEN EQUINO (IGG) CAPACES DE NEUTRALIZAR COMO MÍNIMO,25 mg + 10 mg + 25 mg + 5 mg / Vial,,Polvo Liofilizado para reconstituir a solución inyectable,18.1.2.0.N10,Acta No. 04 de 2025 SEM Segunda parte,,vital_unavailable,2026-09-23T20:51:23.578512,,
CO,Colombia,INVIMA,BRETILIO TOSILATO,BRETILIO TOSILATO,2mg/1ml,,Solución inyectable,7.2.0.0.N10,Acta No. 10 de 2004,1T102342,vital_unavailable,2026-09-23T20:51:23.578530,C01BD02,
CO,Colombia,INVIMA,BRETILIO TOSILATO,BRETILIO TOSILATO,4mg/1ml,,Solución inyectable,7.2.0.0.N10,Acta No. 10 de 2004,1T102343,vital_unavailable,2026-09-23T20:51:23.578547,C01BD02,
CO,Colombia,INVIMA,BROMOCRIPTINA,BROMOCRIPTINA,"2,5mg/1U",,Tableta,"9.2.3.0.N10
19.13.0.0.N10",Acta No. 14 de 2019 SEM,1B103024,vital_unavailable,2026-09-23T20:51:23.578565,N04BC01,
CO,Colombia,INVIMA,BROMOCRIPTINA,BROMOCRIPTINA,"5,0mg/1U",,Tableta,"9.2.3.0.N10
19.13.0.0.N10",Acta No. 14 de 2019 SEM,1B103025,vital_unavailable,2026-09-23T20:51:23.578583,N04BC01,
CO,Colombia,INVIMA,BUPIVACAINA (L) CLORHIDRATO ANHIDRA + GLUCOSA ANHIDRA,BUPIVACAINA (L) CLORHIDRATO ANHIDRA + GLUCOSA ANHIDRA,"7,5mg + 72,7mg/1mL",,Solución inyectable,19.6.0.0.N20,Acta No. 02 de 2018 SEM Segunda Parte,2B102505,vital_unavailable,2026-09-23T20:51:23.578601,,
CO,Colombia,INVIMA,BUPIVACAINA CLORHIDRATO + EPINEFRINA,BUPIVACAINA CLORHIDRATO + EPINEFRINA,5mg + 5μg/1mL,,Solución inyectable,19.6.0.0.N20,Acta No. 02 de 2018 SEM Segunda Parte,2B102506,vital_unavailable,2026-09-23T20:51:23.578618,,
CO,Colombia,INVIMA,BUPIVACAINA CLORHIDRATO + EPINEFRINA,BUPIVACAINA CLORHIDRATO + EPINEFRINA,"7,5mg + 5μg/1mL",,Solución inyectable,19.6.0.0.N20,Acta No. 02 de 2018 SEM Segunda Parte,2B102507,vital_unavailable,2026-09-23T20:51:23.578636,,
CO,Colombia,INVIMA,BUPIVACAINA CLORHIDRATO + EPINEFRINA BITARTRATO,BUPIVACAINA CLORHIDRATO + EPINEFRINA BITARTRATO,"500mg + 0,5 mg/100 mL",,Solución inyectable,19.6.0.0.N20,Acta No. 02 de 2018 SEM Segunda Parte,2B102506,vital_unavailable,2026-09-23T20:51:23.578654,,
CO,Colombia,INVIMA,BUPIVACAINA CLORHIDRATO + GLUCOSA,BUPIVACAINA CLORHIDRATO + GLUCOSA,5mg + 80mg/1mL,,Solución inyectable,19.6.0.0.N20,Acta No. 22  de 2018 SEM,2B102444,vital_unavailable,2026-09-23T20:51:23.578672,,
CO,Colombia,INVIMA,BUPIVACAINA CLORHIDRATO ANHIDRA + DEXTROSA MONOHIDRATO,BUPIVACAINA CLORHIDRATO ANHIDRA + DEXTROSA MONOHIDRATO,5mg + 80mg/1mL,,Solución inyectable,19.6.0.0.N20,Acta No. 22  de 2018 SEM,2B102428,vital_unavailable,2026-09-23T20:51:23.578689,,
CO,Colombia,INVIMA,BUPIVACAINA CLORHIDRATO MONOHIDRATO,BUPIVACAINA CLORHIDRATO MONOHIDRATO,"2,5mg /1mL (0,25%)",,Solución inyectable,19.6.0.0.N20,Acta No. 02 de 2018 SEM Tercera Parte,1B102508,vital_unavailable,2026-09-23T20:51:23.578707,N01BB01,1775
CO,Colombia,INVIMA,BUPIVACAINA CLORHIDRATO MONOHIDRATO,BUPIVACAINA CLORHIDRATO MONOHIDRATO,"5mg/mL (0,5%)",,Solución inyectable,19.6.0.0.N20,Acta No. 02 de 2018 SEM Tercera Parte,1B102450,vital_unavailable,2026-09-23T20:51:23.578724,N01BB01,6122
CO,Colombia,INVIMA,BUPIVACAINA CLORHIDRATO MONOHIDRATO,BUPIVACAINA CLORHIDRATO MONOHIDRATO,"7,5mg/mL 0,75%",,Solución inyectable,19.6.0.0.N20,Acta No. 02 de 2018 SEM Tercera Parte,1B102474,vital_unavailable,2026-09-23T20:51:23.578742,N01BB01,
CO,Colombia,INVIMA,BUPIVACAÍNA LEVÓGIRA CLORHIDRATO ANHIDRA + EPINEFRINA BITARTRATO,BUPIVACAÍNA LEVÓGIRA CLORHIDRATO ANHIDRA + EPINEFRINA BITARTRATO,"0,75% + 5μg / 1mL",,Solución inyectable,19.6.0.0.N20,Acta No. 02 de 2018 SEM Segunda Parte,2B102507,vital_unavailable,2026-09-23T20:51:23.578760,,
CO,Colombia,INVIMA,BUSULFAN,BUSULFAN,2mg/1U,,Tableta,6.0.0.0.N10,Acta No. 52 de 2012,1B102344,vital_unavailable,2026-09-23T20:51:23.578778,L01AB01,1872
CO,Colombia,INVIMA,CALCIO CLORURO,CALCIO CLORURO,100mg/1ml,,Solución inyectable,10.3.0.0.N10,Acta No. 03 de 2011,1C102345,vital_unavailable,2026-09-23T20:51:23.578797,B05BB01,
CO,Colombia,INVIMA,CAPREOMICINA,CAPREOMICINA,1g/1U,,Polvo para reconstituir a solución inyectable,4.1.1.4.N10,"Acta No. 03 de 2008
Acta No. 11 de 2013",1C101210,vital_unavailable,2026-09-23T20:51:23.578815,J04AB30,
CO,Colombia,INVIMA,CARBAMAZEPINA,CARBAMAZEPINA,200mg,,Tableta de liberación prolongada,19.9.0.0.N10,Acta No. 08 de 2026 SEMPB Segunda parte,,vital_unavailable,2026-09-23T20:51:23.578832,N03AF01,25976
CO,Colombia,INVIMA,CARBAMAZEPINA,CARBAMAZEPINA,400mg,,Tableta de liberación prolongada,19.9.0.0.N10,Acta No. 08 de 2026 SEMPB Segunda parte,,vital_unavailable,2026-09-23T20:51:23.578849,N03AF01,25984
CO,Colombia,INVIMA,CARBON ACTIVADO,CARBON ACTIVADO,20g/100 mL,,Suspensión oral,20.0.0.0.N10,Acta No. 01 de 2024 SEM Décima parte,,vital_unavailable,2026-09-23T20:51:23.578866,A06AD01,
CO,Colombia,INVIMA,CERLIPONASA,CERLIPONASA,30mg/1mL,,Solución para infusión,8.2.7.0.N210,Acta No. 14 de 2019 SEM,1C101987,vital_unavailable,2026-09-23T20:51:23.578884,A16AB02,58319
CO,Colombia,INVIMA,CICLOFOSFAMIDA,CICLOFOSFAMIDA,200 mg/vial,,Polvo para reconstituir a solución inyectable,6.0.0.0.N10,Acta No. 07 de 2026 SEMPB Primera parte,,vital_unavailable,2026-09-23T20:51:23.578901,L01AA01,
CO,Colombia,INVIMA,CICLOFOSFAMIDA,CICLOFOSFAMIDA,500 mg/vial,,Polvo para reconstituir a solución inyectable,6.0.0.0.N10,Acta No. 07 de 2026 SEMPB Primera parte,,vital_unavailable,2026-09-23T20:51:23.578919,L01AA01,5045
CO,Colombia,INVIMA,CICLOFOSFAMIDA,CICLOFOSFAMIDA,1g/vial,,Polvo para reconstituir a solución inyectable,6.0.0.0.N10,Acta No. 07 de 2026 SEMPB Primera parte,,vital_unavailable,2026-09-23T20:51:23.578937,L01AA01,5053
CO,Colombia,INVIMA,CICLOSERINA,CICLOSERINA,250mg,,Cápsula,4.1.1.4.N10.,Acta No. 01 de 2024 SEM Séptima parte,,vital_unavailable,2026-09-23T20:51:23.578954,J04AB01,
CO,Colombia,INVIMA,CITARABINA,CITARABINA,500mg/ vial (10mL),,Polvo Liofilizado para reconstituir a solución inyectable,6.0.0.0.N10,Acta No. 10 de 2021 SEM,1C1004121000,vital_unavailable,2026-09-23T20:51:23.578973,L01BC01,
CO,Colombia,INVIMA,CITARABINA,CITARABINA,100mg/ 5mL,,Solución inyectable,6.0.0.0.N10,Acta No. 10 de 2021 SEM,1C1004121000,vital_unavailable,2026-09-23T20:51:23.578991,L01BC01,49328
CO,Colombia,INVIMA,CITARABINA,CITARABINA,100mg/ vial (10mL),,Polvo Liofilizado para reconstituir a solución inyectable,6.0.0.0.N10,Acta No. 3 de 2022 SEM,1C1004121000,vital_unavailable,2026-09-23T20:51:23.579009,L01BC01,
CO,Colombia,INVIMA,CITARABINA,CITARABINA,500mg/ 5mL,,Solución inyectable,6.0.0.0.N10,Acta No. 10 de 2021 SEM,1C1004121000,vital_unavailable,2026-09-23T20:51:23.579028,L01BC01,104477
CO,Colombia,INVIMA,CITARABINA,CITARABINA,500mg/ 10mL,,Solución inyectable,6.0.0.0.N10,Acta No. 10 de 2021 SEM,1C1004121000,vital_unavailable,2026-09-23T20:51:23.579045,L01BC01,
CO,Colombia,INVIMA,CITARABINA,CITARABINA,1000mg/ 10mL,,Solución inyectable,6.0.0.0.N10,Acta No. 10 de 2021 SEM,1C1004121000,vital_unavailable,2026-09-23T20:51:23.579063,L01BC01,104485
CO,Colombia,INVIMA,CITARABINA,CITARABINA,1000mg/ 20mL,,Solución inyectable,6.0.0.0.N10,Acta No. 10 de 2021 SEM,1C1004121000,vital_unavailable,2026-09-23T20:51:23.579080,L01BC01,
CO,Colombia,INVIMA,CITARABINA,CITARABINA,1g/ vial (20mL),,Polvo Liofilizado para reconstituir a solución inyectable,6.0.0.0.N10,Acta No. 3 de 2022 SEM,1C1004121000,vital_unavailable,2026-09-23T20:51:23.579098,L01BC01,
CO,Colombia,INVIMA,CITRATO DE CLOMIFENO,CITRATO DE CLOMIFENO,50mg,,Tableta,9.1.6.0.N10,Acta No. 04 de 2023 SEM Cuarta parte,,vital_unavailable,2026-09-23T20:51:23.579114,G03GB02,1538
CO,Colombia,INVIMA,CLADRIBINA,CLADRIBINA,2mg/ml,,Solución inyectable,6.0.0.0.N10,Acta No. 04 de 2023 SEM Octava Parte,,vital_unavailable,2026-09-23T20:51:23.579132,L01BB04,86525
CO,Colombia,INVIMA,CLEMASTINA,CLEMASTINA,2 mg / Ampolla (2 mL),,Solución inyectable,3.0.0.0.N10,Acta No. 10 de 2025 SEM Tercera parte,,vital_unavailable,2026-09-23T20:51:23.579149,D04AA14,
CO,Colombia,INVIMA,CLOBAZAM,CLOBAZAM,10mg,,Tableta,19.9.0.0.N10,Acta No. 01 de 2024 SEM Séptima parte,,vital_unavailable,2026-09-23T20:51:23.579167,N05BA09,17116
CO,Colombia,INVIMA,CLOBAZAM,CLOBAZAM,20mg,,Tableta,19.9.0.0.N10,Acta No. 01 de 2024 SEM Octava parte,,vital_unavailable,2026-09-23T20:51:23.579185,N05BA09,17124
CO,Colombia,INVIMA,CLOFAZIMINA,CLOFAZIMINA,100mg/1U,,Cápsula,"4.1.1.3.N10
4.1.1.4.N10",Acta No. 07 de 2017,1C100287,vital_unavailable,2026-09-23T20:51:23.579202,J04BA01,1627
CO,Colombia,INVIMA,CLORAMBUCILO,CLORAMBUCILO,2mg/1U,,Tableta,10.3.0.0.N10,Acta No. 52 de 2012 SEMPB Primera parte,1C102347,vital_unavailable,2026-09-23T20:51:23.579220,L01AA02,1694
CO,Colombia,INVIMA,CLORMETINA,CLORMETINA,160µg/g,,Gel,6.0.0.0.N10.,Acta No. 09 de 2022 SEM,1C1029821000,vital_unavailable,2026-09-23T20:51:23.579237,L01AA05,148490
CO,Colombia,INVIMA,CLOROQUINA,CLOROQUINA,100mg/1U,,Tableta,"4.2.1.0.N10
4.2.3.0.N10",Acta No. 04 de 2020 SEM,,vital_unavailable,2026-09-23T20:51:23.579254,P01BA01,85782
CO,Colombia,INVIMA,CLOROQUINA,CLOROQUINA,150mg/1U,,Tableta,"4.2.1.0.N10
4.2.3.0.N10
5.2.0.0.N10",Acta No. 04 de 2020 SEM,1C104358,vital_unavailable,2026-09-23T20:51:23.579272,P01BA01,85782
CO,Colombia,INVIMA,CLORURO DE POTASIO,CLORURO DE POTASIO,"0,1meq / mL",,Solución inyectable,10.3.0.0.N10,Acta No. 19 de 2021 SEM,1P101218,vital_unavailable,2026-09-23T20:51:23.579289,A12BA01,
CO,Colombia,INVIMA,CLORURO DE POTASIO,CLORURO DE POTASIO,"0,2meq/ mL",,Solución inyectable,10.3.0.0.N10,Acta No. 19 de 2021 SEM,,vital_unavailable,2026-09-23T20:51:23.579308,A12BA01,
CO,Colombia,INVIMA,CLORURO DE POTASIO,CLORURO DE POTASIO,"0,3meq/ mL",,Solución inyectable,10.3.0.0.N10,Acta No. 19 de 2021 SEM,,vital_unavailable,2026-09-23T20:51:23.579325,A12BA01,
CO,Colombia,INVIMA,CLORURO DE POTASIO,CLORURO DE POTASIO,"0,4meq/ mL",,Solución inyectable,10.3.0.0.N10,Acta No. 19 de 2021 SEM,,vital_unavailable,2026-09-23T20:51:23.579341,A12BA01,
CO,Colombia,INVIMA,CLORURO DE POTASIO,CLORURO DE POTASIO,2meq/ mL,,Solución inyectable,10.3.0.0.N10,Acta No. 19 de 2021 SEM,,vital_unavailable,2026-09-23T20:51:23.579358,A12BA01,
CO,Colombia,INVIMA,CLORURO DE POTASIO,CLORURO DE POTASIO,"10% (1,341 meq/
mL)",,Solución inyectable,10.3.0.0.N10,Acta No. 19 de 2021 SEM,,vital_unavailable,2026-09-23T20:51:23.579375,A12BA01,
CO,Colombia,INVIMA,COBRE SULFATO,COBRE SULFATO,"0,05mg/1ml",,Solución,21.2.2.0.N10,Acta No. 03 de 2008,1C102349,vital_unavailable,2026-09-23T20:51:23.579392,A12CC01,
CO,Colombia,INVIMA,Crotalus - INMUNOGLOBULINAS ESPECIFICAS NEUTRALIZANTES DEL VENENO DEL GENERO (MINIMO) + Bothrops - INMUNOGLOBULINAS ESPECIFICAS NEUTRALIZANTES DEL VENENO DEL GENERO MINIMO),Crotalus - INMUNOGLOBULINAS ESPECIFICAS NEUTRALIZANTES DEL VENENO DEL GENERO (MINIMO) + Bothrops - INMUNOGLOBULINAS ESPECIFICAS NEUTRALIZANTES DEL VENENO DEL GENERO MINIMO),10 mg + 70 mg / Vial (10 mL),,Solución inyectable,18.1.2.0.N10,Acta No. 04 de 2025 SEM Segunda parte,,vital_unavailable,2026-09-23T20:51:23.579409,,
CO,Colombia,INVIMA,Crotalus + Bothrops INMUNOGLOBULINA DE ORIGEN EQUINO QUE NEUTRALIZA EL VENENO DE LA SERPIENTES DE LOS GENEROS: (SUERO ANTIOFÍDICO POLIVALENTE),Crotalus + Bothrops INMUNOGLOBULINA DE ORIGEN EQUINO QUE NEUTRALIZA EL VENENO DE LA SERPIENTES DE LOS GENEROS: (SUERO ANTIOFÍDICO POLIVALENTE),100 mg + 700 mg / 100 mL,,Solución inyectable,18.1.2.0.N10,Acta No. 04 de 2025 SEM Segunda parte,,vital_unavailable,2026-09-23T20:51:23.579427,,
CO,Colombia,INVIMA,DANTROLENO SÓDICO,DANTROLENO SÓDICO,20mg/1U,,Polvo para reconstituir,15.2.0.0.N10,Acta No. 10 de 2004,1D102350,vital_unavailable,2026-09-23T20:51:23.579444,M03CA01,29335
CO,Colombia,INVIMA,DANTROLENO SÓDICO,DANTROLENO SÓDICO,50mg/1U,,Cápsula,15.2.0.0.N10,Acta No. 10 de 2004,1D102351,vital_unavailable,2026-09-23T20:51:23.579462,M03CA01,
CO,Colombia,INVIMA,DAUNORUBICINA LIPOSOMAL,DAUNORUBICINA LIPOSOMAL,50mg / Vial,,Solución inyectable,6.0.0.0.N10,Acta No. 09 de 2022 SEM,,vital_unavailable,2026-09-23T20:51:23.579479,L01DB02,
CO,Colombia,INVIMA,DESMOPRESINA,DESMOPRESINA,120mcg,,Tableta orodispersable,9.1.13.0.N10,Acta No. 21 de 2021 SEM,,vital_unavailable,2026-09-23T20:51:23.579497,H01BA02,225436
CO,Colombia,INVIMA,DESMOPRESINA,DESMOPRESINA,"0,1mg/ml equivalente a 89μg/ml",,Solución nasal,9.1.13.0.N10,Acta No. 21 de 2021 SEM,,vital_unavailable,2026-09-23T20:51:23.579517,H01BA02,
CO,Colombia,INVIMA,DESMOPRESINA,DESMOPRESINA,"0,4mg",,Solución sublingual,9.1.13.0.N10,Acta No. 21 de 2021 SEM,,vital_unavailable,2026-09-23T20:51:23.579533,H01BA02,
CO,Colombia,INVIMA,DIETIL ESTIL BESTROL,DIETIL ESTIL BESTROL,1mg/1U,,Tableta,6.0.0.0.N10,Acta No. 39 de 2010,1D100009,vital_unavailable,2026-09-23T20:51:23.579551,G03CB01,
CO,Colombia,INVIMA,DIFENHIDRAMINA,DIFENHIDRAMINA,50mg/1mL,,Solución inyectable,3.0.0.0.N10,Acta No. 16 de 2012,1D102352,vital_unavailable,2026-09-23T20:51:23.579569,R06AA02,
CO,Colombia,INVIMA,DIFENHIDRAMINA,DIFENHIDRAMINA,10mg/1mL,,Solución inyectable,3.0.0.0.N10,Acta No. 10 de 2025 SEM Tercera parte,,vital_unavailable,2026-09-23T20:51:23.579585,R06AA02,
CO,Colombia,INVIMA,DIMERCAPROL,DIMERCAPROL,100mg/1ml,,Solución inyectable,20.0.0.0.N10,Acta No. 37 de 2004,1D102353,vital_unavailable,2026-09-23T20:51:23.579603,V03AB09,
CO,Colombia,INVIMA,DIMETILSULFÓXIDO,DIMETILSULFÓXIDO,50mL/1U,,Solución preservación de órganos,10.7.0.0.N30,Acta No. 55 de 2012,1D102354,vital_unavailable,2026-09-23T20:51:23.579620,M02AA03,
CO,Colombia,INVIMA,EDROFONIO CLORURO,EDROFONIO CLORURO,10mg/1mL,,Solución inyectable,1.2.0.0.N20,Acta No. 06 de 2006,1C102348,vital_unavailable,2026-09-23T20:51:23.579638,N07AA01,53694
CO,Colombia,INVIMA,EPINEFRINA,EPINEFRINA,"1,0mg/1mL",,"Solución inyectable
(Autoinyectable)",7.7.0.0.N10,Acta No. 22 de 2016,1E100568,vital_unavailable,2026-09-23T20:51:23.579656,C01CA24,145262
CO,Colombia,INVIMA,EPINEFRINA,EPINEFRINA,"0,5mg/1mL",,"Solución inyectable
(Autoinyectable)",7.7.0.0.N10,Acta No. 22 de 2016,1E102355,vital_unavailable,2026-09-23T20:51:23.579674,C01CA24,145289
CO,Colombia,INVIMA,EPINEFRINA,EPINEFRINA,1mg/1mL,,Solución inyectable,"16.2.0.0.N10, 7.4.0.0.N10 y 7.7.0.0.N10",Acta No. 13  de 2018 SEM,1E100568,vital_unavailable,2026-09-23T20:51:23.579691,C01CA24,145424
CO,Colombia,INVIMA,EPINEFRINA,EPINEFRINA,1.10mg/1mL,,Solución inyectable,"16.2.0.0.N10, 7.4.0.0.N10 y 7.7.0.0.N10",Acta No. 13  de 2018 SEM,1E102621,vital_unavailable,2026-09-23T20:51:23.579708,C01CA24,
CO,Colombia,INVIMA,EPINEFRINA,EPINEFRINA,0.55mg/1mL,,Solución inyectable,"16.2.0.0.N10, 7.4.0.0.N10 y 7.7.0.0.N10",Acta No. 13  de 2018 SEM,1E102622,vital_unavailable,2026-09-23T20:51:23.579726,C01CA24,
CO,Colombia,INVIMA,ERGOMETRINA (ERGONOVINA),ERGOMETRINA (ERGONOVINA),0.2 mg/1 mL Ampolla x 1 mL,,Solución inyectable,12.1.0.0.N10,Acta No. 11 de 2025 SEM Segunda parte,,vital_unavailable,2026-09-23T20:51:23.579742,G02AB03,
CO,Colombia,INVIMA,ETOMIDATO,ETOMIDATO,2mg/mL,,Solución inyectable,19.17.1.0.N10,Acta No. 01 de 2024 SEM Décima parte,,vital_unavailable,2026-09-23T20:51:23.579759,N01AX07,45373
CO,Colombia,INVIMA,ETOMIDATO,ETOMIDATO,20mg / Ampolla (10 mL),,Emulsión inyectable,19.17.1.0.N10,Acta No. 01 de 2024 SEM Décima parte,,vital_unavailable,2026-09-23T20:51:23.579776,N01AX07,45373
CO,Colombia,INVIMA,ETOSUXIMIDA,ETOSUXIMIDA,250mg/1U,,Cápsula,19.9.0.0.N10,Acta No. 16 de 2012,1E100160,vital_unavailable,2026-09-23T20:51:23.579794,N03AD01,655
CO,Colombia,INVIMA,ETOSUXIMIDA,ETOSUXIMIDA,50mg/mL,,Jarabe,19.9.0.0.N10,Acta No. 02 de 2021,1E103240,vital_unavailable,2026-09-23T20:51:23.579811,N03AD01,
CO,Colombia,INVIMA,EXTRACTOS ALERGÉNICOS (Alérgenos),EXTRACTOS ALERGÉNICOS (Alérgenos),,,,18.5.0.0.N20,Acta No. 12 de 2009,,vital_unavailable,2026-09-23T20:51:23.579830,,
CO,Colombia,INVIMA,FACTOR DE CRECIMIENTO EPIDÉRMICO HUMANO RECOMBINANTE + SULFADIAZINA DE PLATA,FACTOR DE CRECIMIENTO EPIDÉRMICO HUMANO RECOMBINANTE + SULFADIAZINA DE PLATA,1mg/1U + 1g/1U,,Crema,13.1.17.0.N10,Acta No. 16 de 2012,2F101989,vital_unavailable,2026-09-23T20:51:23.579848,,
CO,Colombia,INVIMA,FACTOR XIII,FACTOR XIII,250UI/1U,,Polvo liofilizado para reconstituir a solución inyectable,17.5.0.0.N10,Acta No. 29 de 2010,1F102356,vital_unavailable,2026-09-23T20:51:23.579865,B02BD07,119059
CO,Colombia,INVIMA,(FAMPRIDINA) 4-AMINOPIRIDINA,(FAMPRIDINA) 4-AMINOPIRIDINA,10mg,,Tableta de liberación prolongada,19.18.0.0.N100,Acta No.12 de 2025 SEMPB Cuarta parte,,vital_unavailable,2026-09-23T20:51:23.579882,A12BA01,
CO,Colombia,INVIMA,FELBAMATO,FELBAMATO,400mg/1U,,Tableta,19.9.0.0.N10,Acta No. 25 de 2005,1F102357,vital_unavailable,2026-09-23T20:51:23.579899,N03AX10,
CO,Colombia,INVIMA,FELBAMATO,FELBAMATO,600mg/1U,,Tableta,19.9.0.0.N10,Acta No. 25 de 2005,1F100169,vital_unavailable,2026-09-23T20:51:23.579917,N03AX10,44172
CO,Colombia,INVIMA,FENELZINA SULFATO,FENELZINA SULFATO,15mg/1U,,Tableta,19.10.0.0.N10,Acta No. 07 de 2010,1F100159,vital_unavailable,2026-09-23T20:51:23.579935,N06AF03,128732
CO,Colombia,INVIMA,FENILACETATO,FENILACETATO,100mg/1mL,,Solución inyectable,21.4.1.0.N30,Acta No. 25 de 2006,1F102409,vital_unavailable,2026-09-23T20:51:23.579953,,
CO,Colombia,INVIMA,FENILBUTIRATO,FENILBUTIRATO,500mg/1U,,Comprimido,21.4.1.0.N30,Acta No. 25 de 2006,,vital_unavailable,2026-09-23T20:51:23.579970,A16AX03,101184
CO,Colombia,INVIMA,FENILBUTIRATO,FENILBUTIRATO,"0,94mg/1mg",,Granulos,21.4.1.0.N30,Acta No. 25 de 2006,,vital_unavailable,2026-09-23T20:51:23.579987,A16AX03,
CO,Colombia,INVIMA,FENILBUTIRATO DE GLICEROL,FENILBUTIRATO DE GLICEROL,1100mg/1mL,,Solución oral,8.2.7.0.N50,Acta No. 04 de 2020 SEMNNIMB,,vital_unavailable,2026-09-23T20:51:23.580004,,
CO,Colombia,INVIMA,FENILBUTIRATO DE SODIO,FENILBUTIRATO DE SODIO,"0,483mg/1mg",,Granulos,8.2.7.0.N50,Acta No. 04 de 2020 SEMNNIMB,,vital_unavailable,2026-09-23T20:51:23.580020,N07XX01,
CO,Colombia,INVIMA,FENITOINA,FENITOINA,25mg/ml,,Suspensión oral,19.9.0.0.N10,Acta No. 01 de 2024 SEM Séptima parte,,vital_unavailable,2026-09-23T20:51:23.580037,N03AB02,
CO,Colombia,INVIMA,FENITOINA SÓDICA,FENITOINA SÓDICA,100mg,,Tableta,19.9.0.0.N10,Acta No. 01 de 2024 SEM Octava parte,,vital_unavailable,2026-09-23T20:51:23.580053,N03AB02,27936
CO,Colombia,INVIMA,FENITOINA SÓDICA,FENITOINA SÓDICA,100mg,,Cápsula dura,19.9.0.0.N10,Acta No. 01 de 2024 SEM Octava parte,,vital_unavailable,2026-09-23T20:51:23.580070,N03AB02,27936
CO,Colombia,INVIMA,FENTOLAMINA MESILATO PW,FENTOLAMINA MESILATO PW,40mg/1U,,Tableta,1.2.0.0.N20,Acta No. 37 de 2004,1F102359,vital_unavailable,2026-09-23T20:51:23.580088,C02AB01,
CO,Colombia,INVIMA,FENTOLAMINA MESILATO PW,FENTOLAMINA MESILATO PW,0.5mg/1U,,Tableta,1.2.0.0.N20,Acta No. 37 de 2004,1F102358,vital_unavailable,2026-09-23T20:51:23.580105,C02AB01,
CO,Colombia,INVIMA,FIBRINÓGENO HUMANO,FIBRINÓGENO HUMANO,1.5g/100mL,,Polvo para reconstituir a solución inyectable,17.5.0.0.N10,Acta No. 02 de 2019 SEM,1F100264,vital_unavailable,2026-09-23T20:51:23.580123,,
CO,Colombia,INVIMA,FISOSTIGMINA,FISOSTIGMINA,"0,4mg/1 mL",,Solución inyectable,20.0.0.0.N10,Acta No. 37 de 2004,1F102360,vital_unavailable,2026-09-23T20:51:23.580140,N07AA02,138037
CO,Colombia,INVIMA,FLUMAZENILO,FLUMAZENILO,"0,5 mg / Ampolla (5mL)",,Solución inyectable,20.0.0.0.N10,Acta No. 10 de 2025 SEM Tercera parte,,vital_unavailable,2026-09-23T20:51:23.580157,V03AB25,25941
CO,Colombia,INVIMA,FLUOROURACILO,FLUOROURACILO,25mg/1mL,,Solución inyectable,6.0.0.0.N10,Acta No. 33 de 2018 SEM,1F101721,vital_unavailable,2026-09-23T20:51:23.580175,L01BC02,
CO,Colombia,INVIMA,FABOTERÁPICO POLIVALENTE ANTIOFÍDICO MODIFICADO POR DIGESTIÓN ENZIMÁTICA Y LIBRE DE ALBÚMINA CON UNA CAPACIDAD NEUTRALIZANTE DE 780 DL50 DE VENENO DESHIDRATADO DE BOTHROPS SP + FABOTERÁPICO POLIVALENTE ANTIOFÍDICO MODIFICADO POR DIGESTIÓN ENZIMÁTICA Y LIBRE DE ALBÚMINA CON UNA CAPACIDAD NEUTRALIZANTE DE 220 DL50 DE VENENO DESHIDRATADO DE CROTALUS SP + FABOTERÁPICO POLIVALENTE ANTIOFÍDICO MODIFICADO POR DIGESTIÓN ENZIMÁTICA Y LIBRE DE ALBÚMINA CON UNA CAPACIDAD NEUTRALIZANTE DE 200 DL50 DE VENENO DESHIDRATADO DE LACHESIS SP,FABOTERÁPICO POLIVALENTE ANTIOFÍDICO MODIFICADO POR DIGESTIÓN ENZIMÁTICA Y LIBRE DE ALBÚMINA CON UNA CAPACIDAD NEUTRALIZANTE DE 780 DL50 DE VENENO DESHIDRATADO DE BOTHROPS SP + FABOTERÁPICO POLIVALENTE ANTIOFÍDICO MODIFICADO POR DIGESTIÓN ENZIMÁTICA Y LIBRE DE ALBÚMINA CON UNA CAPACIDAD NEUTRALIZANTE DE 220 DL50 DE VENENO DESHIDRATADO DE CROTALUS SP + FABOTERÁPICO POLIVALENTE ANTIOFÍDICO MODIFICADO POR DIGESTIÓN ENZIMÁTICA Y LIBRE DE ALBÚMINA CON UNA CAPACIDAD NEUTRALIZANTE DE 200 DL50 DE VENENO DESHIDRATADO DE LACHESIS SP,(30 mg + 15 mg + 15 mg)/10mL,,Polvo liofilizado para reconstituir a solución inyectable,18.1.2.0.N10,Acta No. 04 de 2025 SEM Segunda parte,,vital_unavailable,2026-09-23T20:51:23.580193,,
CO,Colombia,INVIMA,FÓSFORO P-32,FÓSFORO P-32,3 mCi - 15 mCi,,Solución inyectable,14.0.0.0.N10,Acta No. 32 de 2007,,vital_unavailable,2026-09-23T20:51:23.580210,V10XX01,
CO,Colombia,INVIMA,GALACTOSIDASA BETA,GALACTOSIDASA BETA,35mg/7 mL,,Polvo para reconstituir,8.2.7.0.N150,Acta No. 37 de 2004,1G102364,vital_unavailable,2026-09-23T20:51:23.580228,,
CO,Colombia,INVIMA,GLOBULINAS NEUTRALIZANTES DE LOS GÉNEROS Bothrops + Botriechis y Porthidium,GLOBULINAS NEUTRALIZANTES DE LOS GÉNEROS Bothrops + Botriechis y Porthidium,700 mg / 100 mL,,Solución inyectable,18.1.2.0.N10,Acta No. 04 de 2025 SEM Segunda parte,,vital_unavailable,2026-09-23T20:51:23.580245,,
CO,Colombia,INVIMA,GLUCONATO DE CALCIO AL 10%,GLUCONATO DE CALCIO AL 10%,600mg,,Solución inyectable,20.0.0.0.N10,Acta No. 21 de 2021 SEM,,vital_unavailable,2026-09-23T20:51:23.580261,A12AA03,
CO,Colombia,INVIMA,GLUCONATO DE CALCIO AL 10%,GLUCONATO DE CALCIO AL 10%,520mg,,Solución inyectable,20.0.0.0.N10,Acta No. 21 de 2021 SEM,,vital_unavailable,2026-09-23T20:51:23.580278,A12AA03,
CO,Colombia,INVIMA,GLUCONATO DE CALCIO AL 10%,GLUCONATO DE CALCIO AL 10%,940mg,,Solución inyectable,20.0.0.0.N10,Acta No. 21 de 2021 SEM,,vital_unavailable,2026-09-23T20:51:23.580295,A12AA03,
CO,Colombia,INVIMA,GLUCONATO DE CALCIO AL 10%,GLUCONATO DE CALCIO AL 10%,"0,95g",,Solución inyectable,20.0.0.0.N10,Acta No. 21 de 2021 SEM,,vital_unavailable,2026-09-23T20:51:23.580312,A12AA03,
CO,Colombia,INVIMA,GLUCONATO DE CALCIO AL 10%,GLUCONATO DE CALCIO AL 10%,"0,94g",,Solución inyectable,20.0.0.0.N10,Acta No. 21 de 2021 SEM,,vital_unavailable,2026-09-23T20:51:23.580331,A12AA03,
CO,Colombia,INVIMA,GLUCONATO DE POTASIO (glucona delta lactona + hidróxido de potasio),GLUCONATO DE POTASIO (glucona delta lactona + hidróxido de potasio),"31,2g",,Solución oral,10.3.0.0.N10,Acta No. 21 de 2021 SEM,,vital_unavailable,2026-09-23T20:51:23.580351,,
CO,Colombia,INVIMA,GONADORELINA ACETATO,GONADORELINA ACETATO,100µg/1mL,,Solución inyectable,9.1.6.0.N10,Acta No. 48 de 2009,1G101952,vital_unavailable,2026-09-23T20:51:23.580369,H01CA01,51055
CO,Colombia,INVIMA,GONADOTROFINA CORIONICA HUMANA,GONADOTROFINA CORIONICA HUMANA,10000 UI/Ampolla,,Polvo liofilizado para reconstituir a solución inyectable,9.1.8.0.N10,Acta No.12 de 2025 SEMPB Cuarta parte,,vital_unavailable,2026-09-23T20:51:23.580385,G03GA01,6963
CO,Colombia,INVIMA,GONADOTROFINA CORIONICA HUMANA,GONADOTROFINA CORIONICA HUMANA,5000 UI/Ampolla,,Polvo liofilizado para reconstituir a solución inyectable,9.1.8.0.N10,Acta No.12 de 2025 SEMPB Cuarta parte,,vital_unavailable,2026-09-23T20:51:23.580403,G03GA01,6963
CO,Colombia,INVIMA,HEMINA HUMANA,HEMINA HUMANA,25mg/1mL,,Solución inyectable,17.5.0.0.N10,Acta No. 02 de 2017 SEM Segunda Parte,1H102008,vital_unavailable,2026-09-23T20:51:23.580420,,
CO,Colombia,INVIMA,HEPATITIS B –VIRUS INACTIVADO- ANTÍGENO DE SUPERFICIE DEL VIRUS DE LA HEPATITIS B (HBsAg),HEPATITIS B –VIRUS INACTIVADO- ANTÍGENO DE SUPERFICIE DEL VIRUS DE LA HEPATITIS B (HBsAg),3µg / mL,,Suspensión Inyectable,18.1.1.0.N10,Acta No. 14 de 2021 SEM,,vital_unavailable,2026-09-23T20:51:23.580437,J07BC01,
CO,Colombia,INVIMA,HEPATITIS B –VIRUS INACTIVADO- ANTÍGENO DE SUPERFICIE DEL VIRUS DE LA HEPATITIS B (HBsAg),HEPATITIS B –VIRUS INACTIVADO- ANTÍGENO DE SUPERFICIE DEL VIRUS DE LA HEPATITIS B (HBsAg),"10µg /dosis (0,5 mL)",,Suspensión Inyectable,18.1.1.0.N10,Acta No. 14 de 2021 SEM,,vital_unavailable,2026-09-23T20:51:23.580454,J07BC01,58327
CO,Colombia,INVIMA,HEPATITIS B –VIRUS INACTIVADO- ANTÍGENO DE SUPERFICIE DEL VIRUS DE LA HEPATITIS B (HBsAg),HEPATITIS B –VIRUS INACTIVADO- ANTÍGENO DE SUPERFICIE DEL VIRUS DE LA HEPATITIS B (HBsAg),40µg / dosis (1 mL),,Suspensión Inyectable,18.1.1.0.N10,Acta No. 14 de 2021 SEM,,vital_unavailable,2026-09-23T20:51:23.580473,J07BC01,83852
CO,Colombia,INVIMA,HIALURONIDASA,HIALURONIDASA,150 UI / Vial (1 mL),,Polvo liofilizado para reconstituir a solución inyectable,11.3.8.0.N10,Acta No. 04 de 2025 SEM Segunda parte,,vital_unavailable,2026-09-23T20:51:23.580490,B06AA03,105481
CO,Colombia,INVIMA,HIDRALAZINA,HIDRALAZINA,20mg/1mL,,Solución inyectable,7.3.0.0.N10,Acta No. 40 de 2013,1H100029,vital_unavailable,2026-09-23T20:51:23.580510,C02DB02,
CO,Colombia,INVIMA,HIDROXICARBAMIDA (HIDROXIUREA),HIDROXICARBAMIDA (HIDROXIUREA),500mg,,Cápsula,17.9.0.0.N50,Acta No. 01 de 2024 SEM Novena parte,,vital_unavailable,2026-09-23T20:51:23.580527,L01XX05,2690
CO,Colombia,INVIMA,HIDROXICLOROQUINA,HIDROXICLOROQUINA,200mg/1U,,Tableta,5.2.0.0.N10,Acta No. 04 de 2020 SEM,1H101424,vital_unavailable,2026-09-23T20:51:23.580545,P01BA02,51
CO,Colombia,INVIMA,HIDROXICLOROQUINA,HIDROXICLOROQUINA,400mg/1U,,Tableta,5.2.0.0.N10,Acta No. 04 de 2020 SEM,,vital_unavailable,2026-09-23T20:51:23.580561,P01BA02,51
CO,Colombia,INVIMA,HORMONA LIBERADORA DE CORTICOTROPINA (CRH),HORMONA LIBERADORA DE CORTICOTROPINA (CRH),100µg/1mL,,Polvo liofilizado para reconstituir,1.2.0.0.N20,Acta No. 02 de 2010,1C102400,vital_unavailable,2026-09-23T20:51:23.580578,,
CO,Colombia,INVIMA,HORMONA LIBERADORA DE GONADOTROPINAS HIPOFISIARIAS HUMANAS LHRH,HORMONA LIBERADORA DE GONADOTROPINAS HIPOFISIARIAS HUMANAS LHRH,100μg/1mL,,Polvo liofilizado para reconstituir,9.1.6.0.N10,Acta No. 16 de 2012,1G102401,vital_unavailable,2026-09-23T20:51:23.580596,,
CO,Colombia,INVIMA,HORMONA PARATIROIDEA (ADNr),HORMONA PARATIROIDEA (ADNr),25µg/1U,,Polvo liofilizado para reconstituir a solución inyectable,8.2.6.0.N10,Acta No. 01 de 2018 SEMNNIMB Segunda Parte,1H102510,vital_unavailable,2026-09-23T20:51:23.580613,H05AA02,
CO,Colombia,INVIMA,HORMONA PARATIROIDEA (ADNr),HORMONA PARATIROIDEA (ADNr),50µg/1U,,Polvo liofilizado para reconstituir a solución inyectable,8.2.6.0.N10,Acta No. 01 de 2018 SEMNNIMB Segunda Parte,1H100714,vital_unavailable,2026-09-23T20:51:23.580631,H05AA02,
CO,Colombia,INVIMA,HORMONA PARATIROIDEA (ADNr),HORMONA PARATIROIDEA (ADNr),75µg/1U,,Polvo liofilizado para reconstituir a solución inyectable,8.2.6.0.N10,Acta No. 01 de 2018 SEMNNIMB Segunda Parte,1H102315,vital_unavailable,2026-09-23T20:51:23.580648,H05AA02,
CO,Colombia,INVIMA,HORMONA PARATIROIDEA (ADNr),HORMONA PARATIROIDEA (ADNr),100µg/1U,,Polvo liofilizado para reconstituir a solución inyectable,8.2.6.0.N10,Acta No. 01 de 2018 SEMNNIMB Segunda Parte,1H102511,vital_unavailable,2026-09-23T20:51:23.580666,H05AA02,
CO,Colombia,INVIMA,IFOSFAMIDA,IFOSFAMIDA,1g/vial,,Polvo esteril para reconstituir a solución inyectable,6.0.0.0.N10,Acta No. 07 de 2026 SEMPB Primera parte,,vital_unavailable,2026-09-23T20:51:23.580683,L01AA06,14818
CO,Colombia,INVIMA,IFOSFAMIDA,IFOSFAMIDA,2g/vial,,Polvo esteril para reconstituir a solución inyectable,6.0.0.0.N10,Acta No. 07 de 2026 SEMPB Primera parte,,vital_unavailable,2026-09-23T20:51:23.580699,L01AA06,14826
CO,Colombia,INVIMA,INHIBIDOR C1 ESTERASA,INHIBIDOR C1 ESTERASA,500UI/1U,,Polvo liofilizado para reconstituir a solución inyectable,7.9.0.0.N100,Acta No. 05 de 2020 SEM,1I100012,vital_unavailable,2026-09-23T20:51:23.580716,B06AC01,212725
CO,Colombia,INVIMA,"INMUNOGLOBULINAS ESPECÍFICAS NEUTRALIZANTES DEL VENENO DE LAS ESPECIES MICRURUS DUMERILII, MICRURUS MIPARTITUS, MICRURUS ISOZONUS Y MICRURUS SURINAMENSIS.","INMUNOGLOBULINAS ESPECÍFICAS NEUTRALIZANTES DEL VENENO DE LAS ESPECIES MICRURUS DUMERILII, MICRURUS MIPARTITUS, MICRURUS ISOZONUS Y MICRURUS SURINAMENSIS.",2mg / 10 mL,,Solución inyectable,18.1.2.0.N10,Acta No. 04 de 2022 SEM,,vital_unavailable,2026-09-23T20:51:23.580733,,
CO,Colombia,INVIMA,INMUNOGLOBULINAS ESPECIFICAS NEUTRALIZANTES DEL VENENO DE SERPIENTES DE LOS GENEROS CROTALUS Y BOTHROPS,INMUNOGLOBULINAS ESPECIFICAS NEUTRALIZANTES DEL VENENO DE SERPIENTES DE LOS GENEROS CROTALUS Y BOTHROPS,(10 mg + 70 mg)/ 10 mL,,Solución inyectable,18.1.2.0.N10,Acta No. 04 de 2025 SEM Segunda parte,,vital_unavailable,2026-09-23T20:51:23.580750,,
CO,Colombia,INVIMA,INMUNOGLOBULINAS DE ORIGEN EQUINO (IGG) CAPACES DE NEUTRALIZAR COMO MÍNIMO: VENENO DE Bothrops atrox+ VENENO DE Bothrops asper + VENENO DE Lachesis muta + VENENO DE Crotalus durissus,INMUNOGLOBULINAS DE ORIGEN EQUINO (IGG) CAPACES DE NEUTRALIZAR COMO MÍNIMO: VENENO DE Bothrops atrox+ VENENO DE Bothrops asper + VENENO DE Lachesis muta + VENENO DE Crotalus durissus,25mg + 25mg + 10mg + 10mg / Vial,,Polvo liofilizado para reconstituir a solución inyectable,18.1.2.0.N10,Acta No. 04 de 2023 SEM Segunda parte  / Acta No. 04 de 2025 SEM Segunda parte,,vital_unavailable,2026-09-23T20:51:23.580767,,
CO,Colombia,INVIMA,INMUNOGLOBULINAS DE ORIGEN EQUINO (IGG) CAPACES DE NEUTRALIZAR COMO MÍNIMO: VENENO DE Bothrops atrox+ VENENO DE Bothrops asper + VENENO DE Lachesis muta + VENENO DE Crotalus durissus,INMUNOGLOBULINAS DE ORIGEN EQUINO (IGG) CAPACES DE NEUTRALIZAR COMO MÍNIMO: VENENO DE Bothrops atrox+ VENENO DE Bothrops asper + VENENO DE Lachesis muta + VENENO DE Crotalus durissus,25 mg + 25 mg + 5 mg + 10 mg / Vial,,Polvo liofilizado para reconstituir a solución inyectable,18.1.2.0.N10,Acta No. 04 de 2025 SEM Segunda parte,,vital_unavailable,2026-09-23T20:51:23.580784,,
CO,Colombia,INVIMA,INMUNOGLOBULINA HUMANA ANTIVARICELA ZOSTER,INMUNOGLOBULINA HUMANA ANTIVARICELA ZOSTER,25UI/1mL,,Solución inyectable,18.2.0.0.N10,Acta No. 07 de 2014,1I100100,vital_unavailable,2026-09-23T20:51:23.580801,,
CO,Colombia,INVIMA,INMUNOGLOBULINA HUMANA NORMAL,INMUNOGLOBULINA HUMANA NORMAL,750 mg/Vial,,Solución inyectable,18.2.0.0.N10,Acta No. 06 de 2020 SEM / Acta 02 de 2026 Tercera parte SEMPB,,vital_unavailable,2026-09-23T20:51:23.580818,J06BA01,
CO,Colombia,INVIMA,INMUNOGLOBULINA HUMANA NORMAL (INMUNOGLOBULINA G (IGG) >98%),INMUNOGLOBULINA HUMANA NORMAL (INMUNOGLOBULINA G (IGG) >98%),20g/200mL (Vial),,Solución inyectable,18.2.0.0.N10,Acta No. 06 de 2020 SEM / Acta 02 de 2026 Tercera parte SEMPB,,vital_unavailable,2026-09-23T20:51:23.580834,J06BA01,
CO,Colombia,INVIMA,INOTERSEN SODICO**,INOTERSEN SODICO**,200mg/mL,,Solución inyectable,8.2.7.0.N260,Acta No. 07 de 2022 SEM,,vital_unavailable,2026-09-23T20:51:23.580851,N07XX15,
CO,Colombia,INVIMA,INSULINA HUMANA ISÓFANA,INSULINA HUMANA ISÓFANA,100UI/1mL,,Suspensión inyectable,8.2.3.0.N10,Acta No. 01 de 2024 SEM Novena parte,,vital_unavailable,2026-09-23T20:51:23.580867,A10AC01,29998
CO,Colombia,INVIMA,INSULINA HUMANA SOLUBLE NEUTRA (REGULAR),INSULINA HUMANA SOLUBLE NEUTRA (REGULAR),100 UI/1mL,,Solución inyectable,8.2.3.0.N10,Acta No. 01 de 2024 SEM Novena parte,,vital_unavailable,2026-09-23T20:51:23.580884,A10AB01,97314
CO,Colombia,INVIMA,INTERFERÓN α-2B,INTERFERÓN α-2B,5MUI/1 mL,,Polvo liofilizado para reconstituir a solución inyectable,"6.0.0.0.N10 
4.1.3.0.N10",Acta No. 02 de 2019 SEMNNIMB,1I102757,vital_unavailable,2026-09-23T20:51:23.580902,L03AB05,118672
CO,Colombia,INVIMA,INTERFERÓN α-2B,INTERFERÓN α-2B,18MUI/1mL,,Polvo liofilizado para reconstituir a solución inyectable,"6.0.0.0.N10 
4.1.3.0.N10",Acta No. 02 de 2019 SEMNNIMB,1I102758,vital_unavailable,2026-09-23T20:51:23.580920,L03AB05,118672
CO,Colombia,INVIMA,INTERFERÓN α-2B,INTERFERÓN α-2B,25MUI/1mL,,Polvo liofilizado para reconstituir a solución inyectable,"6.0.0.0.N10 
4.1.3.0.N10",Acta No. 02 de 2019 SEMNNIMB,1I102759,vital_unavailable,2026-09-23T20:51:23.580938,L03AB05,118672
CO,Colombia,INVIMA,INTERFERÓN α-2B,INTERFERÓN α-2B,6MUI/1mL,,Solución inyectable,"6.0.0.0.N10 
4.1.3.0.N10",Acta No. 02 de 2019 SEMNNIMB,1I102760,vital_unavailable,2026-09-23T20:51:23.580956,L03AB05,118672
CO,Colombia,INVIMA,INTERFERÓN α-2B,INTERFERÓN α-2B,10MUI/1mL,,Solución inyectable,"6.0.0.0.N10 
4.1.3.0.N10",Acta No. 02 de 2019 SEMNNIMB,1I102761,vital_unavailable,2026-09-23T20:51:23.580973,L03AB05,118672
CO,Colombia,INVIMA,INTERFERÓN α-2B,INTERFERÓN α-2B,15MUI/1mL,,Solución inyectable,"6.0.0.0.N10 
4.1.3.0.N10",Acta No. 02 de 2019 SEMNNIMB,1I102762,vital_unavailable,2026-09-23T20:51:23.580991,L03AB05,118672
CO,Colombia,INVIMA,INTERFERÓN α-2B,INTERFERÓN α-2B,30MUI/1mL,,Solución inyectable,"6.0.0.0.N10 
4.1.3.0.N10",Acta No. 02 de 2019 SEMNNIMB,1I102763,vital_unavailable,2026-09-23T20:51:23.581008,L03AB05,118672
CO,Colombia,INVIMA,INTERFERÓN α-2B,INTERFERÓN α-2B,60MUI/1mL,,Solución inyectable,"6.0.0.0.N10 
4.1.3.0.N10",Acta No. 02 de 2019 SEMNNIMB,1I102764,vital_unavailable,2026-09-23T20:51:23.581026,L03AB05,118672
CO,Colombia,INVIMA,INTERFERÓN HUMANO RECOMBINANTE GAMMA-1-b,INTERFERÓN HUMANO RECOMBINANTE GAMMA-1-b,"0,1mg / Vial (0,5 mL) (2.000.000 UI).",,Solución inyectable,18.5.0.0.N40,Acta No. 4 de 2023 SEM Quinta Parte,,vital_unavailable,2026-09-23T20:51:23.581042,L03AB03,37362
CO,Colombia,INVIMA,ISONIAZIDA,ISONIAZIDA,100mg/5 mL,,Jarabe,4.1.1.4.N10,Acta No. 04 de 2023 SEM Octava parte,,vital_unavailable,2026-09-23T20:51:23.581059,J04AC01,
CO,Colombia,INVIMA,ISONIAZIDA,ISONIAZIDA,500mg,,Polvo para solución para perfusión,4.1.1.4.N10,Acta No. 06 de 2025 SEM Primera parte,,vital_unavailable,2026-09-23T20:51:23.581075,J04AC01,
CO,Colombia,INVIMA,ISOPROTERENOL CLORHIODRATO,ISOPROTERENOL CLORHIODRATO,"0,2mg/1mL",,Solución inyectable,7.4.0.0.N10,Acta No. 06 de 2018 SEM,1I100713,vital_unavailable,2026-09-23T20:51:23.581093,C01CA07,
CO,Colombia,INVIMA,LAMIVUDINA + NEVIRAPINA + ZIDOVUDINA,LAMIVUDINA + NEVIRAPINA + ZIDOVUDINA,150mg + 200 mg + 300 mg,,Tableta dispersable,4.1.3.0.N30,Acta No. 04 de 2023 SEM Tercera parte,,vital_unavailable,2026-09-23T20:51:23.581109,,
CO,Colombia,INVIMA,LARONIDASA,LARONIDASA,100 U/1mL,,Solución inyectable,8.2.7.0.N80,Acta No. 16 de 2012,,vital_unavailable,2026-09-23T20:51:23.581126,A16AB05,75175
CO,Colombia,INVIMA,L- ASPARAGINASA (AISLADA DE E COLI),L- ASPARAGINASA (AISLADA DE E COLI),10.000UI / Vial,,Polvo liofilizado para reconstituir a solución inyectable,6.0.0.0.N10,Acta No. 08 de 2021,,vital_unavailable,2026-09-23T20:51:23.581142,L01XX02,137561
CO,Colombia,INVIMA,L-BUPIVACAINA CLORHIDRATO ANHIDRA + EPINEFRINA BITARTRATO,L-BUPIVACAINA CLORHIDRATO ANHIDRA + EPINEFRINA BITARTRATO,"7,5mg + 5μg/1 mL",,Solución inyectable,19.6.0.0.N20,Acta No. 02 de 2018 SEM Segunda Parte,2B102507,vital_unavailable,2026-09-23T20:51:23.581159,,
CO,Colombia,INVIMA,L-CARNITINA,L-CARNITINA,330mg/1U,,Tableta,8.2.7.0.N10,"Acta No. 23 de 2010
Acta No. 11 de  2013",1C102369,vital_unavailable,2026-09-23T20:51:23.581176,A16AA01,24716
CO,Colombia,INVIMA,L-CARNITINA,L-CARNITINA,500mg/1U,,Tableta,8.2.7.0.N10,"Acta No. 23 de 2010
Acta No. 11  de  2013",1C102370,vital_unavailable,2026-09-23T20:51:23.581194,A16AA01,
CO,Colombia,INVIMA,L-CARNITINA,L-CARNITINA,1g/1U,,Tableta,8.2.7.0.N10,"Acta No. 23 de 2010
Acta No. 11  de  2013",1C102368,vital_unavailable,2026-09-23T20:51:23.581211,A16AA01,
CO,Colombia,INVIMA,LIDOCAINA CLORHIDRATO,LIDOCAINA CLORHIDRATO,20mg/1mL,,Solución inyectable,19.6.0.0.N20,Acta No. 02 de 2018 SEM tercera Parte,1L101803,vital_unavailable,2026-09-23T20:51:23.581228,N01BB02,30570
CO,Colombia,INVIMA,LIDOCAINA CLORHIDRATO,LIDOCAINA CLORHIDRATO,20mg/1mL,,Solución inyectable para infusión,19.6.0.0.N20,Acta No. 02 de 2018 SEM primera Parte,1L101803,vital_unavailable,2026-09-23T20:51:23.581245,N01BB02,207365
CO,Colombia,INVIMA,LIDOCAINA CLORHIDRATO,LIDOCAINA CLORHIDRATO,10mg/mL (1%),,Solución inyectable,19.6.0.0.N20,Acta No. 02 de 2018 SEM primera Parte,1L100565,vital_unavailable,2026-09-23T20:51:23.581263,N01BB02,29939
CO,Colombia,INVIMA,LIDOCAINA CLORHIDRATO,LIDOCAINA CLORHIDRATO,"4mg/1mL (0,4%)",,Solución inyectable,19.6.0.0.N20,Acta No. 02 de 2018 SEM Segunda Parte,1L102520,vital_unavailable,2026-09-23T20:51:23.581281,N01BB02,
CO,Colombia,INVIMA,LIDOCAINA CLORHIDRATO,LIDOCAINA CLORHIDRATO,50mg/1mL (5%),,Solución inyectable,19.6.0.0.N20,Acta No. 02 de 2018 SEM Segunda Parte,1L102521,vital_unavailable,2026-09-23T20:51:23.581298,N01BB02,228842
CO,Colombia,INVIMA,LIDOCAINA CLORHIDRATO + ADRENALINA,LIDOCAINA CLORHIDRATO + ADRENALINA,"36mg + 0,18 mg/ 1mL",,Solución inyectable,19.6.0.0.N20,Acta No. 02 de 2018 SEM Segunda Parte,2E102523,vital_unavailable,2026-09-23T20:51:23.581316,,
CO,Colombia,INVIMA,LIDOCAINA CLORHIDRATO + DEXTROSA SOLUCIÓN INYECTABLE,LIDOCAINA CLORHIDRATO + DEXTROSA SOLUCIÓN INYECTABLE,"5% + 7,5% /1mL",,Solución inyectable,19.6.0.0.N20,Acta No. 02 de 2018 SEM Segunda Parte,2D102524,vital_unavailable,2026-09-23T20:51:23.581337,,
CO,Colombia,INVIMA,LIDOCAÍNA AL 1% CON EPINEFRINA SIN PRESERVATIVOS,LIDOCAÍNA AL 1% CON EPINEFRINA SIN PRESERVATIVOS,10mg + 5μg/1mL,,Solución inyectable,19.6.0.0.N20,Acta No. 23 de 2015,2E102406,vital_unavailable,2026-09-23T20:51:23.581356,N01BB52,145823
CO,Colombia,INVIMA,LIDOCAINA CLORHIDRATO + EPINEFRINA,LIDOCAINA CLORHIDRATO + EPINEFRINA,10mg + 5µg /mL,,Solución inyectable,19.6.0.0.N20,Acta No. 4 de 2023 SEM Quinta Parte,,vital_unavailable,2026-09-23T20:51:23.581374,,
CO,Colombia,INVIMA,LIDOCAINA CLORHIDRATO + EPINEFRINA,LIDOCAINA CLORHIDRATO + EPINEFRINA,100mg + 50µg / Ampolla (10 mL),,Solución inyectable,19.6.0.0.N20,Acta No. 4 de 2023 SEM Quinta Parte,,vital_unavailable,2026-09-23T20:51:23.581391,,
CO,Colombia,INVIMA,LIDOCAINA CLORHIDRATO + EPINEFRINA,LIDOCAINA CLORHIDRATO + EPINEFRINA,20mg + 5 µg /mL,,Solución inyectable,19.6.0.0.N20,Acta No. 4 de 2023 SEM Quinta Parte,,vital_unavailable,2026-09-23T20:51:23.581408,,
CO,Colombia,INVIMA,LIDOCAINA CLORHIDRATO + EPINEFRINA,LIDOCAINA CLORHIDRATO + EPINEFRINA,200mg + 50µg / Ampolla (10 mL),,Solución inyectable,19.6.0.0.N20,Acta No. 4 de 2023 SEM Quinta Parte,,vital_unavailable,2026-09-23T20:51:23.581426,,
CO,Colombia,INVIMA,LIDOCAINA CLORHIDRATO + EPINEFRINA BASE,LIDOCAINA CLORHIDRATO + EPINEFRINA BASE,"20mg + 0,0125mg /mL",,Solución inyectable,19.6.0.0.N20,Acta No. 4 de 2023 SEM Quinta Parte,,vital_unavailable,2026-09-23T20:51:23.581442,,
CO,Colombia,INVIMA,LIDOCAINA CLORHIDRATO + EPINEFRINA BASE,LIDOCAINA CLORHIDRATO + EPINEFRINA BASE,"20mg + 0,02mg /mL",,Solución inyectable,19.6.0.0.N20,Acta No. 4 de 2023 SEM Quinta Parte,,vital_unavailable,2026-09-23T20:51:23.581459,,
CO,Colombia,INVIMA,LIDOCAINA CLORHIDRATO + EPINEFRINA BASE,LIDOCAINA CLORHIDRATO + EPINEFRINA BASE,"20mg + 0,01mg /mL",,Solución inyectable,19.6.0.0.N20,Acta No. 4 de 2023 SEM Quinta Parte,,vital_unavailable,2026-09-23T20:51:23.581477,,
CO,Colombia,INVIMA,MECASERMINA,MECASERMINA,10mg/ml,,Solución inyectable,9.2.3.0.N10,Acta No. 09 de 2022 SEM,,vital_unavailable,2026-09-23T20:51:23.581494,H01AC03,85464
CO,Colombia,INVIMA,MEDROXIPROGESTERONA ACETATO + CIPIONATO DE ESTRADIOL,MEDROXIPROGESTERONA ACETATO + CIPIONATO DE ESTRADIOL,50 mg +  10mg/1mL,,Suspensión inyectable,9.1.2.0.N10,Acta No. 21 de 2019 SEM,2E102829,vital_unavailable,2026-09-23T20:51:23.581512,,
CO,Colombia,INVIMA,MEGESTROL ACETATO,MEGESTROL ACETATO,40mg/1mL,,Suspensión Oral,6.0.0.0.N10 y 9.1.11.0.N10,Acta No. 22  de 2018 SEM,1M102620,vital_unavailable,2026-09-23T20:51:23.581530,G03AC05,
CO,Colombia,INVIMA,MELFALAN,MELFALAN,2mg/1ml,,Tableta,6.0.0.0.N10,Acta No. 52 de 2012,1M102372,vital_unavailable,2026-09-23T20:51:23.581547,L01AA03,65641
CO,Colombia,INVIMA,MELFALAN,MELFALAN,10mg/1 mL,,Solución inyectable,6.0.0.0.N10,Acta No. 52 de 2012,1M102527,vital_unavailable,2026-09-23T20:51:23.581565,L01AA03,
CO,Colombia,INVIMA,MEPIVACAINA CLORHIDRATO,MEPIVACAINA CLORHIDRATO,10mg/1mL (1%),,Solución inyectable,19.6.0.0.N20,Acta No. 02 de 2018 SEM Tercera parte,1M102529,vital_unavailable,2026-09-23T20:51:23.581583,N01BB03,29955
CO,Colombia,INVIMA,MEPIVACAINA CLORHIDRATO,MEPIVACAINA CLORHIDRATO,20mg/1 mL (2%),,Solución inyectable,19.6.0.0.N20,Acta No. 02 de 2018 SEM Tercera parte,1M102528,vital_unavailable,2026-09-23T20:51:23.581601,N01BB03,50814
CO,Colombia,INVIMA,MEPIVACAINA CLORHIDRATO,MEPIVACAINA CLORHIDRATO,30mg/1 mL (3%),,Solución inyectable,19.6.0.0.N20,Acta No. 02 de 2018 SEM Tercera parte,1M102418,vital_unavailable,2026-09-23T20:51:23.581619,N01BB03,204897
CO,Colombia,INVIMA,MERCAPTOPURINA,MERCAPTOPURINA,50mg/1U,,Tableta,6.0.0.0.N10,Acta No. 52 de 2012,1M102374,vital_unavailable,2026-09-23T20:51:23.581636,L01BB02,183
CO,Colombia,INVIMA,METADOXINA,METADOXINA,300 mg / Ampolla (5 mL),,Solución inyectable,8.2.7.0.N40,Acta No. 10 de 2025 SEM Tercera parte,,vital_unavailable,2026-09-23T20:51:23.581653,A05BA09,
CO,Colombia,INVIMA,METILERGOMETRINA,METILERGOMETRINA,0.2 mg/mL,,Solución inyectable,12.1.0.0.N10,Acta No. 08 de 2025 SEM Primera parte,,vital_unavailable,2026-09-23T20:51:23.581671,G02AB01,1791
CO,Colombia,INVIMA,METIRAPONA,METIRAPONA,250mg/1U,,Cápsula,"9.2.3.0.N10 
1.2.0.0.N20",Acta No. 12  de 2019 SEM,1M101846,vital_unavailable,2026-09-23T20:51:23.581688,V04CD01,1805
CO,Colombia,INVIMA,METOPROLOL TARTRATO,METOPROLOL TARTRATO,1mg/1 mL,,Solución inyectable,7.3.0.0.N10,Acta No. 03 de 2018 SEM,1M102533,vital_unavailable,2026-09-23T20:51:23.581706,C07AB02,204749
CO,Colombia,INVIMA,METRELEPTIN,METRELEPTIN,11.3mg/1U,,Polvo para reconstituir a solución inyectable,8.2.7.0.N240,Acta No. 13 de 2019 SEMNNIMB,1M100083,vital_unavailable,2026-09-23T20:51:23.581723,A16AA07,216690
CO,Colombia,INVIMA,MIDAZOLAM,MIDAZOLAM,15mg / Ml,,Solución inyectable,19.17.1.0.N10,Acta No. 01 de 2024 SEM Quinta parte,,vital_unavailable,2026-09-23T20:51:23.581740,N05CD08,
CO,Colombia,INVIMA,MIDAZOLAM,MIDAZOLAM,15mg / Ampolla (3 mL),,Solución inyectable,19.17.1.0.N10,Acta No. 01 de 2024 SEM Quinta parte,,vital_unavailable,2026-09-23T20:51:23.581757,N05CD08,93645
CO,Colombia,INVIMA,MIDAZOLAM,MIDAZOLAM,"7,5mg / mL",,Solución inyectable,19.17.1.0.N10,Acta No. 01 de 2024 SEM Quinta parte,,vital_unavailable,2026-09-23T20:51:23.581774,N05CD08,
CO,Colombia,INVIMA,MIDAZOLAM,MIDAZOLAM,5mg / Ampolla (1 mL),,Solución inyectable,19.17.1.0.N10,Acta No. 01 de 2024 SEM Quinta parte,,vital_unavailable,2026-09-23T20:51:23.581791,N05CD08,93637
CO,Colombia,INVIMA,MIDAZOLAM,MIDAZOLAM,1mg / mL (Vial),,Solución inyectable,19.17.1.0.N10,Acta No. 01 de 2024 SEM Quinta parte,,vital_unavailable,2026-09-23T20:51:23.581807,N05CD08,116653
CO,Colombia,INVIMA,MIDAZOLAM,MIDAZOLAM,5mg / Ampolla (5 mL),,Solución inyectable,19.17.1.0.N10,Acta No. 01 de 2024 SEM Quinta parte,,vital_unavailable,2026-09-23T20:51:23.581824,N05CD08,93629
CO,Colombia,INVIMA,MIDAZOLAM,MIDAZOLAM,50mg / Ampolla (10 mL),,Solución inyectable,19.17.1.0.N10,Acta No. 01 de 2024 SEM Quinta parte,,vital_unavailable,2026-09-23T20:51:23.581841,N05CD08,93653
CO,Colombia,INVIMA,MITOMICINA,MITOMICINA,20 mg / vial,,Polvo liofilizado para reconstituir a solución inyectable,6.0.0.0.N10,Acta No. 07 de 2026 SEMPB Primera parte,,vital_unavailable,2026-09-23T20:51:23.581858,L01DC03,119806
CO,Colombia,INVIMA,MITOTANE,MITOTANE,500mg/1U,,Tableta,6.0.0.0.N10,Acta No. 02 de 2010,1M100034,vital_unavailable,2026-09-23T20:51:23.581876,L01XX23,37818
CO,Colombia,INVIMA,MORFINA SULFATO,MORFINA SULFATO,2%- 2g / 100 mL,,Solución oral,19.2.0.0.N10,Acta No. 08 de 2025 SEM Primera parte,,vital_unavailable,2026-09-23T20:51:23.581893,N02AA01,76414
CO,Colombia,INVIMA,MORFINA CLORHIDRATO,MORFINA CLORHIDRATO,3%- 3g / 100 mL,,Solución oral,19.2.0.0.N10,Acta No. 04 de 2025 SEM Segunda parte,,vital_unavailable,2026-09-23T20:51:23.581910,N02AA01,
CO,Colombia,INVIMA,MTC OIL TRIGLICERIDOS DE CADENA MEDIA,MTC OIL TRIGLICERIDOS DE CADENA MEDIA,500mL/1U,,Solución oral,21.4.2.3.N20,Acta No. 03 de 2007,,vital_unavailable,2026-09-23T20:51:23.581927,,
CO,Colombia,INVIMA,N-ACETILCISTEÍNA,N-ACETILCISTEÍNA,300 mg / Ampolla (3 mL),,Solución inyectable,16.5.0.0.N10,Acta No. 10 de 2025 SEM Tercera parte,,vital_unavailable,2026-09-23T20:51:23.581944,R05CB01,215694
CO,Colombia,INVIMA,NEVIPARINA,NEVIPARINA,50mg/5 mL,,Solución oral,4.1.3.0.N10,Acta 01 2024 SEM Primera parte,,vital_unavailable,2026-09-23T20:51:23.581961,B01AB05,
CO,Colombia,INVIMA,NICOTINA,NICOTINA,"0,83mg/cm2",,Parche transdermico,20.0.0.0.N10,Acta No. 22  de 2018 SEM,,vital_unavailable,2026-09-23T20:51:23.581978,N07BA01,
CO,Colombia,INVIMA,NICOTINA,NICOTINA,36mg/cm2,,Parche transdérmico,20.0.0.0.N10,Acta No. 22  de 2018 SEM,,vital_unavailable,2026-09-23T20:51:23.581995,N07BA01,
CO,Colombia,INVIMA,NICOTINA,NICOTINA,78mg /15cm2,,Parche transdérmico,20.0.0.0.N10,Acta No. 22  de 2018 SEM,,vital_unavailable,2026-09-23T20:51:23.582012,N07BA01,
CO,Colombia,INVIMA,NICOTINA,NICOTINA,114mg/22 cm2 (libera 2 mg cada 24 horas),,Parche transdérmico,20.0.0.0.N10,Acta No. 22 de 2018 SEM,,vital_unavailable,2026-09-23T20:51:23.582028,N07BA01,
CO,Colombia,INVIMA,NICOTINA,NICOTINA,"39,37mg de nicotina con una liberación nominal de 25 mg / 16 horas",,Parche transdérmico,20.0.0.0.N10,Acta No. 22  de 2018 SEM,,vital_unavailable,2026-09-23T20:51:23.582045,N07BA01,
CO,Colombia,INVIMA,NICOTINA,NICOTINA,"23,62mg de nicotina con una liberación nominal de 15 mg / 16 horas",,Parche transdérmico,20.0.0.0.N10,Acta No. 22  de 2018 SEM,,vital_unavailable,2026-09-23T20:51:23.582062,N07BA01,
CO,Colombia,INVIMA,NICOTINA,NICOTINA,"15,75mg de nicotina con una liberación nominal de 10 mg / 16 horas",,Parche transdérmico,20.0.0.0.N10,Acta No. 22 de 2018 SEM,,vital_unavailable,2026-09-23T20:51:23.582079,N07BA01,
CO,Colombia,INVIMA,NIFEDIPINO,NIFEDIPINO,10mg,,Tableta,7.3.0.0.N10,Acta No. 08 de 2020 SEM - Acta No. 04 de 2023 SEM Octava parte,,vital_unavailable,2026-09-23T20:51:23.582096,C08CA05,42897
CO,Colombia,INVIMA,NIFEDIPINO,NIFEDIPINO,10mg,,Cápsula dura,7.3.0.0.N10,Acta No. 04 de 2023 SEM Octava parte,,vital_unavailable,2026-09-23T20:51:23.582113,C08CA05,27006
CO,Colombia,INVIMA,NIFEDIPINO,NIFEDIPINO,10mg,,Cápsula blanda,7.3.0.0.N10,Acta No. 04 de 2023 SEM Octava parte,,vital_unavailable,2026-09-23T20:51:23.582130,C08CA05,27006
CO,Colombia,INVIMA,NITROGLICERINA,NITROGLICERINA,400µg/ 1mL,,Solución inyectable para infusión,7.1.0.0.N10,Acta No. 05 de 2017 SEM,1T102412,vital_unavailable,2026-09-23T20:51:23.582148,C01DA02,
CO,Colombia,INVIMA,NITROGLICERINA,NITROGLICERINA,"0,1mg/1mL",,Solución inyectable,7.1.0.0.N10,Acta No. 05 de 2017 SEM Primera Parte,1T102410,vital_unavailable,2026-09-23T20:51:23.582166,C01DA02,
CO,Colombia,INVIMA,NITROGLICERINA,NITROGLICERINA,100μg /1mL,,Solución inyectable para infusión,7.1.0.0.N10,Acta No. 05 de 2017 SEM Primera Parte,1T102410,vital_unavailable,2026-09-23T20:51:23.582184,C01DA02,
CO,Colombia,INVIMA,NITROGLICERINA,NITROGLICERINA,"0,2mg/1mL",,Solución inyectable,7.1.0.0.N10,Acta No. 05 de 2017 SEM Primera Parte,1T102411,vital_unavailable,2026-09-23T20:51:23.582202,C01DA02,
CO,Colombia,INVIMA,NITROGLICERINA,NITROGLICERINA,"0,2mg/1mL",,Solución inyectable para infusión,7.1.0.0.N10,Acta No. 05 de 2017 SEM Primera Parte,1T102411,vital_unavailable,2026-09-23T20:51:23.582219,C01DA02,
CO,Colombia,INVIMA,NITROGLICERINA,NITROGLICERINA,"0,4mg/1mL",,Solución inyectable,7.1.0.0.N10,Acta No. 05 de 2017 SEM Primera Parte,1T102412,vital_unavailable,2026-09-23T20:51:23.582236,C01DA02,
CO,Colombia,INVIMA,NITROGLICERINA,NITROGLICERINA,"0,4mg/1mL",,Solución inyectable para infusión,7.1.0.0.N10,Acta No. 05 de 2017 SEM Primera Parte,1T102412,vital_unavailable,2026-09-23T20:51:23.582253,C01DA02,
CO,Colombia,INVIMA,NITROGLICERINA,NITROGLICERINA,"0,08mg /1 mL",,Solución inyectable para infusión,7.1.0.0.N10,Acta No. 05 de 2017 SEM Primera Parte,1T102414,vital_unavailable,2026-09-23T20:51:23.582271,C01DA02,
CO,Colombia,INVIMA,NITROGLICERINA,NITROGLICERINA,5mg/1mL,,Solución inyectable para infusión,7.1.0.0.N10,Acta No. 05 de 2017 SEM Primera Parte,1T102415,vital_unavailable,2026-09-23T20:51:23.582288,C01DA02,
CO,Colombia,INVIMA,NOREPINEFRINA,NOREPINEFRINA,1mg/1mL,,Solución inyectable,7.7.0.0.N10,Acta No. 16  de 2018 SEM,1N102587,vital_unavailable,2026-09-23T20:51:23.582305,C01CA03,46132
CO,Colombia,INVIMA,NOREPINEFRINA,NOREPINEFRINA,4 mg / Ampolla (4 mL),,Solución inyectable,7.7.0.0.N10,Acta No. 08 de 2026 SEMPB Segunda parte,,vital_unavailable,2026-09-23T20:51:23.582322,C01CA03,98930
CO,Colombia,INVIMA,OCRIPLASMINA,OCRIPLASMINA,2.5mg/1 mL,,Solución inyectable concentrada,11.3.14.0.N10,Acta No. 03 de 2014,1O101069,vital_unavailable,2026-09-23T20:51:23.582339,S01XA22,106062
CO,Colombia,INVIMA,OXIGENO,OXIGENO,99% en volumen-99%/ m3,,Gas,16.7.0.0.N20,Acta No. 03 de 2025 SEM Primera parte,,vital_unavailable,2026-09-23T20:51:23.582355,V03AN01,98388
CO,Colombia,INVIMA,OXIGENO,OXIGENO,93% V/V,,Gas,16.7.0.0.N20,Acta No. 03 de 2025 SEM Primera parte,,vital_unavailable,2026-09-23T20:51:23.582372,V03AN01,98388
CO,Colombia,INVIMA,OXITOCINA,OXITOCINA,5UI/1mL,,Solución inyectable,12.1.0.0.N10,Acta No. 31 de 2018 SEM,1O102714,vital_unavailable,2026-09-23T20:51:23.582391,H01BB02,7536
CO,Colombia,INVIMA,PAPAVERINA HCL,PAPAVERINA HCL,3mg/1 mL,,Solución inyectable,7.6.0.0.N10,Acta No. 37 de 2004,1P102375,vital_unavailable,2026-09-23T20:51:23.582410,A03AD01,
CO,Colombia,INVIMA,PEGINTERFERÓN ALFA 2B,PEGINTERFERÓN ALFA 2B,"0,4mg/1mL",,Solución inyectable,"6.0.0.0.N10 
4.1.3.0.N10",Acta No. 02 de 2019 SEMNNIMB,1P102765,vital_unavailable,2026-09-23T20:51:23.582429,L03AB10,118699
CO,Colombia,INVIMA,PEGINTERFERÓN ALFA 2B,PEGINTERFERÓN ALFA 2B,"0,6mg/1mL",,Solución inyectable,"6.0.0.0.N10 
4.1.3.0.N10",Acta No. 02 de 2019 SEMNNIMB,1P102766,vital_unavailable,2026-09-23T20:51:23.582447,L03AB10,118699
CO,Colombia,INVIMA,PEGINTERFERÓN ALFA 2B,PEGINTERFERÓN ALFA 2B,"1,2mg/1mL",,Solución inyectable,"6.0.0.0.N10 
4.1.3.0.N10",Acta No. 02 de 2019 SEMNNIMB,1P102767,vital_unavailable,2026-09-23T20:51:23.582465,L03AB10,118699
CO,Colombia,INVIMA,PEGINTERFERÓN ALFA 2B,PEGINTERFERÓN ALFA 2B,"0,1mg/1mL",,Polvo para reconstituir a solución inyectable,"6.0.0.0.N10 
4.1.3.0.N10",Acta No. 02 de 2019 SEMNNIMB,1P102768,vital_unavailable,2026-09-23T20:51:23.582483,L03AB10,118699
CO,Colombia,INVIMA,PEGINTERFERÓN ALFA 2B,PEGINTERFERÓN ALFA 2B,"0,16mg/1mL",,Polvo para reconstituir a solución inyectable,"6.0.0.0.N10 
4.1.3.0.N10",Acta No. 02 de 2019 SEMNNIMB,1P102769,vital_unavailable,2026-09-23T20:51:23.582500,L03AB10,118699
CO,Colombia,INVIMA,PEGINTERFERÓN ALFA 2B,PEGINTERFERÓN ALFA 2B,"0,2mg/1mL",,Polvo para reconstituir a solución inyectable,"6.0.0.0.N10 
4.1.3.0.N10",Acta No. 02 de 2019 SEMNNIMB,1P102770,vital_unavailable,2026-09-23T20:51:23.582518,L03AB10,118699
CO,Colombia,INVIMA,PEGINTERFERÓN ALFA 2B,PEGINTERFERÓN ALFA 2B,"0,24mg/1mL",,Polvo para reconstituir a solución inyectable,"6.0.0.0.N10 
4.1.3.0.N10",Acta No. 02 de 2019 SEMNNIMB,1P102771,vital_unavailable,2026-09-23T20:51:23.582536,L03AB10,118699
CO,Colombia,INVIMA,PEGINTERFERÓN ALFA 2B,PEGINTERFERÓN ALFA 2B,"0,3mg/1mL",,Polvo para reconstituir a solución inyectable,"6.0.0.0.N10 
4.1.3.0.N10",Acta No. 02 de 2019 SEMNNIMB,1P102772,vital_unavailable,2026-09-23T20:51:23.582554,L03AB10,118699
CO,Colombia,INVIMA,PEGINTERFERÓN ALFA 2B,PEGINTERFERÓN ALFA 2B,"0,4mg/1mL",,Polvo para reconstituir a solución inyectable,"6.0.0.0.N10 
4.1.3.0.N10",Acta No. 02 de 2019 SEMNNIMB,1P102765,vital_unavailable,2026-09-23T20:51:23.582571,L03AB10,118699
CO,Colombia,INVIMA,PEGINTERFERÓN ALFA 2B,PEGINTERFERÓN ALFA 2B,"0,6mg /1mL",,Polvo para reconstituir a solución inyectable,"6.0.0.0.N10 
4.1.3.0.N10",Acta No. 02 de 2019 SEMNNIMB,1P102766,vital_unavailable,2026-09-23T20:51:23.582589,L03AB10,118699
CO,Colombia,INVIMA,PEGINTERFERÓN ALFA 2B,PEGINTERFERÓN ALFA 2B,"1,2mg/ 1mL",,Polvo para reconstituir a solución inyectable,"6.0.0.0.N10 
4.1.3.0.N10",Acta No. 02 de 2019 SEMNNIMB,1P102767,vital_unavailable,2026-09-23T20:51:23.582607,L03AB10,118699
CO,Colombia,INVIMA,PEGINTERFERÓN ALFA 2B,PEGINTERFERÓN ALFA 2B,"0,2mg/1mL",,Polvo liofilizado para reconstituir a solución inyectable,"6.0.0.0.N10 
4.1.3.0.N10",Acta No. 02 de 2019 SEMNNIMB,1P102770,vital_unavailable,2026-09-23T20:51:23.582624,L03AB10,118699
CO,Colombia,INVIMA,PEGINTERFERÓN ALFA 2B,PEGINTERFERÓN ALFA 2B,"0,3mg/1mL",,Polvo liofilizado para reconstituir a solución inyectable,"6.0.0.0.N10 
4.1.3.0.N10",Acta No. 02 de 2019 SEMNNIMB,1P102772,vital_unavailable,2026-09-23T20:51:23.582642,L03AB10,118699
CO,Colombia,INVIMA,PEGVISOMANT,PEGVISOMANT,20mg/1mL,,Solución inyectable,9.2.3.0.N10,Acta No. 43 de 2007,1P102377,vital_unavailable,2026-09-23T20:51:23.582660,H01AX01,70513
CO,Colombia,INVIMA,PENTOBARBITAL,PENTOBARBITAL,50mg/1mL,,Solución inyectable,19.17.1.0.N10,Acta No. 03 de 2006,1P102378,vital_unavailable,2026-09-23T20:51:23.582677,N05CA01,149195
CO,Colombia,INVIMA,PIRIDOXINA,PIRIDOXINA,150mg/1 mL,,Solución inyectable,21.1.0.0.N10,Acta No. 37 de 2004,1P102379,vital_unavailable,2026-09-23T20:51:23.582695,A11HA02,11169
CO,Colombia,INVIMA,PIRIMETAMINA,PIRIMETAMINA,25mg,,Cápsula dura,"4.2.3.0.N10, 4.2.5.0.N10",Acta No. 16 de 2018 SEM,1P102626,vital_unavailable,2026-09-23T20:51:23.582712,P01BD01,744
CO,Colombia,INVIMA,PRILOCAINA CLORHIDRATO + FELIPRESINA,PRILOCAINA CLORHIDRATO + FELIPRESINA,"30mg + 0,03UI / 1 mL",,Solución inyectable,19.6.0.0.N20,Acta No. 02 de 2018 SEM Tercera Parte,2F102715,vital_unavailable,2026-09-23T20:51:23.582730,,
CO,Colombia,INVIMA,PRILOCAINA CLORHIDRATO + FELIPRESINA,PRILOCAINA CLORHIDRATO + FELIPRESINA,"16,6mg + 0,3μg /1 mL",,Solución inyectable,19.6.0.0.N20,Acta No. 02 de 2018 SEM Tercera Parte,2F102534,vital_unavailable,2026-09-23T20:51:23.582747,,
CO,Colombia,INVIMA,PRIMIDONA,PRIMIDONA,250mg/1U,,Tableta,19.9.0.0.N10,Acta No. 25 de 2005,1P100768,vital_unavailable,2026-09-23T20:51:23.582765,N03AA03,1880
CO,Colombia,INVIMA,PROTEINA DE PLASMA HUMANO,PROTEINA DE PLASMA HUMANO,50mg/1mL,,Solución inyectable para infusión,18.2.0.0.N10,Acta No. 06 de 2020 SEM,,vital_unavailable,2026-09-23T20:51:23.582782,B05AA02,
CO,Colombia,INVIMA,PROTIRELINA (Hormona liberadora de tirotropina TRH),PROTIRELINA (Hormona liberadora de tirotropina TRH),"0,2mg/1mL",,Solución inyectable,9.2.3.0.N10,Acta No. 20 de 2005,1P102405,vital_unavailable,2026-09-23T20:51:23.582799,V04CJ02,
CO,Colombia,INVIMA,QUETIAPINA,QUETIAPINA,50mg,,Tableta de liberación prolongada,19.16.0.0.N10,Acta No. 02 de 2025 SEM Primera parte,,vital_unavailable,2026-09-23T20:51:23.582816,N05AH04,84182
CO,Colombia,INVIMA,QUETIAPINA,QUETIAPINA,150mg,,Tableta de liberación prolongada,19.16.0.0.N10,Acta No. 04 de 2025 SEM Segunda parte,,vital_unavailable,2026-09-23T20:51:23.582833,N05AH04,94757
CO,Colombia,INVIMA,QUETIAPINA,QUETIAPINA,200mg,,Tableta de liberación prolongada,19.16.0.0.N10,Acta No. 04 de 2025 SEM Segunda parte,,vital_unavailable,2026-09-23T20:51:23.582849,N05AH04,84190
CO,Colombia,INVIMA,QUETIAPINA,QUETIAPINA,300mg,,Tableta de liberación prolongada,19.16.0.0.N10,Acta No. 04 de 2025 SEM Segunda parte,,vital_unavailable,2026-09-23T20:51:23.582866,N05AH04,84204
CO,Colombia,INVIMA,QUETIAPINA,QUETIAPINA,400mg,,Tableta de liberación prolongada,19.16.0.0.N10,Acta No. 04 de 2025 SEM Segunda parte,,vital_unavailable,2026-09-23T20:51:23.582883,N05AH04,84212
CO,Colombia,INVIMA,QUININA DICLORHIDRATO,QUININA DICLORHIDRATO,300mg/1mL,,Solución inyectable,4.2.3.0.N10,Acta No. 09 de 2007,1Q102380,vital_unavailable,2026-09-23T20:51:23.582900,P01BA01,
CO,Colombia,INVIMA,QUININA SULFATO,QUININA SULFATO,300mg /1mL,,Tableta,4.2.3.0.N10,Acta No. 09 de 2007,1Q102381,vital_unavailable,2026-09-23T20:51:23.582918,P01BA01,85782
CO,Colombia,INVIMA,REMIFENTANIL CLORHIDRATO,REMIFENTANIL CLORHIDRATO,1mg / Vial,,Polvo liofilizado para reconstituir a solución inyectable,19.2.0.0.N10,Acta No. 01 de 2024 SEM Séptima parte,,vital_unavailable,2026-09-23T20:51:23.582935,N01AH06,45713
CO,Colombia,INVIMA,REMIFENTANIL CLORHIDRATO,REMIFENTANIL CLORHIDRATO,2mg / Vial,,Polvo liofilizado para reconstituir a solución inyectable,19.2.0.0.N10,Acta No. 01 de 2024 SEM Séptima parte,,vital_unavailable,2026-09-23T20:51:23.582952,N01AH06,45721
CO,Colombia,INVIMA,REMIFENTANIL CLORHIDRATO,REMIFENTANIL CLORHIDRATO,5mg / Vial,,Polvo liofilizado para reconstituir a solución inyectable,19.2.0.0.N10,Acta No. 01 de 2024 SEM Séptima parte,,vital_unavailable,2026-09-23T20:51:23.582969,N01AH06,45748
CO,Colombia,INVIMA,RIBAVIRINA,RIBAVIRINA,200mg/1unidad,,Cápsula,4.1.3.0.N10,Acta No. 06 de 2018 SEM,1R102535,vital_unavailable,2026-09-23T20:51:23.582986,J05AP01,53856
CO,Colombia,INVIMA,RIBAVIRINA,RIBAVIRINA,200mg/1unidad,,Tableta,4.1.3.0.N10,Acta No. 06 de 2018 SEM,1R102536,vital_unavailable,2026-09-23T20:51:23.583004,J05AP01,225819
CO,Colombia,INVIMA,RIBAVIRINA,RIBAVIRINA,400mg/1unidad,,Tableta,4.1.3.0.N10,Acta No. 06 de 2018 SEM,1R102537,vital_unavailable,2026-09-23T20:51:23.583022,J05AP01,225827
CO,Colombia,INVIMA,RIBAVIRINA,RIBAVIRINA,600mg/1U,,Tableta,4.1.3.0.N10,Acta No. 06 de 2018 SEM,1R102538,vital_unavailable,2026-09-23T20:51:23.583039,J05AP01,
CO,Colombia,INVIMA,RITONAVIR + LOPINAVIR,RITONAVIR + LOPINAVIR,20 mg + 80 mg / ml,,Solución oral,4.1.3.0.N30,Acta No. 04 de 2022 SEM,,vital_unavailable,2026-09-23T20:51:23.583056,,
CO,Colombia,INVIMA,"SALES DE REHIDRATACIÓN (Cloruro de Sodio, Cloruro de Potasio, Citrato trisódico, dihidrato, Glucosa Anhidra)","SALES DE REHIDRATACIÓN (Cloruro de Sodio, Cloruro de Potasio, Citrato trisódico, dihidrato, Glucosa Anhidra)","2,6 g + 1,5 g + 2,9 g + 13,5 g",,Polvo para reconstituir en solución oral,10.3.0.0.N50,Acta No. 07 de 2025 SEM Primera parte,,vital_unavailable,2026-09-23T20:51:23.583074,,
CO,Colombia,INVIMA,SEBELIPASA,SEBELIPASA,2mg/1mL,,Solución inyectable,8.2.7.0.N170,Acta No. 09 de 2018 SEM,1S100073,vital_unavailable,2026-09-23T20:51:23.583092,,
CO,Colombia,INVIMA,SODIO BENZOATO,SODIO BENZOATO,5mg/5ml,,Otras soluciones,21.4.1.0.N30,Acta No. 25 de  2006,1B102387,vital_unavailable,2026-09-23T20:51:23.583109,,
CO,Colombia,INVIMA,SODIO BENZOATO,SODIO BENZOATO,20mg/1ml,,Otras soluciones,21.4.1.0.N30,Acta No. 25 de  2006,1B102383,vital_unavailable,2026-09-23T20:51:23.583126,,
CO,Colombia,INVIMA,SODIO BENZOATO,SODIO BENZOATO,200mg/1ml,,Otras soluciones,21.4.1.0.N30,Acta No. 25 de  2006,1B101268,vital_unavailable,2026-09-23T20:51:23.583144,,
CO,Colombia,INVIMA,SODIO BENZOATO,SODIO BENZOATO,250mg/1U,,Cápsula de liberación no modificada,21.4.1.0.N30,Acta No. 25 de  2006,1B102384,vital_unavailable,2026-09-23T20:51:23.583161,,
CO,Colombia,INVIMA,SODIO BENZOATO,SODIO BENZOATO,25mg/5ml,,Otras soluciones,21.4.1.0.N30,Acta No. 25 de  2006,1B102385,vital_unavailable,2026-09-23T20:51:23.583178,,
CO,Colombia,INVIMA,SODIO BENZOATO,SODIO BENZOATO,500mg/5ml,,Otras soluciones,21.4.1.0.N30,Acta No. 25 de  2006,1B102386,vital_unavailable,2026-09-23T20:51:23.583196,,
CO,Colombia,INVIMA,SODIO BENZOATO,SODIO BENZOATO,1g/5ml,,Otras soluciones,21.4.1.0.N30,Acta No. 25 de  2006,1B102382,vital_unavailable,2026-09-23T20:51:23.583213,,
CO,Colombia,INVIMA,SODIO NITRITO,SODIO NITRITO,30mg/1mL,,Solución inyectable,20.0.0.0.N10,Acta No. 39 de 2011,1S102388,vital_unavailable,2026-09-23T20:51:23.583231,,
CO,Colombia,INVIMA,SODIO TIOSULFATO,SODIO TIOSULFATO,250mg/1 mL,,Solución inyectable,20.0.0.0.N10.,Acta No. 19 de 2015,1S102389,vital_unavailable,2026-09-23T20:51:23.583249,V03AB01,
CO,Colombia,INVIMA,SODIO TIOSULFATO,SODIO TIOSULFATO,500mg/1 mL,,Solución inyectable,20.0.0.0.N10.,Acta No. 19 de 2015,1S102390,vital_unavailable,2026-09-23T20:51:23.583266,V03AB01,
CO,Colombia,INVIMA,SOMATROPINA,SOMATROPINA,12 mg / Vial equivalente a 36 UI / Vial,,Polvo liofilizado para reconstituir a solución inyectable,9.1.9.0.N10,Acta No. 01 de 2024 SEM Sexta parte,,vital_unavailable,2026-09-23T20:51:23.583283,H01AC01,35122
CO,Colombia,INVIMA,SOMATROPINA,SOMATROPINA,"5 mg / 1,5 mL equivalente a 15 UI / 1,5 mL",,Solución inyectable,9.1.9.0.N10,Acta No. 01 de 2024 SEM Sexta parte,,vital_unavailable,2026-09-23T20:51:23.583300,H01AC01,106879
CO,Colombia,INVIMA,SOMATROPINA,SOMATROPINA,"6mg (5,83 mg/ mL)",,Solución inyectable,9.1.9.0.N10,Acta No. 01 de 2024 SEM Sexta parte,,vital_unavailable,2026-09-23T20:51:23.583317,H01AC01,
CO,Colombia,INVIMA,SOMATROPINA,SOMATROPINA,"20mg (8,0 mg/ mL)",,Solución inyectable,9.1.9.0.N10,Acta No. 01 de 2024 SEM Sexta parte,,vital_unavailable,2026-09-23T20:51:23.583334,H01AC01,
CO,Colombia,INVIMA,SUCCIMER,SUCCIMER,100mg/1U,,Tableta,20.0.0.0.N10,Acta No. 16 de 2012,1S102391,vital_unavailable,2026-09-23T20:51:23.583352,V03AB01,
CO,Colombia,INVIMA,SUCCIMER,SUCCIMER,200mg/1U,,Tableta,20.0.0.0.N10,Acta No. 16 de 2012,1S102392,vital_unavailable,2026-09-23T20:51:23.583370,V03AB01,
CO,Colombia,INVIMA,SUERO ANTIARÁCNIDO,SUERO ANTIARÁCNIDO,,,Solución inyectable,18.1.2.0.N10,Acta No. 16 de 2006,,vital_unavailable,2026-09-23T20:51:23.583386,,
CO,Colombia,INVIMA,SUERO ANTIELAPÍDICO,SUERO ANTIELAPÍDICO,,,Solución inyectable,18.1.2.0.N10,Acta No. 16 de 2006,,vital_unavailable,2026-09-23T20:51:23.583403,,
CO,Colombia,INVIMA,SUERO ANTIESCORPIÓN,SUERO ANTIESCORPIÓN,"1,8mg/1U",,Solución inyectable,18.1.2.0.N10,Acta No. 16 de 2006,1S101161,vital_unavailable,2026-09-23T20:51:23.583420,,
CO,Colombia,INVIMA,SUERO ANTILONÓMICO,SUERO ANTILONÓMICO,,,Solución inyectable,18.1.2.0.N10,Acta No. 16 de 2006,,vital_unavailable,2026-09-23T20:51:23.583437,,
CO,Colombia,INVIMA,"SUERO ANTIOFÍDICO ANTICORAL INYECTABLE
(M. surinamensis, M. spixii y M. lemniscatus)","SUERO ANTIOFÍDICO ANTICORAL INYECTABLE
(M. surinamensis, M. spixii y M. lemniscatus)",,,Inyectable,18.1.2.0.N10,"Acta No. 11  de 2014 SEM Primera Parte 
Acta No. 12 de 2019 SEMNNIMB",,vital_unavailable,2026-09-23T20:51:23.583453,,
CO,Colombia,INVIMA,SULFACETAMIDA SÓDICA,SULFACETAMIDA SÓDICA,100mg/1mL - (10%),,Solución Oftálmica,11.3.3.0.N10,Acta No. 13 de 2018 SEM,1S102630,vital_unavailable,2026-09-23T20:51:23.583471,S01EB01,
CO,Colombia,INVIMA,SULFACETAMIDA SÓDICA,SULFACETAMIDA SÓDICA,150mg/1mL,,Solución Oftálmica,11.3.3.0.N10,Acta No. 13 de 2018 SEM,1S102631,vital_unavailable,2026-09-23T20:51:23.583489,S01EB01,
CO,Colombia,INVIMA,SULFACETAMIDA SÓDICA,SULFACETAMIDA SÓDICA,300mg/1mL (30%),,Solución Oftálmica,11.3.3.0.N10,Acta No. 13 de 2018 SEM,1S102632,vital_unavailable,2026-09-23T20:51:23.583506,S01EB01,
CO,Colombia,INVIMA,SULFATO DE MAGNESIO,SULFATO DE MAGNESIO,0.1,,Solución inyectable,19.9.0.0.N10,Acta No. 06 de 2020 SEM,1M103337,vital_unavailable,2026-09-23T20:51:23.583524,A12CC01,
CO,Colombia,INVIMA,SULFATO DE MAGNESIO,SULFATO DE MAGNESIO,0.2,,Solución inyectable,19.9.0.0.N10,Acta No. 06 de 2020 SEM,1M101585,vital_unavailable,2026-09-23T20:51:23.583543,A12CC01,
CO,Colombia,INVIMA,SULFATO DE MAGNESIO,SULFATO DE MAGNESIO,0.25,,Solución inyectable,19.9.0.0.N10,Acta No. 06 de 2020 SEM,1M103337,vital_unavailable,2026-09-23T20:51:23.583561,A12CC01,
CO,Colombia,INVIMA,TALIDOMIDA,TALIDOMIDA,100mg,,Tableta cuebierta con película,4.1.1.3.N20,Acta No. 04 de 2023 SEM Cuarta parte,,vital_unavailable,2026-09-23T20:51:23.583578,L04AX02,104574
CO,Colombia,INVIMA,TESTOSTERONA ENANTATO,TESTOSTERONA ENANTATO,100mg/1mL,,Solución inyectable,9.1.1.0.N10,Acta No. 04 de 2019 SEM,1T102799,vital_unavailable,2026-09-23T20:51:23.583595,H03AA01,122130
CO,Colombia,INVIMA,TESTOSTERONA ENANTATO,TESTOSTERONA ENANTATO,250mg/1mL,,Solución inyectable,9.1.1.0.N10,Acta No. 04 de 2019 SEM,1T102800,vital_unavailable,2026-09-23T20:51:23.583613,H03AA01,122130
CO,Colombia,INVIMA,TETRACOSACTIDA ACETATO,TETRACOSACTIDA ACETATO,"0,25mg/1mL",,Solución inyectable,9.1.5.0.N10,Acta No. 20 de 2005,1T101805,vital_unavailable,2026-09-23T20:51:23.583630,H01AA02,2216
CO,Colombia,INVIMA,TETRACOSACTIDA HEXAACETATO,TETRACOSACTIDA HEXAACETATO,1mg/1mL,,Solución inyectable,9.1.5.0.N10,Acta No. 04 de 2019 SEM,1T102802,vital_unavailable,2026-09-23T20:51:23.583647,H01AA02,2216
CO,Colombia,INVIMA,TIERRA DE FULLER,TIERRA DE FULLER,,,Todas las presentaciones,20.0.0.0.N10,Acta No. 14 de 2015,,vital_unavailable,2026-09-23T20:51:23.583663,,
CO,Colombia,INVIMA,TIOGUANINA,TIOGUANINA,40mg/1U,,Comprimido (Tableta),6.0.0.0.N10,Acta No. 52 de 2012,1T102394,vital_unavailable,2026-09-23T20:51:23.583681,L01BB03,2763
CO,Colombia,INVIMA,TRIAMCINOLONA,TRIAMCINOLONA,10 mg/mL,,Suspensión inyectable,9.1.3.0.N10,Acta No.12 de 2025 SEMPB Cuarta parte,,vital_unavailable,2026-09-23T20:51:23.583698,H02AB08,73148
CO,Colombia,INVIMA,TRIAMCINOLONA,TRIAMCINOLONA,40 mg/Ampolla (1 mL),,Suspensión inyectable,9.1.3.0.N10,Acta No.12 de 2025 SEMPB Cuarta parte,,vital_unavailable,2026-09-23T20:51:23.583714,H02AB08,107085
CO,Colombia,INVIMA,TRIMETILGLICINA (BETAHÍNA ANHIDRA),TRIMETILGLICINA (BETAHÍNA ANHIDRA),180 g,,Polvo,8.2.7.0.N30,Acta No. 16 de 2012,,vital_unavailable,2026-09-23T20:51:23.583731,,
CO,Colombia,INVIMA,TOBRAMICINA,TOBRAMICINA,300mg/4ml,,Solución para nebulización,16.7.0.0.N10,Acta 01 2024 SEM Primera parte,,vital_unavailable,2026-09-23T20:51:23.583748,J01GB13,
CO,Colombia,INVIMA,TOBRAMICINA,TOBRAMICINA,300mg/5mL,,Solución para nebulización,16.7.0.0.N10,Acta 01 2024 SEM Primera parte,,vital_unavailable,2026-09-23T20:51:23.583765,J01GB13,
CO,Colombia,INVIMA,VARENICLINA,VARENICLINA,"0,5 mg",,Tableta recuebierta,20.0.0.0.N10,Acta No. 04 de 2025 SEM Segunda parte,,vital_unavailable,2026-09-23T20:51:23.583782,N07BA03,230065
CO,Colombia,INVIMA,VARENICLINA,VARENICLINA,"1,0 mg",,Tableta recuebierta,20.0.0.0.N10,Acta No. 04 de 2025 SEM Segunda parte,,vital_unavailable,2026-09-23T20:51:23.583798,N07BA03,230073
CO,Colombia,INVIMA,VASOPRESINA,VASOPRESINA,20 UI/mL,,Solución inyectable,9.1.13.0.N10,Acta No. 08 de 2025 SEM Primera parte,,vital_unavailable,2026-09-23T20:51:23.583815,H01BA01,159093
CO,Colombia,INVIMA,VINBLASTINA,VINBLASTINA,1mg/1mL,,Solución inyectable,6.0.0.0.N10,Acta No. 01 de 2016,1V101639,vital_unavailable,2026-09-23T20:51:23.583832,L01CA01,37028
CO,Colombia,INVIMA,"VITAMINAS HIDROSOLUBLES (Mononitrato de Tiamina (equivalente a 2,5 mg de Vitamina B1) 3,1 mg,Riboflavina fosfato sódico (equivalente a 3,6 mg de Vitamina B2) 4,9 mg,Nicotinamida 40,0 mg, Clorhidrato de Piridoxina (equivalente a 4,0 mg de Vitamina B6) 4,9 mg, Pantotenato de sodio (equivalente a 15,0 mg de Ácido Pantoténico) 16,5 mg, Ascorbato de sodio (equivalente a 100 mg Vitamina C) 113,0 mg, Biotina 60,0 mcg, Ácido Fólico 0,40 mg, Cianocobalamina (Vitamina B12) 5,0 mcg)","VITAMINAS HIDROSOLUBLES (Mononitrato de Tiamina (equivalente a 2,5 mg de Vitamina B1) 3,1 mg,Riboflavina fosfato sódico (equivalente a 3,6 mg de Vitamina B2) 4,9 mg,Nicotinamida 40,0 mg, Clorhidrato de Piridoxina (equivalente a 4,0 mg de Vitamina B6) 4,9 mg, Pantotenato de sodio (equivalente a 15,0 mg de Ácido Pantoténico) 16,5 mg, Ascorbato de sodio (equivalente a 100 mg Vitamina C) 113,0 mg, Biotina 60,0 mcg, Ácido Fólico 0,40 mg, Cianocobalamina (Vitamina B12) 5,0 mcg)","3.1 mg, 4.9 mg, 40.0 mg, 4.9 mg, 16.5 mg, 113.0 mg, 60.0 mcg, 0.40mg, 5.0 mcg",,Polvo liofilizado para reconstituir a solución inyectable,21.4.2.2.N20,Acta No.12 de 2025 SEMPB Cuarta parte,,vital_unavailable,2026-09-23T20:51:23.583851,,
CO,Colombia,INVIMA,MEDICAMENTO,MEDICAMENTO,,,ACTA,,,,vital_unavailable,2026-09-23T20:51:23.583879,,
