country_code,country_name,source,medicine_name,active_substance,strength,package_size,product_no,shortage_start,estimated_end,status,atc_code,reference_no,reason,last_updated,scraped_at,prk
CZ,Czech Republic,SUKL,METHYLPHENIDATE NEURAXPHARM,METHYLPHENIDATE HYDROCHLORIDE,54MG TBL PRO 30,,0250100,2024-12-12,,shortage - monitored,N06BA04,SUKL323580/2024,,2026-04-02,2026-09-23T20:53:05.250457,69272
CZ,Czech Republic,SUKL,METHYLPHENIDATE NEURAXPHARM,METHYLPHENIDATE HYDROCHLORIDE,36MG TBL PRO 30,,0250098,2024-12-12,,shortage - monitored,N06BA04,SUKL323580/2024,,2026-04-02,2026-09-23T20:53:05.250469,68012
CZ,Czech Republic,SUKL,METHYLPHENIDATE NEURAXPHARM,METHYLPHENIDATE HYDROCHLORIDE,18MG TBL PRO 30,,0250096,2024-12-12,,shortage - monitored,N06BA04,SUKL323580/2024,,2025-09-23,2026-09-23T20:53:05.250472,68004
CZ,Czech Republic,SUKL,CONCERTA,METHYLPHENIDATE HYDROCHLORIDE,54MG TBL PRO 30,,0129491,2024-12-12,,shortage - monitored,N06BA04,SUKL323580/2024,,2025-09-09,2026-09-23T20:53:05.250475,69272
CZ,Czech Republic,SUKL,CONCERTA,METHYLPHENIDATE HYDROCHLORIDE,36MG TBL PRO 30,,0129489,2024-12-12,,shortage - monitored,N06BA04,SUKL323580/2024,,2025-09-09,2026-09-23T20:53:05.250477,68012
CZ,Czech Republic,SUKL,CONCERTA,METHYLPHENIDATE HYDROCHLORIDE,18MG TBL PRO 30,,0129487,2024-12-12,,shortage - monitored,N06BA04,SUKL323580/2024,,2025-05-13,2026-09-23T20:53:05.250478,68004
CZ,Czech Republic,SUKL,EPLERENON MEDREG,EPLERENONE,25MG TBL FLM 30 II,,0273028,2026-04-21,,shortage - monitored,C03DA04,SUKL147572/2026,,2024-02-19,2026-09-23T20:53:05.250480,73431
CZ,Czech Republic,SUKL,LANZUL,LANSOPRAZOLE,15MG CPS ETD 28,,0106344,2026-08-26,,shortage - monitored,A02BC03,SUKL259237/2026,Výrobní důvody,2026-03-31,2026-09-23T20:53:05.250482,79383
CZ,Czech Republic,SUKL,HUMULIN N (NPH) KWIKPEN,INSULIN HUMAN,100IU/ML INJ SUS PEP 10(2X5)X3ML,,0219874,2024-12-04,,shortage - monitored,A10AC01,SUKL314482/2024,,2017-12-15,2026-09-23T20:53:05.250484,
CZ,Czech Republic,SUKL,HUMULIN N (NPH) CARTRIDGE,INSULIN HUMAN,100IU/ML INJ SUS ZVL 5X3ML,,0219872,2024-12-04,,shortage - monitored,A10AC01,SUKL314482/2024,,2018-07-18,2026-09-23T20:53:05.250486,34851
CZ,Czech Republic,SUKL,HUMULIN N,INSULIN HUMAN,100IU/ML INJ SUS 1X10ML,,0214337,2024-12-04,,shortage - monitored,A10AC01,SUKL314482/2024,Obchodní/marketingové důvody,2025-10-01,2026-09-23T20:53:05.250487,29998
CZ,Czech Republic,SUKL,INSULATARD PENFILL,HUMAN ISOPHANE INSULIN,100IU/ML INJ SUS ZVL 5X3ML,,0025677,2024-12-04,,shortage - monitored,A10AC01,SUKL314482/2024,Výrobní důvody,2024-11-11,2026-09-23T20:53:05.250489,34851
CZ,Czech Republic,SUKL,ETOPOSID EBEWE,ETOPOSIDE,20MG/ML INF CNC SOL 1X5ML,,0012669,2026-07-14,,shortage - monitored,L01CB01,SUKL222961/2026,,2020-04-20,2026-09-23T20:53:05.250490,32700
CZ,Czech Republic,SUKL,DERIN PROLONG,QUETIAPINE FUMARATE,400MG TBL PRO 30,,0136606,2026-01-21,,shortage - monitored,N05AH04,SUKL30630/2026,Výrobní důvody,2025-10-17,2026-09-23T20:53:05.250492,84212
CZ,Czech Republic,SUKL,QUETIAPINE VIATRIS,QUETIAPINE FUMARATE,400MG TBL PRO 60,,0278771,2026-01-21,,shortage - monitored,N05AH04,SUKL30630/2026,Výrobní důvody,2026-07-28,2026-09-23T20:53:05.250493,84212
CZ,Czech Republic,SUKL,TARDYFERON,"FERROUS SULFATE, DRIED","247,25MG TBL MRL 100",,0014712,2025-06-26,,shortage - monitored,B03AA07,SUKL249587/2025,Výrobní důvody,2026-05-29,2026-09-23T20:53:05.250495,
CZ,Czech Republic,SUKL,ETOPOSIDE ACCORD,ETOPOSIDE,"20MG/ML INF CNC SOL 1X12,5ML",,0242233,2026-07-14,,shortage - monitored,L01CB01,SUKL222961/2026,,2026-02-05,2026-09-23T20:53:05.250496,119679
CZ,Czech Republic,SUKL,TARDYFERON,"FERROUS SULFATE, DRIED","247,25MG TBL MRL 30",,0014711,2025-06-26,,shortage - monitored,B03AA07,SUKL249587/2025,,2025-08-20,2026-09-23T20:53:05.250498,
CZ,Czech Republic,SUKL,ANGUSTA,MISOPROSTOL,25MCG TBL NOB 8,,0252447,2025-06-26,,shortage - monitored,G02AD06,SUKL249230/2025,,2026-03-02,2026-09-23T20:53:05.250499,206210
CZ,Czech Republic,SUKL,CERVIDIL,DINOPROSTONE,10MG VAG INS 5,,0238023,2025-06-26,,shortage - monitored,G02AD02,SUKL249230/2025,,2019-11-14,2026-09-23T20:53:05.250501,50970
CZ,Czech Republic,SUKL,PROSTIN E2,DINOPROSTONE,3MG VAG TBL NOB 4,,0002289,2025-06-26,,shortage - monitored,G02AD02,SUKL249230/2025,Výrobní důvody,2025-06-12,2026-09-23T20:53:05.250502,
CZ,Czech Republic,SUKL,NOVOMIX 30 PENFILL,INSULIN ASPART + PROTAMINE INSULIN ASPART (CRYSTALLINE),100U/ML INJ SUS ZVL 5X3ML,,0026762,2024-11-15,,shortage - monitored,A10AD05,SUKL293741/2024,Výrobní důvody,2024-11-11,2026-09-23T20:53:05.250504,65749
CZ,Czech Republic,SUKL,NOVOMIX 30 FLEXPEN,INSULIN ASPART + PROTAMINE INSULIN ASPART (CRYSTALLINE),100U/ML INJ SUS PEP 5X3ML,,0026767,2024-11-15,,shortage - monitored,A10AD05,SUKL293741/2024,Výrobní důvody,2024-11-11,2026-09-23T20:53:05.250505,121320
CZ,Czech Republic,SUKL,GLIMEPIRID MYLAN,GLIMEPIRIDE,3MG TBL NOB 90,,0235328,2024-11-14,,shortage - monitored,A10BB12,SUKL293020/2024,Výrobní důvody,2026-03-03,2026-09-23T20:53:05.250507,44458
CZ,Czech Republic,SUKL,GLIMEPIRID SANDOZ,GLIMEPIRIDE,3MG TBL NOB 120,,0012098,2024-11-14,,shortage - monitored,A10BB12,SUKL293020/2024,Výrobní důvody,2026-09-07,2026-09-23T20:53:05.250508,
CZ,Czech Republic,SUKL,GLIMEPIRID SANDOZ,GLIMEPIRIDE,3MG TBL NOB 30,,0012121,2024-11-14,,shortage - monitored,A10BB12,SUKL293020/2024,,2025-12-03,2026-09-23T20:53:05.250509,
CZ,Czech Republic,SUKL,GLIMEPIRID MYLAN,GLIMEPIRIDE,3MG TBL NOB 30,,0235325,2024-11-14,,shortage - monitored,A10BB12,SUKL293020/2024,Výrobní důvody,2026-08-04,2026-09-23T20:53:05.250511,44458
CZ,Czech Republic,SUKL,OLTAR,GLIMEPIRIDE,3MG TBL NOB 30,,0066297,2024-11-14,,shortage - monitored,A10BB12,SUKL293020/2024,,2025-10-20,2026-09-23T20:53:05.250512,44458
CZ,Czech Republic,SUKL,CLARITHROMYCIN TEVA,CLARITHROMYCIN,500MG TBL FLM 14 II,,0201867,2024-11-13,,shortage - monitored,J01FA09,SUKL291284/2024,,2026-09-21,2026-09-23T20:53:05.250514,39977
CZ,Czech Republic,SUKL,KLABAX,CLARITHROMYCIN,500MG TBL FLM 14,,0249046,2024-11-13,,shortage - monitored,J01FA09,SUKL291284/2024,,2025-07-30,2026-09-23T20:53:05.250515,39977
CZ,Czech Republic,SUKL,ETOPOSID EBEWE,ETOPOSIDE,20MG/ML INF CNC SOL 1X10ML,,0012670,2026-07-14,,shortage - monitored,L01CB01,SUKL222961/2026,Výrobní důvody,2026-05-27,2026-09-23T20:53:05.250516,39381
CZ,Czech Republic,SUKL,FROMILID,CLARITHROMYCIN,500MG TBL FLM 14,,0053283,2024-11-13,,shortage - monitored,J01FA09,SUKL291284/2024,,2011-06-29,2026-09-23T20:53:05.250518,39977
CZ,Czech Republic,SUKL,KLACID,CLARITHROMYCIN,500MG TBL FLM 14,,0267349,2024-11-13,,shortage - monitored,J01FA09,SUKL291284/2024,,2025-02-10,2026-09-23T20:53:05.250519,49425
CZ,Czech Republic,SUKL,ETOPOSID EBEWE,ETOPOSIDE,20MG/ML INF CNC SOL 1X20ML,,0012671,2026-07-14,,shortage - monitored,L01CB01,SUKL222961/2026,,2026-08-11,2026-09-23T20:53:05.250521,
CZ,Czech Republic,SUKL,ETOPOSIDE TEVA,ETOPOSIDE,20MG/ML INF CNC SOL 1X10ML,,0011390,2026-07-14,,shortage - monitored,L01CB01,SUKL222961/2026,Výrobní důvody,2025-12-22,2026-09-23T20:53:05.250522,39381
CZ,Czech Republic,SUKL,SALOFALK,MESALAZINE,3000MG GRA PRO 60,,0195911,2026-08-18,,shortage - monitored,A07EC02,SUKL251977/2026,Výrobní důvody,2026-08-12,2026-09-23T20:53:05.250523,98353
CZ,Czech Republic,SUKL,ESTROFEM,ESTRADIOL HEMIHYDRATE,2MG TBL FLM 1X28,,0096491,2026-07-15,,shortage - monitored,G03CA03,SUKL224702/2026,,,2026-09-23T20:53:05.250525,30325
CZ,Czech Republic,SUKL,ESTROFEM,ESTRADIOL HEMIHYDRATE,1MG TBL FLM 1X28,,0053797,2026-07-15,,shortage - monitored,G03CA03,SUKL224702/2026,,,2026-09-23T20:53:05.250526,124
CZ,Czech Republic,SUKL,ESTRADIOL BESINS,ESTRADIOL HEMIHYDRATE,"0,75MG/DÁV TDR GEL 1X80G",,0249259,2026-07-15,,shortage - monitored,G03CA03,SUKL224702/2026,Výrobní důvody,2026-09-14,2026-09-23T20:53:05.250528,200441
CZ,Czech Republic,SUKL,EPLERENON SANDOZ,EPLERENONE,25MG TBL FLM 30,,0203030,2026-04-21,,shortage - monitored,C03DA04,SUKL147572/2026,,2026-08-31,2026-09-23T20:53:05.250530,73431
CZ,Czech Republic,SUKL,QUETIAPINE ACCORD,QUETIAPINE FUMARATE,400MG TBL PRO 60,,0242424,2026-01-21,,shortage - monitored,N05AH04,SUKL30630/2026,,2024-01-09,2026-09-23T20:53:05.250531,84212
CZ,Czech Republic,SUKL,ESTRAHEXAL,ESTRADIOL HEMIHYDRATE,25MCG/24H TDR EMP 6,,0047045,2026-07-15,,shortage - monitored,G03CA03,SUKL224702/2026,Výrobní důvody,2026-07-03,2026-09-23T20:53:05.250533,
CZ,Czech Republic,SUKL,QUETIAPIN TEVA RETARD,QUETIAPINE FUMARATE,400MG TBL PRO 60,,0174768,2026-01-21,,shortage - monitored,N05AH04,SUKL30630/2026,Výrobní důvody,2026-03-02,2026-09-23T20:53:05.250534,84212
CZ,Czech Republic,SUKL,DERIN PROLONG,QUETIAPINE FUMARATE,400MG TBL PRO 60,,0136608,2026-01-21,,shortage - monitored,N05AH04,SUKL30630/2026,Výrobní důvody,2026-04-15,2026-09-23T20:53:05.250535,84212
CZ,Czech Republic,SUKL,QUESTAX PROLONG,QUETIAPINE FUMARATE,400MG TBL PRO 60,,0236872,2026-01-21,,shortage - monitored,N05AH04,SUKL30630/2026,Výrobní důvody,2025-12-03,2026-09-23T20:53:05.250537,84212
CZ,Czech Republic,SUKL,EQUORAL,CICLOSPORIN,50MG CPS MOL 50X1,,0010184,2026-04-21,,shortage - monitored,L04AD01,SUKL147405/2026,Přechod na jiný SÚKL kód,2026-08-18,2026-09-23T20:53:05.250538,
CZ,Czech Republic,SUKL,CICLOSPORIN MYLAN,CICLOSPORIN,50MG CPS MOL 50,,0230982,2026-04-21,,shortage - monitored,L04AD01,SUKL147405/2026,Přechod na jiný SÚKL kód,2026-07-08,2026-09-23T20:53:05.250540,
CZ,Czech Republic,SUKL,ZULBEX,RABEPRAZOLE SODIUM,20MG TBL ENT 28,,0157139,2026-07-16,,shortage - monitored,A02BC04,SUKL225497/2026,,2024-07-02,2026-09-23T20:53:05.250541,54879
CZ,Czech Republic,SUKL,ZULBEX,RABEPRAZOLE SODIUM,10MG TBL ENT 28,,0157129,2026-07-16,,shortage - monitored,A02BC04,SUKL225497/2026,,2024-04-23,2026-09-23T20:53:05.250542,54860
CZ,Czech Republic,SUKL,RAPOXOL,RABEPRAZOLE SODIUM,20MG TBL ENT 100,,0141960,2026-07-16,,shortage - monitored,A02BC04,SUKL225497/2026,Kapacitní/distribuční důvody,2026-09-17,2026-09-23T20:53:05.250544,54879
CZ,Czech Republic,SUKL,ZULBEX,RABEPRAZOLE SODIUM,20MG TBL ENT 56,,0157141,2026-07-16,,shortage - monitored,A02BC04,SUKL225497/2026,,2026-08-24,2026-09-23T20:53:05.250545,54879
CZ,Czech Republic,SUKL,MITOMYCIN ACCORD,MITOMYCIN,20MG INJ/INF/IVS PLV SOL 5,,0241616,2026-02-10,,shortage - monitored,L01DC03,SUKL62398/2026,Výrobní důvody,2026-02-05,2026-09-23T20:53:05.250547,
CZ,Czech Republic,SUKL,SANDIMMUN NEORAL,CICLOSPORIN,50MG CPS MOL 50,,0015641,2026-04-21,,shortage - monitored,L04AD01,SUKL147405/2026,,2026-05-27,2026-09-23T20:53:05.250548,
CZ,Czech Republic,SUKL,QUETIAPIN NEURAXPHARM,QUETIAPINE FUMARATE,300MG TBL FLM 60,,0249094,2026-01-22,,shortage - monitored,N05AH04,SUKL32091/2026,,2020-08-13,2026-09-23T20:53:05.250550,60283
CZ,Czech Republic,SUKL,KETILEPT,QUETIAPINE FUMARATE,300MG TBL FLM 60,,0116132,2026-01-22,,shortage - monitored,N05AH04,SUKL32091/2026,Přechod na jinou velikost balení,2026-08-25,2026-09-23T20:53:05.250551,60283
CZ,Czech Republic,SUKL,QUETIAPIN NEURAXPHARM,QUETIAPINE FUMARATE,100MG TBL FLM 60,,0249082,2026-07-22,,shortage - monitored,N05AH04,SUKL229696/2026,,2024-06-27,2026-09-23T20:53:05.250553,50768
CZ,Czech Republic,SUKL,DERIN,QUETIAPINE FUMARATE,200MG TBL FLM 70,,0281618,2026-01-22,,shortage - monitored,N05AH04,SUKL32091/2026,,2025-11-27,2026-09-23T20:53:05.250554,50776
CZ,Czech Republic,SUKL,QUETIAPIN NEURAXPHARM,QUETIAPINE FUMARATE,400MG TBL FLM 60,,0249098,2026-01-22,,shortage - monitored,N05AH04,SUKL32091/2026,,2020-08-13,2026-09-23T20:53:05.250556,
CZ,Czech Republic,SUKL,QUETIAPIN NEURAXPHARM,QUETIAPINE FUMARATE,50MG TBL FLM 60,,0249078,2026-07-22,,shortage - monitored,N05AH04,SUKL229696/2026,,2026-06-01,2026-09-23T20:53:05.250557,
CZ,Czech Republic,SUKL,ATOMOXETIN MYLAN,ATOMOXETINE HYDROCHLORIDE,100MG CPS DUR 28,,0238132,2024-08-02,,shortage - monitored,N06BA09,SUKL191647/2024,Přechod na jiný SÚKL kód,2025-04-17,2026-09-23T20:53:05.250559,105309
CZ,Czech Republic,SUKL,ATOMOXETIN MYLAN,ATOMOXETINE HYDROCHLORIDE,80MG CPS DUR 28,,0234262,2024-08-02,,shortage - monitored,N06BA09,SUKL191647/2024,Přechod na jiný SÚKL kód,2025-04-15,2026-09-23T20:53:05.250560,
CZ,Czech Republic,SUKL,ATOMOXETIN MYLAN,ATOMOXETINE HYDROCHLORIDE,60MG CPS DUR 28,,0234259,2024-08-02,,shortage - monitored,N06BA09,SUKL191647/2024,Přechod na jiný SÚKL kód,2025-03-24,2026-09-23T20:53:05.250562,76740
CZ,Czech Republic,SUKL,ATOMOXETIN MYLAN,ATOMOXETINE HYDROCHLORIDE,40MG CPS DUR 28,,0234256,2024-08-02,,shortage - monitored,N06BA09,SUKL191647/2024,Přechod na jiný SÚKL kód,2026-05-27,2026-09-23T20:53:05.250563,76732
CZ,Czech Republic,SUKL,ATOMOXETIN MYLAN,ATOMOXETINE HYDROCHLORIDE,25MG CPS DUR 28,,0234253,2024-08-02,,shortage - monitored,N06BA09,SUKL191647/2024,Přechod na jiný SÚKL kód,2025-04-23,2026-09-23T20:53:05.250564,76724
CZ,Czech Republic,SUKL,ATOMOXETIN MYLAN,ATOMOXETINE HYDROCHLORIDE,18MG CPS DUR 28,,0234250,2024-08-02,,shortage - monitored,N06BA09,SUKL191647/2024,Přechod na jiný SÚKL kód,2025-06-27,2026-09-23T20:53:05.250566,76716
CZ,Czech Republic,SUKL,ATOMOXETIN MYLAN,ATOMOXETINE HYDROCHLORIDE,10MG CPS DUR 28,,0234247,2024-08-02,,shortage - monitored,N06BA09,SUKL191647/2024,Přechod na jiný SÚKL kód,2025-05-14,2026-09-23T20:53:05.250567,76708
CZ,Czech Republic,SUKL,ATOMINEX,ATOMOXETINE HYDROCHLORIDE,100MG CPS DUR 28 I,,0231128,2024-08-02,,shortage - monitored,N06BA09,SUKL191647/2024,Výrobní důvody,2026-07-17,2026-09-23T20:53:05.250568,105309
CZ,Czech Republic,SUKL,ATOMINEX,ATOMOXETINE HYDROCHLORIDE,80MG CPS DUR 28 I,,0231120,2024-08-02,,shortage - monitored,N06BA09,SUKL191647/2024,Výrobní důvody,2026-06-13,2026-09-23T20:53:05.250569,89494
CZ,Czech Republic,SUKL,ATOMINEX,ATOMOXETINE HYDROCHLORIDE,60MG CPS DUR 28 I,,0231112,2024-08-02,,shortage - monitored,N06BA09,SUKL191647/2024,Výrobní důvody,2026-09-18,2026-09-23T20:53:05.250571,76740
CZ,Czech Republic,SUKL,ATOMINEX,ATOMOXETINE HYDROCHLORIDE,40MG CPS DUR 28 I,,0231104,2024-08-02,,shortage - monitored,N06BA09,SUKL191647/2024,Výrobní důvody,2026-08-10,2026-09-23T20:53:05.250572,76732
CZ,Czech Republic,SUKL,ATOMINEX,ATOMOXETINE HYDROCHLORIDE,40MG CPS DUR 7 I,,0231102,2024-08-02,,shortage - monitored,N06BA09,SUKL191647/2024,,2026-06-24,2026-09-23T20:53:05.250573,76732
CZ,Czech Republic,SUKL,ATOMINEX,ATOMOXETINE HYDROCHLORIDE,25MG CPS DUR 28 I,,0231096,2024-08-02,,shortage - monitored,N06BA09,SUKL191647/2024,Výrobní důvody,2026-08-10,2026-09-23T20:53:05.250575,76724
CZ,Czech Republic,SUKL,ATOMINEX,ATOMOXETINE HYDROCHLORIDE,25MG CPS DUR 7 I,,0231094,2024-08-02,,shortage - monitored,N06BA09,SUKL191647/2024,,2025-09-01,2026-09-23T20:53:05.250576,76724
CZ,Czech Republic,SUKL,ATOMINEX,ATOMOXETINE HYDROCHLORIDE,18MG CPS DUR 28 I,,0231088,2024-08-02,,shortage - monitored,N06BA09,SUKL191647/2024,Výrobní důvody,2026-07-23,2026-09-23T20:53:05.250577,76716
CZ,Czech Republic,SUKL,ATOMINEX,ATOMOXETINE HYDROCHLORIDE,18MG CPS DUR 7 I,,0231086,2024-08-02,,shortage - monitored,N06BA09,SUKL191647/2024,,2025-12-11,2026-09-23T20:53:05.250579,76716
CZ,Czech Republic,SUKL,ATOMINEX,ATOMOXETINE HYDROCHLORIDE,10MG CPS DUR 28 I,,0228960,2024-08-02,,shortage - monitored,N06BA09,SUKL191647/2024,Výrobní důvody,2026-07-17,2026-09-23T20:53:05.250580,76708
CZ,Czech Republic,SUKL,ATOMINEX,ATOMOXETINE HYDROCHLORIDE,10MG CPS DUR 7 I,,0228958,2024-08-02,,shortage - monitored,N06BA09,SUKL191647/2024,Výrobní důvody,2026-09-18,2026-09-23T20:53:05.250582,76708
CZ,Czech Republic,SUKL,ATOMOXETINE ACCORD,ATOMOXETINE HYDROCHLORIDE,80MG CPS DUR 28 I,,0224220,2024-08-02,,shortage - monitored,N06BA09,SUKL191647/2024,Výrobní důvody,2026-08-13,2026-09-23T20:53:05.250583,89494
CZ,Czech Republic,SUKL,ATOMOXETIN GLENMARK,ATOMOXETINE HYDROCHLORIDE,100MG CPS DUR 28 I,,0223710,2024-08-02,,shortage - monitored,N06BA09,SUKL191647/2024,Výrobní důvody,2026-01-27,2026-09-23T20:53:05.250585,105309
CZ,Czech Republic,SUKL,ATOMOXETIN GLENMARK,ATOMOXETINE HYDROCHLORIDE,80MG CPS DUR 28 I,,0223708,2024-08-02,,shortage - monitored,N06BA09,SUKL191647/2024,Obchodní/marketingové důvody,2023-12-25,2026-09-23T20:53:05.250586,89494
CZ,Czech Republic,SUKL,ATOMOXETIN GLENMARK,ATOMOXETINE HYDROCHLORIDE,18MG CPS DUR 28 I,,0223697,2024-08-02,,shortage - monitored,N06BA09,SUKL191647/2024,Výrobní důvody,2026-05-04,2026-09-23T20:53:05.250588,76716
CZ,Czech Republic,SUKL,ATOMOXETIN GLENMARK,ATOMOXETINE HYDROCHLORIDE,10MG CPS DUR 28 I,,0223694,2024-08-02,,shortage - monitored,N06BA09,SUKL191647/2024,Obchodní/marketingové důvody,2025-08-04,2026-09-23T20:53:05.250589,76708
CZ,Czech Republic,SUKL,ATOFAB,ATOMOXETINE HYDROCHLORIDE,60MG CPS DUR 30 I,,0221854,2024-08-02,,shortage - monitored,N06BA09,SUKL191647/2024,Nízká výše stanovené úhrady,2024-08-19,2026-09-23T20:53:05.250591,76740
CZ,Czech Republic,SUKL,ATOFAB,ATOMOXETINE HYDROCHLORIDE,40MG CPS DUR 30 I,,0221842,2024-08-02,,shortage - monitored,N06BA09,SUKL191647/2024,Nízká výše stanovené úhrady,2024-08-19,2026-09-23T20:53:05.250592,76732
CZ,Czech Republic,SUKL,ATOFAB,ATOMOXETINE HYDROCHLORIDE,25MG CPS DUR 30 I,,0221830,2024-08-02,,shortage - monitored,N06BA09,SUKL191647/2024,Nízká výše stanovené úhrady,2024-08-19,2026-09-23T20:53:05.250594,76724
CZ,Czech Republic,SUKL,ATOFAB,ATOMOXETINE HYDROCHLORIDE,18MG CPS DUR 30 I,,0221818,2024-08-02,,shortage - monitored,N06BA09,SUKL191647/2024,Nízká výše stanovené úhrady,2024-08-19,2026-09-23T20:53:05.250595,76716
CZ,Czech Republic,SUKL,ATOFAB,ATOMOXETINE HYDROCHLORIDE,10MG CPS DUR 30 I,,0221806,2024-08-02,,shortage - monitored,N06BA09,SUKL191647/2024,Nízká výše stanovené úhrady,2024-08-19,2026-09-23T20:53:05.250597,76708
CZ,Czech Republic,SUKL,HEDONIN,QUETIAPINE FUMARATE,200MG TBL FLM 60,,0176118,2026-01-22,,shortage - monitored,N05AH04,SUKL32091/2026,,2010-12-31,2026-09-23T20:53:05.250598,50776
CZ,Czech Republic,SUKL,QUETIAPINE POLPHARMA,QUETIAPINE FUMARATE,200MG TBL FLM 60,,0142870,2026-01-22,,shortage - monitored,N05AH04,SUKL32091/2026,,2017-04-07,2026-09-23T20:53:05.250600,50776
CZ,Czech Republic,SUKL,ATOMOXETIN SANDOZ,ATOMOXETINE HYDROCHLORIDE,100MG CPS DUR 28 I,,0132181,2024-08-02,,shortage - monitored,N06BA09,SUKL191647/2024,stahování - SÚKL,2024-10-01,2026-09-23T20:53:05.250601,105309
CZ,Czech Republic,SUKL,ATOMOXETIN SANDOZ,ATOMOXETINE HYDROCHLORIDE,80MG CPS DUR 28 I,,0132176,2024-08-02,,shortage - monitored,N06BA09,SUKL191647/2024,stahování - SÚKL,2024-10-01,2026-09-23T20:53:05.250602,89494
CZ,Czech Republic,SUKL,ATOMOXETIN SANDOZ,ATOMOXETINE HYDROCHLORIDE,60MG CPS DUR 28 I,,0132171,2024-08-02,,shortage - monitored,N06BA09,SUKL191647/2024,Výrobní důvody,2026-05-29,2026-09-23T20:53:05.250604,76740
CZ,Czech Republic,SUKL,ATOMOXETIN SANDOZ,ATOMOXETINE HYDROCHLORIDE,40MG CPS DUR 28 I,,0132166,2024-08-02,,shortage - monitored,N06BA09,SUKL191647/2024,Výrobní důvody,2024-10-01,2026-09-23T20:53:05.250605,76732
CZ,Czech Republic,SUKL,ATOMOXETIN SANDOZ,ATOMOXETINE HYDROCHLORIDE,25MG CPS DUR 28 I,,0132161,2024-08-02,,shortage - monitored,N06BA09,SUKL191647/2024,stahování - SÚKL,2024-10-01,2026-09-23T20:53:05.250607,76724
CZ,Czech Republic,SUKL,ATOMOXETIN SANDOZ,ATOMOXETINE HYDROCHLORIDE,18MG CPS DUR 28 I,,0132156,2024-08-02,,shortage - monitored,N06BA09,SUKL191647/2024,stahování - SÚKL,2024-10-01,2026-09-23T20:53:05.250608,76716
CZ,Czech Republic,SUKL,ATOMOXETIN SANDOZ,ATOMOXETINE HYDROCHLORIDE,10MG CPS DUR 28 I,,0132151,2024-08-02,,shortage - monitored,N06BA09,SUKL191647/2024,stahování - SÚKL,2024-10-01,2026-09-23T20:53:05.250609,76708
CZ,Czech Republic,SUKL,BITINEX,ATOMOXETINE HYDROCHLORIDE,100MG CPS DUR 28 I,,0132147,2024-08-02,,shortage - monitored,N06BA09,SUKL191647/2024,,2026-05-25,2026-09-23T20:53:05.250611,105309
CZ,Czech Republic,SUKL,BITINEX,ATOMOXETINE HYDROCHLORIDE,80MG CPS DUR 28 I,,0132144,2024-08-02,,shortage - monitored,N06BA09,SUKL191647/2024,,2025-11-12,2026-09-23T20:53:05.250613,89494
CZ,Czech Republic,SUKL,BITINEX,ATOMOXETINE HYDROCHLORIDE,60MG CPS DUR 56 I,,0132142,2024-08-02,,shortage - monitored,N06BA09,SUKL191647/2024,,2026-05-25,2026-09-23T20:53:05.250614,76740
CZ,Czech Republic,SUKL,BITINEX,ATOMOXETINE HYDROCHLORIDE,60MG CPS DUR 28 I,,0132141,2024-08-02,,shortage - monitored,N06BA09,SUKL191647/2024,Výrobní důvody,2024-09-26,2026-09-23T20:53:05.250615,76740
CZ,Czech Republic,SUKL,BITINEX,ATOMOXETINE HYDROCHLORIDE,40MG CPS DUR 56 I,,0132139,2024-08-02,,shortage - monitored,N06BA09,SUKL191647/2024,Výrobní důvody,2025-06-16,2026-09-23T20:53:05.250617,76732
CZ,Czech Republic,SUKL,BITINEX,ATOMOXETINE HYDROCHLORIDE,40MG CPS DUR 28 I,,0132138,2024-08-02,,shortage - monitored,N06BA09,SUKL191647/2024,Výrobní důvody,2026-06-09,2026-09-23T20:53:05.250618,76732
CZ,Czech Republic,SUKL,BITINEX,ATOMOXETINE HYDROCHLORIDE,25MG CPS DUR 56 I,,0132136,2024-08-02,,shortage - monitored,N06BA09,SUKL191647/2024,Výrobní důvody,2026-09-09,2026-09-23T20:53:05.250620,
CZ,Czech Republic,SUKL,BITINEX,ATOMOXETINE HYDROCHLORIDE,25MG CPS DUR 28 I,,0132135,2024-08-02,,shortage - monitored,N06BA09,SUKL191647/2024,Výrobní důvody,2026-09-09,2026-09-23T20:53:05.250621,76724
CZ,Czech Republic,SUKL,BITINEX,ATOMOXETINE HYDROCHLORIDE,18MG CPS DUR 56 I,,0132133,2024-08-02,,shortage - monitored,N06BA09,SUKL191647/2024,Procesní-registrační důvody,2026-04-29,2026-09-23T20:53:05.250622,76716
CZ,Czech Republic,SUKL,BITINEX,ATOMOXETINE HYDROCHLORIDE,18MG CPS DUR 28 I,,0132132,2024-08-02,,shortage - monitored,N06BA09,SUKL191647/2024,Výrobní důvody,2026-02-26,2026-09-23T20:53:05.250624,76716
CZ,Czech Republic,SUKL,BITINEX,ATOMOXETINE HYDROCHLORIDE,10MG CPS DUR 28 I,,0132129,2024-08-02,,shortage - monitored,N06BA09,SUKL191647/2024,Výrobní důvody,2024-09-26,2026-09-23T20:53:05.250625,76708
CZ,Czech Republic,SUKL,ATOMOXETIN ACTAVIS,ATOMOXETINE HYDROCHLORIDE,60MG CPS DUR 28,,0103597,2024-08-02,,shortage - monitored,N06BA09,SUKL191647/2024,,2026-07-07,2026-09-23T20:53:05.250626,76740
CZ,Czech Republic,SUKL,ATOMOXETIN ACTAVIS,ATOMOXETINE HYDROCHLORIDE,40MG CPS DUR 28,,0103593,2024-08-02,,shortage - monitored,N06BA09,SUKL191647/2024,,2026-07-28,2026-09-23T20:53:05.250628,76732
CZ,Czech Republic,SUKL,ATOMOXETIN ACTAVIS,ATOMOXETINE HYDROCHLORIDE,25MG CPS DUR 28,,0103588,2024-08-02,,shortage - monitored,N06BA09,SUKL191647/2024,,2025-07-28,2026-09-23T20:53:05.250629,76724
CZ,Czech Republic,SUKL,ATOMOXETIN ACTAVIS,ATOMOXETINE HYDROCHLORIDE,18MG CPS DUR 28,,0103583,2024-08-02,,shortage - monitored,N06BA09,SUKL191647/2024,,2026-02-26,2026-09-23T20:53:05.250630,76716
CZ,Czech Republic,SUKL,ATOMOXETIN ACTAVIS,ATOMOXETINE HYDROCHLORIDE,10MG CPS DUR 28,,0103578,2024-08-02,,shortage - monitored,N06BA09,SUKL191647/2024,Obchodní/marketingové důvody,2026-07-30,2026-09-23T20:53:05.250632,76708
CZ,Czech Republic,SUKL,DERIN,QUETIAPINE FUMARATE,200MG TBL FLM 60,,0129469,2026-01-22,,shortage - monitored,N05AH04,SUKL32091/2026,,2025-08-21,2026-09-23T20:53:05.250633,50776
CZ,Czech Republic,SUKL,KETILEPT,QUETIAPINE FUMARATE,200MG TBL FLM 60,,0116124,2026-01-22,,shortage - monitored,N05AH04,SUKL32091/2026,Nízká výše stanovené úhrady,2026-09-11,2026-09-23T20:53:05.250634,50776
CZ,Czech Republic,SUKL,KETILEPT,QUETIAPINE FUMARATE,200MG TBL FLM 30,,0116123,2026-01-22,,shortage - monitored,N05AH04,SUKL32091/2026,Výrobní důvody,2026-02-19,2026-09-23T20:53:05.250636,50776
CZ,Czech Republic,SUKL,KVENTIAX,QUETIAPINE FUMARATE,200MG TBL FLM 30,,0111855,2026-01-22,,shortage - monitored,N05AH04,SUKL32091/2026,,2022-05-31,2026-09-23T20:53:05.250637,50776
CZ,Czech Republic,SUKL,PRADAXA,DABIGATRAN ETEXILATE MESILATE,150MG CPS DUR 60X1 I,,0168373,2025-08-08,,shortage - monitored,B01AE07,SUKL318130/2025,,2026-09-22,2026-09-23T20:53:05.250639,98361
CZ,Czech Republic,SUKL,KVENTIAX,QUETIAPINE FUMARATE,25MG TBL FLM 30,,0111792,2026-01-22,,shortage - monitored,N05AH04,SUKL32091/2026,,2009-07-10,2026-09-23T20:53:05.250640,50741
CZ,Czech Republic,SUKL,QUETIAPIN NEURAXPHARM,QUETIAPINE FUMARATE,25MG TBL FLM 100,,0249071,2026-01-22,,shortage - monitored,N05AH04,SUKL32091/2026,,2025-09-19,2026-09-23T20:53:05.250641,50741
CZ,Czech Republic,SUKL,HEDONIN,QUETIAPINE FUMARATE,25MG TBL FLM 30,,0176127,2026-01-22,,shortage - monitored,N05AH04,SUKL32091/2026,,2020-08-13,2026-09-23T20:53:05.250642,50741
CZ,Czech Republic,SUKL,QUETIAPINE POLPHARMA,QUETIAPINE FUMARATE,25MG TBL FLM 30,,0142865,2026-01-22,,shortage - monitored,N05AH04,SUKL32091/2026,,2025-08-06,2026-09-23T20:53:05.250644,50741
CZ,Czech Republic,SUKL,NATRIUM SALICYLICUM BBP,SODIUM SALICYLATE,100MG/ML INJ SOL 10X10ML,,0244747,2026-05-15,,shortage - monitored,N02BA04,SUKL168451/2026,Výrobní důvody,2026-07-17,2026-09-23T20:53:05.250645,
CZ,Czech Republic,SUKL,DERIN,QUETIAPINE FUMARATE,25MG TBL FLM 100,,0129441,2026-01-22,,shortage - monitored,N05AH04,SUKL32091/2026,Nízká výše stanovené úhrady,2026-08-20,2026-09-23T20:53:05.250646,50741
CZ,Czech Republic,SUKL,DERIN,QUETIAPINE FUMARATE,25MG TBL FLM 60,,0129439,2026-01-22,,shortage - monitored,N05AH04,SUKL32091/2026,,2022-11-15,2026-09-23T20:53:05.250648,50741
CZ,Czech Republic,SUKL,KVENTIAX,QUETIAPINE FUMARATE,25MG TBL FLM 90,,0111796,2026-01-22,,shortage - monitored,N05AH04,SUKL32091/2026,,2026-06-15,2026-09-23T20:53:05.250649,50741
CZ,Czech Republic,SUKL,MICROPAQUE CT,BARIUM SULFATE,50MG/ML GST SUS 150ML,,0095608,2026-04-24,,shortage - monitored,V08BA01,SUKL150919/2026,,2026-09-23,2026-09-23T20:53:05.250650,41815
CZ,Czech Republic,SUKL,PRADAXA,DABIGATRAN ETEXILATE MESILATE,110MG CPS DUR 60X1 I,,0029328,2025-08-08,,shortage - monitored,B01AE07,SUKL318073/2025,,2026-06-01,2026-09-23T20:53:05.250652,86991
CZ,Czech Republic,SUKL,FLIXOTIDE DISKUS,FLUTICASONE PROPIONATE,250MCG INH PLV DOS 60DÁV,,0237764,2025-08-08,,shortage - monitored,R03BA05,SUKL317937/2025,Přechod na jiný SÚKL kód,2025-10-09,2026-09-23T20:53:05.250653,45632
CZ,Czech Republic,SUKL,FLIXOTIDE DISKUS,FLUTICASONE PROPIONATE,500MCG INH PLV DOS 60DÁV,,0237765,2025-08-08,,shortage - monitored,R03BA05,SUKL317937/2025,Přechod na jiný SÚKL kód,2025-09-24,2026-09-23T20:53:05.250654,66664
CZ,Czech Republic,SUKL,PRALUENT,ALIROCUMAB,150MG INJ SOL PEP 2X1ML II,,0249867,2026-07-22,,shortage - monitored,C10AX14,SUKL229276/2026,,2026-09-08,2026-09-23T20:53:05.250656,208035
CZ,Czech Republic,SUKL,HALOPERIDOL-RICHTER,HALOPERIDOL,5MG/ML INJ SOL 5X1ML,,0002538,2025-08-19,,shortage - monitored,N05AD01,SUKL329846/2025,Výrobní důvody,2026-03-13,2026-09-23T20:53:05.250657,1104
CZ,Czech Republic,SUKL,HEDONIN,QUETIAPINE FUMARATE,100MG TBL FLM 60,,0176115,2026-01-22,,shortage - monitored,N05AH04,SUKL32091/2026,,2010-12-31,2026-09-23T20:53:05.250659,50768
CZ,Czech Republic,SUKL,QUETIAPINE POLPHARMA,QUETIAPINE FUMARATE,100MG TBL FLM 60,,0142866,2026-01-22,,shortage - monitored,N05AH04,SUKL32091/2026,,2026-03-23,2026-09-23T20:53:05.250660,50768
CZ,Czech Republic,SUKL,KVENTIAX,QUETIAPINE FUMARATE,100MG TBL FLM 30,,0111811,2026-01-22,,shortage - monitored,N05AH04,SUKL32091/2026,,2022-05-31,2026-09-23T20:53:05.250661,50768
CZ,Czech Republic,SUKL,KETILEPT,QUETIAPINE FUMARATE,25MG TBL FLM 50,,0224850,2026-01-22,,shortage - monitored,N05AH04,SUKL32091/2026,,2026-03-19,2026-09-23T20:53:05.250662,50741
CZ,Czech Republic,SUKL,QUETIAPINE VIATRIS,QUETIAPINE FUMARATE,200MG TBL FLM 30,,0269388,2026-01-22,,shortage - monitored,N05AH04,SUKL32091/2026,Zvýšené prodeje,2026-08-21,2026-09-23T20:53:05.250664,50776
CZ,Czech Republic,SUKL,QUETIAPINE VIATRIS,QUETIAPINE FUMARATE,300MG TBL FLM 60,,0269454,2026-01-22,,shortage - monitored,N05AH04,SUKL32091/2026,Výrobní důvody,2026-06-02,2026-09-23T20:53:05.250665,60283
CZ,Czech Republic,SUKL,QUETIAPINE VIATRIS,QUETIAPINE FUMARATE,25MG TBL FLM 30,,0269417,2026-01-22,,shortage - monitored,N05AH04,SUKL32091/2026,Výrobní důvody,2026-01-13,2026-09-23T20:53:05.250667,50741
CZ,Czech Republic,SUKL,QUETIAPINE VIATRIS,QUETIAPINE FUMARATE,100MG TBL FLM 60,,0269377,2026-01-22,,shortage - monitored,N05AH04,SUKL32091/2026,Výrobní důvody,2026-09-22,2026-09-23T20:53:05.250668,50768
CZ,Czech Republic,SUKL,KETILEPT,QUETIAPINE FUMARATE,300MG TBL FLM 90,,0224868,2026-01-22,,shortage - monitored,N05AH04,SUKL32091/2026,,2026-02-11,2026-09-23T20:53:05.250669,60283
CZ,Czech Republic,SUKL,MOVENTIG,NALOXEGOL OXALATE,25MG TBL FLM 30X1,,0223014,2026-07-22,,shortage - monitored,A06AH03,SUKL229133/2026,Výrobní důvody,2026-07-17,2026-09-23T20:53:05.250671,147222
CZ,Czech Republic,SUKL,UBRETID,DISTIGMINE BROMIDE,5MG TBL NOB 50,,0259338,2025-07-11,,shortage - monitored,N07AA03,SUKL274917/2025,Výrobní důvody,2024-03-21,2026-09-23T20:53:05.250672,7897
CZ,Czech Republic,SUKL,QUETIAPINE VIATRIS,QUETIAPINE FUMARATE,200MG TBL FLM 100,,0269399,2026-01-22,,shortage - monitored,N05AH04,SUKL32091/2026,Zvýšené prodeje,2026-09-09,2026-09-23T20:53:05.250673,50776
CZ,Czech Republic,SUKL,DERIN,QUETIAPINE FUMARATE,25MG TBL FLM 30,,0129437,2026-07-22,,shortage - monitored,N05AH04,SUKL229696/2026,,2026-04-15,2026-09-23T20:53:05.250674,50741
CZ,Czech Republic,SUKL,QUETIAPIN NEURAXPHARM,QUETIAPINE FUMARATE,200MG TBL FLM 60,,0249090,2026-07-22,,shortage - monitored,N05AH04,SUKL229696/2026,,2026-06-01,2026-09-23T20:53:05.250676,50776
CZ,Czech Republic,SUKL,KETILEPT,QUETIAPINE FUMARATE,25MG TBL FLM 30,,0116099,2026-01-22,,shortage - monitored,N05AH04,SUKL32091/2026,,2026-03-19,2026-09-23T20:53:05.250677,50741
CZ,Czech Republic,SUKL,DERIN PROLONG,QUETIAPINE FUMARATE,400MG TBL PRO 50,,0136607,2026-07-23,,shortage - monitored,N05AH04,SUKL230443/2026,Výrobní důvody,2026-04-16,2026-09-23T20:53:05.250678,84212
CZ,Czech Republic,SUKL,LIPERTANCE,ATORVASTATIN CALCIUM + PERINDOPRIL ARGININE + AMLODIPINE BESILATE,10MG/5MG/5MG TBL FLM 90(3X30),,0205993,2026-08-18,,shortage - monitored,C10BX11,SUKL252060/2026,,2026-09-04,2026-09-23T20:53:05.250680,
CZ,Czech Republic,SUKL,MIVACRON,MIVACURIUM CHLORIDE,2MG/ML INJ SOL 5X10ML,,0226005,2025-11-06,,shortage - monitored,M03AC10,SUKL453707/2025,Výrobní důvody,2025-11-05,2026-09-23T20:53:05.250681,38695
CZ,Czech Republic,SUKL,KETILEPT,QUETIAPINE FUMARATE,100MG TBL FLM 60,,0116108,2026-01-22,,shortage - monitored,N05AH04,SUKL32091/2026,Přechod na jinou velikost balení,2026-01-13,2026-09-23T20:53:05.250682,50768
CZ,Czech Republic,SUKL,COLCHICUM-DISPERT,MEADOW SAFFRON DRY EXTRACT,"0,5MG TBL OBD 50",,0119698,2026-02-10,,shortage - monitored,M04AC01,SUKL62280/2026,Výrobní důvody,2026-02-04,2026-09-23T20:53:05.250684,48828
CZ,Czech Republic,SUKL,SUMATRIPTAN ACTAVIS,SUMATRIPTAN SUCCINATE,50MG TBL OBD 6 I,,0119115,2025-02-13,,shortage - monitored,N02CC01,SUKL52792/2025,Výrobní důvody,2026-07-13,2026-09-23T20:53:05.250685,41378
CZ,Czech Republic,SUKL,FRIMIG,SUMATRIPTAN SUCCINATE,50MG TBL FLM 6,,0242697,2025-02-13,,shortage - monitored,N02CC01,SUKL52792/2025,,2026-07-27,2026-09-23T20:53:05.250687,41378
CZ,Czech Republic,SUKL,ROSEMIG,SUMATRIPTAN SUCCINATE,50MG TBL FLM 6 II,,0237918,2025-02-13,,shortage - monitored,N02CC01,SUKL52792/2025,,2025-12-10,2026-09-23T20:53:05.250688,41378
CZ,Czech Republic,SUKL,ROSEMIG SPRINTAB,SUMATRIPTAN SUCCINATE,50MG TBL SUS 6 II,,0237909,2025-02-13,,shortage - monitored,N02CC01,SUKL52792/2025,,2026-05-05,2026-09-23T20:53:05.250689,79480
CZ,Czech Republic,SUKL,SUMATRIPTAN VIATRIS,SUMATRIPTAN SUCCINATE,50MG TBL FLM 6,,0269068,2025-02-13,,shortage - monitored,N02CC01,SUKL52792/2025,Výrobní důvody,2026-05-12,2026-09-23T20:53:05.250690,41378
CZ,Czech Republic,SUKL,MIVACRON,MIVACURIUM CHLORIDE,2MG/ML INJ SOL 5X5ML,,0226004,2025-11-06,,shortage - monitored,M03AC10,SUKL453707/2025,,2026-07-10,2026-09-23T20:53:05.250692,38695
CZ,Czech Republic,SUKL,INDAPAMID PMCS,INDAPAMIDE,"1,25MG TBL NOB 30",,0191873,2026-05-15,,shortage - monitored,C03BA11,SUKL168306/2026,Výrobní důvody,2026-05-11,2026-09-23T20:53:05.250693,
CZ,Czech Republic,SUKL,GYRABLOCK,NORFLOXACIN,400MG TBL FLM 14,,0067015,2026-05-27,,shortage - monitored,J01MA06,SUKL178648/2026,Obchodní/marketingové důvody,2025-12-22,2026-09-23T20:53:05.250694,22101
CZ,Czech Republic,SUKL,GYRABLOCK,NORFLOXACIN,400MG TBL FLM 30,,0044087,2026-05-27,,shortage - monitored,J01MA06,SUKL178648/2026,Obchodní/marketingové důvody,2025-12-22,2026-09-23T20:53:05.250696,22101
CZ,Czech Republic,SUKL,REVATIO,SILDENAFIL CITRATE,"0,8MG/ML INJ SOL 1X12,5ML",,0167370,2026-05-28,,shortage - monitored,G04BE03,SUKL179251/2026,,2026-08-21,2026-09-23T20:53:05.250697,97268
CZ,Czech Republic,SUKL,RHEFLUIN,AMILORIDE HYDROCHLORIDE DIHYDRATE + HYDROCHLOROTHIAZIDE,5MG/50MG TBL NOB 30,,0076380,2026-07-28,,shortage - monitored,C03EA01,SUKL234191/2026,,2025-10-24,2026-09-23T20:53:05.250698,2410
CZ,Czech Republic,SUKL,LORADUR,AMILORIDE HYDROCHLORIDE DIHYDRATE + HYDROCHLOROTHIAZIDE,5MG/50MG TBL NOB 50,,0047476,2026-07-28,,shortage - monitored,C03EA01,SUKL234191/2026,Výrobní důvody,2026-07-10,2026-09-23T20:53:05.250700,2410
CZ,Czech Republic,SUKL,ZYPADHERA,OLANZAPINE EMBONATE MONOHYDRATE,300MG INJ PLQ SUS PRO 1+1X3ML+STŘ+3J,,0500873,2025-07-23,,shortage - monitored,N05AH03,SUKL293779/2025,,2025-10-17,2026-09-23T20:53:05.250701,90204
CZ,Czech Republic,SUKL,COROTROP,MILRINONE,10MG/10ML INJ SOL 10X10ML,,0125097,2026-01-29,,shortage - monitored,C01CE02,SUKL42987/2026,,2015-03-26,2026-09-23T20:53:05.250702,88501
CZ,Czech Republic,SUKL,ZYPADHERA,OLANZAPINE EMBONATE MONOHYDRATE,210MG INJ PLQ SUS PRO 1+1X3ML+STŘ+3J,,0500872,2025-07-23,,shortage - monitored,N05AH03,SUKL293779/2025,Výrobní důvody,2026-08-12,2026-09-23T20:53:05.250704,90190
CZ,Czech Republic,SUKL,PREDNI-POS,PREDNISOLONE ACETATE,5MG/ML OPH GTT SUS 1X5ML,,0162389,2025-08-21,,shortage - monitored,S01BA04,SUKL332995/2025,Výrobní důvody,2025-08-14,2026-09-23T20:53:05.250705,221503
CZ,Czech Republic,SUKL,ASICORD,MILRINONE,1MG/ML INF CNC SOL 10X10ML,,0179078,2026-01-29,,shortage - monitored,C01CE02,SUKL42987/2026,,2026-08-17,2026-09-23T20:53:05.250706,105031
CZ,Czech Republic,SUKL,ADENURIC,FEBUXOSTAT,80MG TBL FLM 84 II,,0208440,2026-01-29,,shortage - monitored,M04AA03,SUKL42624/2026,Výrobní důvody,2026-07-29,2026-09-23T20:53:05.250708,101788
CZ,Czech Republic,SUKL,FEBUXOSTAT KRKA,FEBUXOSTAT,80MG TBL FLM 28,,0238395,2026-01-29,,shortage - monitored,M04AA03,SUKL42624/2026,,2026-05-12,2026-09-23T20:53:05.250709,101788
CZ,Czech Republic,SUKL,ZYPADHERA,OLANZAPINE EMBONATE MONOHYDRATE,405MG INJ PLQ SUS PRO 1+1X3ML+STŘ+3J,,0500874,2025-03-12,,shortage - monitored,N05AH03,SUKL88417/2025,,2025-10-30,2026-09-23T20:53:05.250710,90212
CZ,Czech Republic,SUKL,RISPERIDON ORION,RISPERIDONE,1MG/ML POR SOL 1X60ML,,0124563,2025-03-14,,shortage - monitored,N05AX08,SUKL91681/2025,Výrobní důvody,2025-03-11,2026-09-23T20:53:05.250711,44016
CZ,Czech Republic,SUKL,RISPERDAL,RISPERIDONE,1MG/ML POR SOL 1X30ML,,0260897,2025-03-14,,shortage - monitored,N05AX08,SUKL91681/2025,,,2026-09-23T20:53:05.250713,44016
CZ,Czech Republic,SUKL,RISPERDAL,RISPERIDONE,1MG/ML POR SOL 30ML,,0066085,2025-03-14,,shortage - monitored,N05AX08,SUKL91681/2025,,,2026-09-23T20:53:05.250714,44016
CZ,Czech Republic,SUKL,LIPERTANCE,ATORVASTATIN CALCIUM + PERINDOPRIL ARGININE + AMLODIPINE BESILATE,10MG/5MG/5MG TBL FLM 30,,0205992,2026-08-18,,shortage - monitored,C10BX11,SUKL252060/2026,,2026-09-04,2026-09-23T20:53:05.250716,
CZ,Czech Republic,SUKL,OSVAREN,"CALCIUM ACETATE + MAGNESIUM CARBONATE, HEAVY",435MG/235MG TBL FLM 180,,0115704,2025-03-20,,shortage - monitored,V03AE04,SUKL97950/2025,Výrobní důvody,2025-03-18,2026-09-23T20:53:05.250717,98167
CZ,Czech Republic,SUKL,VENLAFAXIN VIATRIS,VENLAFAXINE HYDROCHLORIDE,150MG CPS PRO 90,,0279249,2026-08-18,,shortage - monitored,N06AX16,SUKL252051/2026,Výrobní důvody,2026-04-14,2026-09-23T20:53:05.250718,47538
CZ,Czech Republic,SUKL,SYNTOSTIGMIN,NEOSTIGMINE BROMIDE,15MG TBL NOB 20,,0207964,2026-02-03,,shortage - monitored,N07AA01,SUKL51434/2026,násobně zvýšené odběry,2026-01-30,2026-09-23T20:53:05.250720,53694
CZ,Czech Republic,SUKL,NEXVIADYME,AVALGLUCOSIDASE ALFA,100MG INF PLV CSL 1,,0268073,2026-07-30,,shortage - monitored,A16AB22,SUKL236618/2026,,2026-08-17,2026-09-23T20:53:05.250721,230979
CZ,Czech Republic,SUKL,DUAC,"CLINDAMYCIN PHOSPHATE + BENZOYL PEROXIDE, HYDROUS",10MG/G+50MG/G GEL 15G,,0169740,2026-07-30,,shortage - monitored,D10AF51,SUKL236531/2026,Výrobní důvody,2026-07-28,2026-09-23T20:53:05.250722,82767
CZ,Czech Republic,SUKL,TWYNSTA,TELMISARTAN + AMLODIPINE BESILATE,80MG/5MG TBL NOB 28,,0167852,2026-04-29,,shortage - monitored,C09DB04,SUKL154610/2026,,2019-07-26,2026-09-23T20:53:05.250724,
CZ,Czech Republic,SUKL,TELASSMO,TELMISARTAN + AMLODIPINE BESILATE,80MG/5MG TBL NOB 28,,0133989,2026-04-29,,shortage - monitored,C09DB04,SUKL154610/2026,,2026-07-28,2026-09-23T20:53:05.250725,
CZ,Czech Republic,SUKL,TEZEFORT,TELMISARTAN + AMLODIPINE BESILATE,80MG/5MG TBL NOB 28,,0206205,2026-04-29,,shortage - monitored,C09DB04,SUKL154610/2026,,2026-09-03,2026-09-23T20:53:05.250726,
CZ,Czech Republic,SUKL,EXFERANA,DEFERASIROX,360MG TBL FLM 30 II,,0248224,2026-07-30,,shortage - monitored,V03AC03,SUKL236975/2026,,2026-01-23,2026-09-23T20:53:05.250728,137200
CZ,Czech Republic,SUKL,QUETIAPIN NEURAXPHARM,QUETIAPINE FUMARATE,200MG TBL FLM 48,,0249092,2026-02-03,,shortage - monitored,N05AH04,SUKL51529/2026,,2026-01-27,2026-09-23T20:53:05.250729,50776
CZ,Czech Republic,SUKL,QUETIAPIN NEURAXPHARM,QUETIAPINE FUMARATE,100MG TBL FLM 48,,0249084,2026-02-03,,shortage - monitored,N05AH04,SUKL51529/2026,,2025-05-13,2026-09-23T20:53:05.250730,50768
CZ,Czech Republic,SUKL,QUETIAPIN NEURAXPHARM,QUETIAPINE FUMARATE,50MG TBL FLM 48,,0249080,2026-02-03,,shortage - monitored,N05AH04,SUKL51529/2026,,2025-01-29,2026-09-23T20:53:05.250732,
CZ,Czech Republic,SUKL,KETILEPT,QUETIAPINE FUMARATE,100MG TBL FLM 90,,0224858,2026-02-03,,shortage - monitored,N05AH04,SUKL51529/2026,,2026-01-13,2026-09-23T20:53:05.250733,50768
CZ,Czech Republic,SUKL,DERIN,QUETIAPINE FUMARATE,200MG TBL FLM 50,,0129468,2026-02-03,,shortage - monitored,N05AH04,SUKL51529/2026,,2025-12-30,2026-09-23T20:53:05.250734,50776
CZ,Czech Republic,SUKL,EXFERANA,DEFERASIROX,180MG TBL FLM 30 II,,0248216,2026-07-30,,shortage - monitored,V03AC03,SUKL236975/2026,,2026-01-23,2026-09-23T20:53:05.250735,137197
CZ,Czech Republic,SUKL,DEFERASIROX AUXPHARMA,DEFERASIROX,360MG TBL FLM 30X1 II,,0285333,2026-07-30,,shortage - monitored,V03AC03,SUKL236975/2026,,2026-02-12,2026-09-23T20:53:05.250737,137200
CZ,Czech Republic,SUKL,CERUCAL,METOCLOPRAMIDE HYDROCHLORIDE MONOHYDRATE,10MG TBL NOB 50,,0187983,2026-07-30,,shortage - monitored,A03FA01,SUKL236631/2026,Výrobní důvody,2026-07-28,2026-09-23T20:53:05.250738,6947
CZ,Czech Republic,SUKL,QUETIAPIN TEVA RETARD,QUETIAPINE FUMARATE,300MG TBL PRO 60,,0174759,2025-11-13,,shortage - monitored,N05AH04,SUKL466545/2025,Výrobní důvody,2026-04-20,2026-09-23T20:53:05.250739,84204
CZ,Czech Republic,SUKL,DEGAN,METOCLOPRAMIDE HYDROCHLORIDE MONOHYDRATE,10MG TBL NOB 40,,0093104,2026-07-30,,shortage - monitored,A03FA01,SUKL236631/2026,,2026-08-07,2026-09-23T20:53:05.250741,6947
CZ,Czech Republic,SUKL,QUESTAX PROLONG,QUETIAPINE FUMARATE,300MG TBL PRO 60,,0236866,2025-11-13,,shortage - monitored,N05AH04,SUKL466545/2025,Výrobní důvody,2024-10-09,2026-09-23T20:53:05.250742,84204
CZ,Czech Republic,SUKL,BUCCOLAM,MIDAZOLAM HYDROCHLORIDE,"2,5MG ORM SOL 4X0,5ML",,0168502,2026-07-31,,shortage - monitored,N05CD08,SUKL238227/2026,,2024-04-24,2026-09-23T20:53:05.250743,210838
CZ,Czech Republic,SUKL,DERIN PROLONG,QUETIAPINE FUMARATE,300MG TBL PRO 60,,0136602,2025-11-13,,shortage - monitored,N05AH04,SUKL466545/2025,Výrobní důvody,2025-10-17,2026-09-23T20:53:05.250745,84204
CZ,Czech Republic,SUKL,TARKA,TRANDOLAPRIL + VERAPAMIL HYDROCHLORIDE,180MG/2MG TBL MRL 28,,0267529,2025-05-13,,shortage - monitored,C09BB10,SUKL178731/2025,Výrobní důvody,2026-07-09,2026-09-23T20:53:05.250746,42706
CZ,Czech Republic,SUKL,TARKA,TRANDOLAPRIL + VERAPAMIL HYDROCHLORIDE,180MG/2MG TBL MRL 98,,0267531,2025-05-13,,shortage - monitored,C09BB10,SUKL178731/2025,Výrobní důvody,2026-05-12,2026-09-23T20:53:05.250747,42706
CZ,Czech Republic,SUKL,QUETIAPINE VIATRIS,QUETIAPINE FUMARATE,300MG TBL PRO 60,,0278762,2025-11-13,,shortage - monitored,N05AH04,SUKL466545/2025,Výrobní důvody,2026-03-31,2026-09-23T20:53:05.250749,60283
CZ,Czech Republic,SUKL,BUCCOLAM,MIDAZOLAM HYDROCHLORIDE,"7,5MG ORM SOL 4X1,5ML",,0168504,2026-07-31,,shortage - monitored,N05CD08,SUKL238227/2026,Kapacitní/distribuční důvody,2026-07-30,2026-09-23T20:53:05.250750,210935
CZ,Czech Republic,SUKL,DERIN PROLONG,QUETIAPINE FUMARATE,300MG TBL PRO 30,,0136600,2025-11-13,,shortage - monitored,N05AH04,SUKL466545/2025,Výrobní důvody,2025-10-17,2026-09-23T20:53:05.250752,84204
CZ,Czech Republic,SUKL,LEVEMIR PENFILL,INSULIN DETEMIR,100U/ML INJ SOL ZVL 5X3ML,,0028148,2025-11-13,,shortage - monitored,A10AE05,SUKL466339/2025,Výrobní důvody,2025-11-03,2026-09-23T20:53:05.250753,75159
CZ,Czech Republic,SUKL,LEVEMIR FLEXPEN,INSULIN DETEMIR,100U/ML INJ SOL PEP 5X3ML,,0028151,2025-11-13,,shortage - monitored,A10AE05,SUKL466339/2025,Výrobní důvody,2025-11-03,2026-09-23T20:53:05.250754,106976
CZ,Czech Republic,SUKL,HUMULIN R KWIKPEN,INSULIN HUMAN,100IU/ML INJ SOL PEP 10(2X5)X3ML,,0219877,2025-11-13,,shortage - monitored,A10AB01,SUKL466281/2025,,2017-10-03,2026-09-23T20:53:05.250755,
CZ,Czech Republic,SUKL,TEZEFORT,TELMISARTAN + AMLODIPINE BESILATE,80MG/5MG TBL NOB 90,,0206208,2026-04-29,,shortage - monitored,C09DB04,SUKL154610/2026,Výrobní důvody,2025-11-30,2026-09-23T20:53:05.250757,
CZ,Czech Republic,SUKL,QUETIAPINE VIATRIS,QUETIAPINE FUMARATE,200MG TBL PRO 60,,0278753,2025-05-23,,shortage - monitored,N05AH04,SUKL192767/2025,Výrobní důvody,2026-07-01,2026-09-23T20:53:05.250758,50776
CZ,Czech Republic,SUKL,HOLOXAN,IFOSFAMIDE,1G INF PLV SOL 5X1,,0273416,2026-02-04,,shortage - monitored,L01AA06,SUKL53700/2026,,2026-04-20,2026-09-23T20:53:05.250759,14818
CZ,Czech Republic,SUKL,HOLOXAN,IFOSFAMIDE,2G INF PLV SOL 5X1,,0273419,2026-02-04,,shortage - monitored,L01AA06,SUKL53700/2026,,2026-08-05,2026-09-23T20:53:05.250761,14826
CZ,Czech Republic,SUKL,KVENTIAX PROLONG,QUETIAPINE FUMARATE,300MG TBL PRO 60,,0205782,2026-02-04,,shortage - monitored,N05AH04,SUKL53705/2026,Přechod na jinou velikost balení,2026-07-14,2026-09-23T20:53:05.250762,84204
CZ,Czech Republic,SUKL,KVENTIAX PROLONG,QUETIAPINE FUMARATE,150MG TBL PRO 60,,0205624,2026-02-04,,shortage - monitored,N05AH04,SUKL53705/2026,Výrobní důvody,2026-07-14,2026-09-23T20:53:05.250763,94757
CZ,Czech Republic,SUKL,QUETIAPINE ACCORD,QUETIAPINE FUMARATE,300MG TBL PRO 60,,0242431,2026-02-04,,shortage - monitored,N05AH04,SUKL53705/2026,Obchodní/marketingové důvody,2026-06-29,2026-09-23T20:53:05.250765,60283
CZ,Czech Republic,SUKL,ESTRAHEXAL,ESTRADIOL HEMIHYDRATE,50MCG/24H TDR EMP 6,,0047048,2026-02-12,,shortage - monitored,G03CA03,SUKL66042/2026,Výrobní důvody,2026-02-10,2026-09-23T20:53:05.250766,
CZ,Czech Republic,SUKL,QUESTAX PROLONG,QUETIAPINE FUMARATE,200MG TBL PRO 30,,0236858,2025-05-23,,shortage - monitored,N05AH04,SUKL192767/2025,Výrobní důvody,2024-10-09,2026-09-23T20:53:05.250767,84190
CZ,Czech Republic,SUKL,KVENTIAX PROLONG,QUETIAPINE FUMARATE,50MG TBL PRO 60,,0214080,2026-02-04,,shortage - monitored,N05AH04,SUKL53673/2026,Přechod na jinou velikost balení,2026-07-14,2026-09-23T20:53:05.250768,84182
CZ,Czech Republic,SUKL,HUMULIN R CARTRIDGE,INSULIN HUMAN,100IU/ML INJ SOL ZVL 5X3ML,,0219875,2025-11-13,,shortage - monitored,A10AB01,SUKL466281/2025,,2018-02-09,2026-09-23T20:53:05.250770,97330
CZ,Czech Republic,SUKL,DERIN PROLONG,QUETIAPINE FUMARATE,200MG TBL PRO 30,,0136594,2025-05-23,,shortage - monitored,N05AH04,SUKL192767/2025,Výrobní důvody,2025-03-24,2026-09-23T20:53:05.250771,84190
CZ,Czech Republic,SUKL,QUETIAPIN TEVA RETARD,QUETIAPINE FUMARATE,200MG TBL PRO 60,,0174750,2025-05-23,,shortage - monitored,N05AH04,SUKL192767/2025,Výrobní důvody,2026-03-31,2026-09-23T20:53:05.250772,84190
CZ,Czech Republic,SUKL,ENDOXAN,CYCLOPHOSPHAMIDE MONOHYDRATE,500MG INJ/INF PLV SOL 1,,0273461,2026-02-04,,shortage - monitored,L01AA01,SUKL53541/2026,Výrobní důvody,2026-02-09,2026-09-23T20:53:05.250774,5045
CZ,Czech Republic,SUKL,ENDOXAN,CYCLOPHOSPHAMIDE MONOHYDRATE,200MG INJ/INF PLV SOL 10X1,,0273458,2026-02-04,,shortage - monitored,L01AA01,SUKL53541/2026,Výrobní důvody,2026-02-09,2026-09-23T20:53:05.250775,
CZ,Czech Republic,SUKL,ENDOXAN,CYCLOPHOSPHAMIDE MONOHYDRATE,1G INJ/INF PLV SOL 1,,0273464,2026-02-04,,shortage - monitored,L01AA01,SUKL53541/2026,,2026-04-20,2026-09-23T20:53:05.250776,5053
CZ,Czech Republic,SUKL,KVENTIAX PROLONG,QUETIAPINE FUMARATE,200MG TBL PRO 60,,0205776,2026-02-04,,shortage - monitored,N05AH04,SUKL53536/2026,Přechod na jinou velikost balení,2026-07-14,2026-09-23T20:53:05.250778,84190
CZ,Czech Republic,SUKL,ACTRAPID PENFILL,INSULIN HUMAN,100IU/ML INJ SOL ZVL 5X3ML,,0026486,2025-11-13,,shortage - monitored,A10AB01,SUKL466281/2025,Výrobní důvody,2025-11-03,2026-09-23T20:53:05.250779,97330
CZ,Czech Republic,SUKL,ATOMOXETIN VIATRIS,ATOMOXETINE HYDROCHLORIDE,100MG CPS DUR 28,,0268641,2025-05-30,,shortage - monitored,N06BA09,SUKL207260/2025,,2025-04-17,2026-09-23T20:53:05.250780,105309
CZ,Czech Republic,SUKL,ATOMOXETIN VIATRIS,ATOMOXETINE HYDROCHLORIDE,80MG CPS DUR 28,,0268638,2025-05-30,,shortage - monitored,N06BA09,SUKL207260/2025,,2025-04-15,2026-09-23T20:53:05.250782,89494
CZ,Czech Republic,SUKL,ATOMOXETIN VIATRIS,ATOMOXETINE HYDROCHLORIDE,60MG CPS DUR 28,,0268635,2025-05-30,,shortage - monitored,N06BA09,SUKL207260/2025,,2025-03-24,2026-09-23T20:53:05.250783,76740
CZ,Czech Republic,SUKL,BUPRENORFIN STADA,BUPRENORPHINE,10MCG/H TDR EMP 4,,0251677,2026-05-22,,shortage - monitored,N02AE01,SUKL174679/2026,Výrobní důvody,2026-04-07,2026-09-23T20:53:05.250784,89419
CZ,Czech Republic,SUKL,BUCCOLAM,MIDAZOLAM HYDROCHLORIDE,10MG ORM SOL 4X2ML,,0168505,2026-07-31,,shortage - monitored,N05CD08,SUKL238227/2026,Kapacitní/distribuční důvody,2026-07-30,2026-09-23T20:53:05.250786,210161
CZ,Czech Republic,SUKL,ATOFAB,ATOMOXETINE HYDROCHLORIDE,40MG CPS DUR 56 I,,0221843,2025-05-30,,shortage - monitored,N06BA09,SUKL207260/2025,Výrobní důvody,2026-07-02,2026-09-23T20:53:05.250787,76732
CZ,Czech Republic,SUKL,ATOFAB,ATOMOXETINE HYDROCHLORIDE,25MG CPS DUR 56 I,,0221831,2025-05-30,,shortage - monitored,N06BA09,SUKL207260/2025,,2025-03-17,2026-09-23T20:53:05.250788,76724
CZ,Czech Republic,SUKL,ATOFAB,ATOMOXETINE HYDROCHLORIDE,18MG CPS DUR 56 I,,0221819,2025-05-30,,shortage - monitored,N06BA09,SUKL207260/2025,,2025-03-17,2026-09-23T20:53:05.250789,76716
CZ,Czech Republic,SUKL,ATOFAB,ATOMOXETINE HYDROCHLORIDE,10MG CPS DUR 56 I,,0221807,2025-05-30,,shortage - monitored,N06BA09,SUKL207260/2025,Výrobní důvody,2025-11-10,2026-09-23T20:53:05.250791,76708
CZ,Czech Republic,SUKL,BUCCOLAM,MIDAZOLAM HYDROCHLORIDE,5MG ORM SOL 4X1ML,,0168503,2026-07-31,,shortage - monitored,N05CD08,SUKL238227/2026,,2026-08-25,2026-09-23T20:53:05.250792,210927
CZ,Czech Republic,SUKL,BUPRENORFIN STADA,BUPRENORPHINE,30MCG/H TDR EMP 4,,0240779,2026-07-31,,shortage - monitored,N02AE01,SUKL237806/2026,Výrobní důvody,2026-07-29,2026-09-23T20:53:05.250794,
CZ,Czech Republic,SUKL,VENLAFAXIN VIATRIS,VENLAFAXINE HYDROCHLORIDE,150MG CPS PRO 30,,0279241,2026-08-18,,shortage - monitored,N06AX16,SUKL252051/2026,Výrobní důvody,2026-07-28,2026-09-23T20:53:05.250795,47538
CZ,Czech Republic,SUKL,FRAMYKOIN,NEOMYCIN SULFATE + BACITRACIN ZINC,3300IU/G+250IU/G UNG 1X10G,,0001066,2024-07-17,,shortage - monitored,D06AX,SUKL175951/2024,,2024-12-04,2026-09-23T20:53:05.250796,
CZ,Czech Republic,SUKL,VIGIL,MODAFINIL,100MG TBL NOB 30,,0229227,2026-02-04,,shortage - monitored,N06BA07,SUKL53155/2026,Převod registrace,2026-01-27,2026-09-23T20:53:05.250797,56146
CZ,Czech Republic,SUKL,MERIOFERT SET,MENOTROPHIN,"900IU INJ PSO LQF 1+1X2,35ML ISP",,0258505,2025-11-25,,shortage - monitored,G03GA02,SUKL486001/2025,,2026-04-14,2026-09-23T20:53:05.250799,221708
CZ,Czech Republic,SUKL,SUMAMED,AZITHROMYCIN DIHYDRATE,500MG INF PLV SOL 5,,0155862,2026-08-04,,shortage - monitored,J01FA10,SUKL240329/2026,Výrobní důvody,2026-07-30,2026-09-23T20:53:05.250800,
CZ,Czech Republic,SUKL,EFECTIN ER,VENLAFAXINE HYDROCHLORIDE,150MG CPS PRO 28 II,,0262514,2026-08-18,,shortage - monitored,N06AX16,SUKL252051/2026,,2022-05-15,2026-09-23T20:53:05.250802,47538
CZ,Czech Republic,SUKL,LANXIB,LANSOPRAZOLE,30MG CPS ETD 56 II,,0277061,2026-08-26,,shortage - monitored,A02BC03,SUKL259237/2026,,2026-09-14,2026-09-23T20:53:05.250803,79391
CZ,Czech Republic,SUKL,KVENTIAX PROLONG,QUETIAPINE FUMARATE,400MG TBL PRO 60,,0205718,2026-02-05,,shortage - monitored,N05AH04,SUKL55228/2026,Obchodní/marketingové důvody,2026-03-03,2026-09-23T20:53:05.250804,84212
CZ,Czech Republic,SUKL,BACTROBAN NASAL,MUPIROCIN CALCIUM,20MG/G NAS UNG 1X3G,,0237830,2026-02-06,,shortage - monitored,R01AX06,SUKL56968/2026,Přechod na jiný SÚKL kód,2026-05-28,2026-09-23T20:53:05.250805,32085
CZ,Czech Republic,SUKL,CIPROFLOXACIN KABI,CIPROFLOXACIN,200MG/100ML INF SOL 10X100ML,,0162180,2025-09-16,,shortage - monitored,J01MA02,SUKL370760/2025,,2026-09-10,2026-09-23T20:53:05.250807,138207
CZ,Czech Republic,SUKL,CIPRINOL,CIPROFLOXACIN LACTATE,100MG/10ML INF CNC SOL 5X10ML,,0096040,2025-09-16,,shortage - monitored,J01MA02,SUKL370760/2025,,2025-12-02,2026-09-23T20:53:05.250808,
CZ,Czech Republic,SUKL,CIPROFLOXACIN KABI,CIPROFLOXACIN,400MG/200ML INF SOL 10X200ML,,0162187,2025-09-16,,shortage - monitored,J01MA02,SUKL370760/2025,Kapacitní/distribuční důvody,2026-05-26,2026-09-23T20:53:05.250809,138215
CZ,Czech Republic,SUKL,MERIOFERT SET,MENOTROPHIN,75IU INJ PSO LQF 10+10X1ML ISP,,0242515,2025-09-16,,shortage - monitored,G03GA02,SUKL370650/2025,,2026-09-23,2026-09-23T20:53:05.250811,
CZ,Czech Republic,SUKL,MERIOFERT SET,MENOTROPHIN,150IU INJ PSO LQF 1+1X1ML ISP,,0242510,2025-09-16,,shortage - monitored,G03GA02,SUKL370650/2025,,2026-03-09,2026-09-23T20:53:05.250812,
CZ,Czech Republic,SUKL,MERIOFERT SET,MENOTROPHIN,150IU INJ PSO LQF 10+10X1ML ISP,,0242512,2025-09-16,,shortage - monitored,G03GA02,SUKL370650/2025,,2026-03-09,2026-09-23T20:53:05.250813,
CZ,Czech Republic,SUKL,TAMOXIFEN EBEWE,TAMOXIFEN CITRATE,20MG TBL NOB 100,,0058702,2025-11-27,,shortage - monitored,L02BA01,SUKL491876/2025,Výrobní důvody,2025-11-26,2026-09-23T20:53:05.250815,17884
CZ,Czech Republic,SUKL,TAMOXIFEN EBEWE,TAMOXIFEN CITRATE,10MG TBL NOB 100,,0058701,2025-11-27,,shortage - monitored,L02BA01,SUKL491876/2025,Výrobní důvody,2025-05-12,2026-09-23T20:53:05.250816,3034
CZ,Czech Republic,SUKL,PRESID,FELODIPINE,5MG TBL PRO 30,,0235780,2026-08-05,,shortage - monitored,C08CA02,SUKL241884/2026,Výrobní důvody,2026-07-30,2026-09-23T20:53:05.250817,30929
CZ,Czech Republic,SUKL,VERORAB,"RABIES VIRUS, INACTIVATED","INJ PSU LQF 1+1X0,5ML ISP",,0268673,2025-12-16,,shortage - monitored,J07BG01,SUKL521558/2025,Kapacitní/distribuční důvody,2026-09-08,2026-09-23T20:53:05.250818,225371
CZ,Czech Republic,SUKL,FLOXAL,OFLOXACIN,3MG/G OPH UNG 3G,,0056676,2026-06-11,,shortage - monitored,S01AE01,SUKL193883/2026,,2026-09-07,2026-09-23T20:53:05.250820,32182
CZ,Czech Republic,SUKL,CEFZIL,CEFPROZIL MONOHYDRATE,250MG TBL FLM 10,,0250962,2026-07-03,,shortage - monitored,J01DC10,SUKL214878/2026,,2023-09-27,2026-09-23T20:53:05.250821,
CZ,Czech Republic,SUKL,PRESID,FELODIPINE,"2,5MG TBL PRO 30",,0235777,2026-08-05,,shortage - monitored,C08CA02,SUKL241884/2026,Výrobní důvody,2026-07-30,2026-09-23T20:53:05.250822,35726
CZ,Czech Republic,SUKL,FRISIUM,CLOBAZAM,10MG TBL NOB 20,,0278985,2026-08-19,,shortage - monitored,N05BA09,SUKL253177/2026,,2026-09-17,2026-09-23T20:53:05.250823,17116
CZ,Czech Republic,SUKL,BUPRENORFIN STADA,BUPRENORPHINE,20MCG/H TDR EMP 4,,0251680,2026-08-06,,shortage - monitored,N02AE01,SUKL242768/2026,Výrobní důvody,2026-08-03,2026-09-23T20:53:05.250825,89435
CZ,Czech Republic,SUKL,PROVERA,MEDROXYPROGESTERONE ACETATE,500MG TBL NOB 20 II,,0235923,2026-08-06,,shortage - monitored,L02AB02,SUKL242600/2026,Výrobní důvody,2026-07-30,2026-09-23T20:53:05.250826,
CZ,Czech Republic,SUKL,TRITTICO PROLONG,TRAZODONE HYDROCHLORIDE,300MG TBL PRO 30,,0188165,2025-12-30,,shortage - monitored,N06AX05,SUKL540404/2025,Výrobní důvody,2026-04-20,2026-09-23T20:53:05.250827,
CZ,Czech Republic,SUKL,ZARZIO,FILGRASTIM,"48MU/0,5ML INJ/INF SOL ISP 5X0,5ML I",,0500570,2026-05-07,,shortage - monitored,L03AA02,SUKL161586/2026,,2026-09-01,2026-09-23T20:53:05.250829,41858
CZ,Czech Republic,SUKL,TEZEFORT,TELMISARTAN + AMLODIPINE BESILATE,40MG/5MG TBL NOB 28,,0173562,2025-12-31,,shortage - monitored,C09DB04,SUKL541962/2025,,2026-06-26,2026-09-23T20:53:05.250830,
CZ,Czech Republic,SUKL,OXALIPLATIN KABI,OXALIPLATIN,5MG/ML INF CNC SOL 1X20ML,,0232956,2026-01-06,,shortage - monitored,L01XA03,SUKL4951/2026,,2020-06-15,2026-09-23T20:53:05.250831,79774
CZ,Czech Republic,SUKL,OXALIPLATIN KABI,OXALIPLATIN,5MG/ML INF CNC SOL 1X10ML,,0232955,2026-01-06,,shortage - monitored,L01XA03,SUKL4951/2026,Kapacitní/distribuční důvody,2026-09-04,2026-09-23T20:53:05.250833,79766
CZ,Czech Republic,SUKL,OXALIPLATIN AGMED,OXALIPLATIN,5MG/ML INF CNC SOL 1X20ML,,0277761,2026-01-06,,shortage - monitored,L01XA03,SUKL4951/2026,,2025-12-17,2026-09-23T20:53:05.250834,79774
CZ,Czech Republic,SUKL,OXALIPLATIN ACCORD,OXALIPLATIN,5MG/ML INF CNC SOL 1X40ML,,0239970,2026-01-06,,shortage - monitored,L01XA03,SUKL4951/2026,,2026-06-29,2026-09-23T20:53:05.250835,79782
CZ,Czech Republic,SUKL,OXALIPLATIN TEVA,OXALIPLATIN,5MG/ML INF CNC SOL 1X20ML,,0104238,2026-01-06,,shortage - monitored,L01XA03,SUKL4951/2026,Výrobní důvody,2026-06-15,2026-09-23T20:53:05.250836,79774
CZ,Czech Republic,SUKL,OXALIPLATIN TEVA,OXALIPLATIN,5MG/ML INF CNC SOL 1X10ML,,0104237,2026-01-06,,shortage - monitored,L01XA03,SUKL4951/2026,,2026-07-17,2026-09-23T20:53:05.250838,79766
CZ,Czech Republic,SUKL,OXALIPLATIN ACCORD,OXALIPLATIN,5MG/ML INF CNC SOL 1X10ML,,0239968,2026-01-06,,shortage - monitored,L01XA03,SUKL4951/2026,Výrobní důvody,2025-12-04,2026-09-23T20:53:05.250839,79766
CZ,Czech Republic,SUKL,OXALIPLATIN ACCORD,OXALIPLATIN,5MG/ML INF CNC SOL 1X20ML,,0239969,2026-01-06,,shortage - monitored,L01XA03,SUKL4951/2026,,2026-04-07,2026-09-23T20:53:05.250840,79774
CZ,Czech Republic,SUKL,EMTRICITABINE/TENOFOVIR DISOPROXIL MYLAN,EMTRICITABINE + TENOFOVIR DISOPROXIL MALEATE,200MG/245MG TBL FLM 30X1 II,,0271773,2026-01-07,,shortage - monitored,J05AR03,SUKL7549/2026,Jednorázový dovoz cizojazyčné verze,2026-01-27,2026-09-23T20:53:05.250841,146560
CZ,Czech Republic,SUKL,EMTRICITABINE/TENOFOVIR DISOPROXIL MYLAN,EMTRICITABINE + TENOFOVIR DISOPROXIL MALEATE,200MG/245MG TBL FLM 30,,0219251,2026-01-07,,shortage - monitored,J05AR03,SUKL7549/2026,,2026-06-02,2026-09-23T20:53:05.250843,146560
CZ,Czech Republic,SUKL,ALFUZOSIN VIATRIS,ALFUZOSIN HYDROCHLORIDE,10MG TBL PRO 90,,0284243,2026-05-07,,shortage - monitored,G04CA01,SUKL161600/2026,,2026-07-30,2026-09-23T20:53:05.250844,54798
CZ,Czech Republic,SUKL,TAMOXIFENO FARMOZ,TAMOXIFEN CITRATE,20MG TBL NOB 60,,0296808,2026-08-19,,shortage - monitored,L02BA01,SUKL253666/2026,,,2026-09-23T20:53:05.250845,17884
CZ,Czech Republic,SUKL,GEMCITABIN EBEWE,GEMCITABINE HYDROCHLORIDE,40MG/ML INF CNC SOL 1X50ML II,,0172173,2026-01-14,,shortage - monitored,L01BC05,SUKL18519/2026,Výrobní důvody,2026-09-02,2026-09-23T20:53:05.250847,95494
CZ,Czech Republic,SUKL,GEMCITABINE ACCORD,GEMCITABINE HYDROCHLORIDE,100MG/ML INF CNC SOL 1X20ML,,0242257,2026-01-14,,shortage - monitored,L01BC05,SUKL18519/2026,Výrobní důvody,2025-12-01,2026-09-23T20:53:05.250848,101761
CZ,Czech Republic,SUKL,GEMCITABINE ACCORD,GEMCITABINE HYDROCHLORIDE,100MG/ML INF CNC SOL 1X2ML,,0242254,2026-01-14,,shortage - monitored,L01BC05,SUKL18519/2026,,2026-08-31,2026-09-23T20:53:05.250849,101737
CZ,Czech Republic,SUKL,GEMCITABINE KABI,GEMCITABINE HYDROCHLORIDE,"38MG/ML INF CNC SOL 1X26,3ML",,0235097,2026-01-14,,shortage - monitored,L01BC05,SUKL18519/2026,,2025-05-19,2026-09-23T20:53:05.250851,91456
CZ,Czech Republic,SUKL,GEMCITABINE KABI,GEMCITABINE HYDROCHLORIDE,"38MG/ML INF CNC SOL 1X5,26ML",,0235096,2026-01-14,,shortage - monitored,L01BC05,SUKL18519/2026,,2022-12-13,2026-09-23T20:53:05.250852,91448
CZ,Czech Republic,SUKL,GEMCITABIN EBEWE,GEMCITABINE HYDROCHLORIDE,40MG/ML INF CNC SOL 1X25ML II,,0172174,2026-01-14,,shortage - monitored,L01BC05,SUKL18519/2026,,2025-05-28,2026-09-23T20:53:05.250853,95486
CZ,Czech Republic,SUKL,GEMCITABIN EBEWE,GEMCITABINE HYDROCHLORIDE,40MG/ML INF CNC SOL 1X5ML I,,0160676,2026-01-14,,shortage - monitored,L01BC05,SUKL18519/2026,,2025-03-03,2026-09-23T20:53:05.250854,95478
CZ,Czech Republic,SUKL,GEMCITABINE ACCORD,GEMCITABINE HYDROCHLORIDE,100MG/ML INF CNC SOL 1X10ML,,0242255,2026-01-14,,shortage - monitored,L01BC05,SUKL18519/2026,,2026-04-07,2026-09-23T20:53:05.250856,101745
CZ,Czech Republic,SUKL,ORFIRIL LONG,SODIUM VALPROATE,300MG CPS PRO 50 II,,0198667,2026-08-07,,shortage - monitored,N03AG01,SUKL244509/2026,,2025-02-20,2026-09-23T20:53:05.250857,4804
CZ,Czech Republic,SUKL,CONVULEX CR,SODIUM VALPROATE,300MG TBL PRO 50 II,,0163872,2026-08-07,,shortage - monitored,N03AG01,SUKL244509/2026,,2014-01-09,2026-09-23T20:53:05.250858,29882
CZ,Czech Republic,SUKL,DEPAKINE CHRONO,SODIUM VALPROATE,300MG TBL MRL 100,,0092034,2026-08-07,,shortage - monitored,N03AG01,SUKL244509/2026,,2026-07-03,2026-09-23T20:53:05.250860,
CZ,Czech Republic,SUKL,VALPROAT CHRONO SANDOZ,SODIUM VALPROATE,300MG TBL PRO 90,,0024386,2026-08-07,,shortage - monitored,N03AG01,SUKL244509/2026,Výrobní důvody,2026-04-02,2026-09-23T20:53:05.250861,29882
CZ,Czech Republic,SUKL,DERIN PROLONG,QUETIAPINE FUMARATE,200MG TBL PRO 60,,0136596,2026-01-20,,shortage - monitored,N05AH04,SUKL28266/2026,Výrobní důvody,2025-03-24,2026-09-23T20:53:05.250862,84190
CZ,Czech Republic,SUKL,RAPIFEN,ALFENTANIL HYDROCHLORIDE HYDRATE,"0,5MG/ML INJ SOL 5X2ML",,0241679,2026-08-07,,shortage - monitored,N01AH02,SUKL244142/2026,Výrobní důvody,2026-07-31,2026-09-23T20:53:05.250864,18554
CZ,Czech Republic,SUKL,RIVOTRIL,CLONAZEPAM,1MG/ML INJ SOL 5+5X1ML,,0260315,2026-02-10,,shortage - monitored,N03AE01,SUKL62270/2026,Obchodní/marketingové důvody,2026-02-06,2026-09-23T20:53:05.250865,2984
CZ,Czech Republic,SUKL,VALPROAT RATIOPHARM CHRONO,SODIUM VALPROATE,300MG TBL PRO 100,,0101885,2026-08-07,,shortage - monitored,N03AG01,SUKL244509/2026,Výrobní důvody,2026-07-30,2026-09-23T20:53:05.250866,29882
CZ,Czech Republic,SUKL,COLCHICUM-DISPERT,MEADOW SAFFRON DRY EXTRACT,"0,5MG TBL OBD 20",,0119697,2026-02-10,,shortage - monitored,M04AC01,SUKL62280/2026,Výrobní důvody,2026-03-09,2026-09-23T20:53:05.250868,48828
CZ,Czech Republic,SUKL,ACCOFIL,FILGRASTIM,"48MU/0,5ML INJ/INF SOL ISP 5X0,5ML II",,0186923,2026-05-07,,shortage - monitored,L03AA02,SUKL161586/2026,,2016-02-23,2026-09-23T20:53:05.250869,
CZ,Czech Republic,SUKL,TEVAGRASTIM,FILGRASTIM,"48MIU/0,8ML INJ/INF SOL 5X0,8ML II",,0149996,2026-05-07,,shortage - monitored,L03AA02,SUKL161586/2026,,2025-06-02,2026-09-23T20:53:05.250870,
CZ,Czech Republic,SUKL,SUBOXONE,BUPRENORPHINE HYDROCHLORIDE + NALOXONE HYDROCHLORIDE DIHYDRATE,8MG/2MG SLG TBL NOB 7,,0027903,2026-02-20,,shortage - monitored,N07BC51,SUKL81175/2026,Obchodní/marketingové důvody,2026-02-18,2026-09-23T20:53:05.250872,82163
CZ,Czech Republic,SUKL,ZADITEN SDU,KETOTIFEN HYDROGEN FUMARATE,"0,25MG/ML OPH GTT SOL MDC 30X0,4ML II",,0214819,2026-02-20,,shortage - monitored,S01GX08,SUKL78754/2026,Výrobní důvody,2026-02-17,2026-09-23T20:53:05.250873,221341
CZ,Czech Republic,SUKL,ZELDOX,ZIPRASIDONE HYDROCHLORIDE MONOHYDRATE,60MG CPS DUR 30,,0252425,2026-08-07,,shortage - monitored,N05AE04,SUKL244086/2026,Výrobní důvody,2026-08-04,2026-09-23T20:53:05.250875,
CZ,Czech Republic,SUKL,ZYPSILAN,ZIPRASIDONE HYDROGEN SULFATE DIHYDRATE,40MG CPS DUR 30,,0199420,2026-08-07,,shortage - monitored,N05AE04,SUKL243950/2026,,2019-12-11,2026-09-23T20:53:05.250876,
CZ,Czech Republic,SUKL,ZELDOX,ZIPRASIDONE HYDROCHLORIDE MONOHYDRATE,40MG CPS DUR 30,,0252423,2026-08-07,,shortage - monitored,N05AE04,SUKL243950/2026,Výrobní důvody,2026-08-04,2026-09-23T20:53:05.250877,
CZ,Czech Republic,SUKL,ZYPSILAN,ZIPRASIDONE HYDROGEN SULFATE DIHYDRATE,60MG CPS DUR 30,,0199429,2026-08-07,,shortage - monitored,N05AE04,SUKL244086/2026,,2013-06-13,2026-09-23T20:53:05.250878,
CZ,Czech Republic,SUKL,PROSULPIN,SULPIRIDE,50MG TBL NOB 30,,0054432,2026-02-24,,shortage - monitored,N05AL01,SUKL87016/2026,,2026-08-27,2026-09-23T20:53:05.250879,
CZ,Czech Republic,SUKL,DOGMATIL,SULPIRIDE,50MG CPS DUR 30,,0276884,2026-02-24,,shortage - monitored,N05AL01,SUKL87016/2026,,2024-05-22,2026-09-23T20:53:05.250881,4944
CZ,Czech Republic,SUKL,DOGMATIL,SULPIRIDE,50MG CPS DUR 30,,0260974,2026-02-24,,shortage - monitored,N05AL01,SUKL87016/2026,,,2026-09-23T20:53:05.250882,4944
CZ,Czech Republic,SUKL,DOGMATIL,SULPIRIDE,50MG CPS DUR 30,,0221215,2026-02-24,,shortage - monitored,N05AL01,SUKL87016/2026,,,2026-09-23T20:53:05.250883,4944
CZ,Czech Republic,SUKL,PROSULPIN,SULPIRIDE,50MG TBL NOB 60,,0011468,2026-02-24,,shortage - monitored,N05AL01,SUKL87016/2026,,2026-08-27,2026-09-23T20:53:05.250885,
CZ,Czech Republic,SUKL,SULPIROL,SULPIRIDE,200MG TBL NOB 100,,0046746,2026-02-24,,shortage - monitored,N05AL01,SUKL86979/2026,Kapacitní/distribuční důvody,2026-08-11,2026-09-23T20:53:05.250886,
CZ,Czech Republic,SUKL,PROSULPIN,SULPIRIDE,200MG TBL NOB 60,,0011149,2026-02-24,,shortage - monitored,N05AL01,SUKL86979/2026,,2026-09-02,2026-09-23T20:53:05.250887,
CZ,Czech Republic,SUKL,PROSULPIN,SULPIRIDE,200MG TBL NOB 30,,0007387,2026-02-24,,shortage - monitored,N05AL01,SUKL86979/2026,,2026-09-02,2026-09-23T20:53:05.250889,
CZ,Czech Republic,SUKL,ADEMPAS,RIOCIGUAT,2MG TBL FLM 42,,0194876,2026-08-11,,shortage - monitored,C02KX05,SUKL246472/2026,Výrobní důvody,2026-06-24,2026-09-23T20:53:05.250890,124680
CZ,Czech Republic,SUKL,TIAPRIDAL,TIAPRIDE HYDROCHLORIDE,138MG/ML POR SOL 30ML,,0269059,2026-08-11,,shortage - monitored,N05AL03,SUKL246597/2026,,2026-09-23,2026-09-23T20:53:05.250891,
CZ,Czech Republic,SUKL,MYCOBUTIN,RIFABUTIN,150MG CPS DUR 30,,0103068,2026-03-03,,shortage - monitored,J04AB04,SUKL98564/2026,Výrobní důvody,2026-02-28,2026-09-23T20:53:05.250893,43060
CZ,Czech Republic,SUKL,CLINDAMYCIN HAMELN,CLINDAMYCIN PHOSPHATE,150MG/ML INJ/INF SOL 10X4ML,,0239054,2026-03-10,,shortage - monitored,J01FF01,SUKL107794/2026,,2026-05-20,2026-09-23T20:53:05.250894,4707
CZ,Czech Republic,SUKL,CLINDAMYCIN HAMELN,CLINDAMYCIN PHOSPHATE,150MG/ML INJ/INF SOL 10X2ML,,0239051,2026-03-10,,shortage - monitored,J01FF01,SUKL107794/2026,,2026-09-11,2026-09-23T20:53:05.250895,4693
CZ,Czech Republic,SUKL,CLINDAMYCIN KABI,CLINDAMYCIN PHOSPHATE,150MG/ML INJ SOL/INF CNC SOL 10X4ML,,0129836,2026-03-10,,shortage - monitored,J01FF01,SUKL107794/2026,,2026-09-16,2026-09-23T20:53:05.250897,4707
CZ,Czech Republic,SUKL,CLINDAMYCIN KABI,CLINDAMYCIN PHOSPHATE,150MG/ML INJ SOL/INF CNC SOL 10X2ML,,0129834,2026-03-10,,shortage - monitored,J01FF01,SUKL107794/2026,Kapacitní/distribuční důvody,2026-09-04,2026-09-23T20:53:05.250898,4693
CZ,Czech Republic,SUKL,KLIMICIN,CLINDAMYCIN PHOSPHATE,150MG/ML INJ/INF SOL 10X2ML,,0097878,2026-03-10,,shortage - monitored,J01FF01,SUKL107794/2026,Výrobní důvody,2026-03-20,2026-09-23T20:53:05.250899,4693
CZ,Czech Republic,SUKL,DALACIN C,CLINDAMYCIN PHOSPHATE,150MG/ML INJ/INF SOL 1X4ML,,0008807,2026-03-10,,shortage - monitored,J01FF01,SUKL107794/2026,,2021-11-25,2026-09-23T20:53:05.250901,4707
CZ,Czech Republic,SUKL,DICLOABAK,DICLOFENAC SODIUM,1MG/ML OPH GTT SOL 1X10ML I,,0174005,2025-08-29,,shortage - monitored,S01BC03,SUKL344357/2025,Kapacitní/distribuční důvody,2025-08-27,2026-09-23T20:53:05.250902,219789
CZ,Czech Republic,SUKL,GYNIPRAL,HEXOPRENALINE SULFATE,10MCG/2ML INJ SOL 5X2ML,,0295766,2026-08-11,,shortage - monitored,G02CA,SUKL246952/2026,Výrobní důvody,2026-08-10,2026-09-23T20:53:05.250903,
CZ,Czech Republic,SUKL,GYNIPRAL,HEXOPRENALINE SULFATE,25MCG/5ML INF CNC SOL 5X5ML,,0295763,2026-08-11,,shortage - monitored,G02CA,SUKL246952/2026,Výrobní důvody,2026-08-10,2026-09-23T20:53:05.250905,
CZ,Czech Republic,SUKL,SEFOTAK,CEFOTAXIME SODIUM,1G INJ/INF PLV SOL 1,,0249212,2026-03-13,,shortage - monitored,J01DD01,SUKL112304/2026,Výrobní důvody,2026-02-06,2026-09-23T20:53:05.250906,37168
CZ,Czech Republic,SUKL,TAXIMED,CEFOTAXIME SODIUM,1G INJ/INF PLV SOL 10,,0206564,2026-03-13,,shortage - monitored,J01DD01,SUKL112304/2026,Výrobní důvody,2026-09-22,2026-09-23T20:53:05.250907,37168
CZ,Czech Republic,SUKL,TAXIMED,CEFOTAXIME SODIUM,2G INJ/INF PLV SOL 10,,0206567,2026-03-13,,shortage - monitored,J01DD01,SUKL112304/2026,,2026-07-14,2026-09-23T20:53:05.250909,
CZ,Czech Republic,SUKL,TRITTICO PROLONG,TRAZODONE HYDROCHLORIDE,150MG TBL PRO 14,,0188157,2026-03-12,,shortage - monitored,N06AX05,SUKL110898/2026,Výrobní důvody,2026-03-10,2026-09-23T20:53:05.250910,
CZ,Czech Republic,SUKL,ADEMPAS,RIOCIGUAT,"2,5MG TBL FLM 42",,0194879,2026-08-11,,shortage - monitored,C02KX05,SUKL246628/2026,Výrobní důvody,2026-08-06,2026-09-23T20:53:05.250911,124699
CZ,Czech Republic,SUKL,ADEMPAS,RIOCIGUAT,1MG TBL FLM 42,,0194870,2026-08-11,,shortage - monitored,C02KX05,SUKL246608/2026,Výrobní důvody,2026-08-06,2026-09-23T20:53:05.250912,124672
CZ,Czech Republic,SUKL,NOLICIN,NORFLOXACIN,400MG TBL FLM 20,,0093465,2026-05-27,,shortage - monitored,J01MA06,SUKL178648/2026,,2026-07-14,2026-09-23T20:53:05.250913,22101
CZ,Czech Republic,SUKL,INDOCOLLYRE,INDOMETACIN,1MG/ML OPH GTT SOL 1X5ML,,0264171,2026-08-12,,shortage - monitored,S01BC01,SUKL247973/2026,Výrobní důvody,2026-06-29,2026-09-23T20:53:05.250915,220299
CZ,Czech Republic,SUKL,KVENTIAX,QUETIAPINE FUMARATE,300MG TBL FLM 30,,0111875,2026-03-26,,shortage - monitored,N05AH04,SUKL124408/2026,,2022-05-31,2026-09-23T20:53:05.250916,60283
CZ,Czech Republic,SUKL,KETILEPT,QUETIAPINE FUMARATE,200MG TBL FLM 90,,0224863,2026-03-26,,shortage - monitored,N05AH04,SUKL124408/2026,,2026-02-10,2026-09-23T20:53:05.250917,50776
CZ,Czech Republic,SUKL,DERIN,QUETIAPINE FUMARATE,25MG TBL FLM 90,,0129440,2026-03-26,,shortage - monitored,N05AH04,SUKL124408/2026,,2026-02-23,2026-09-23T20:53:05.250918,50741
CZ,Czech Republic,SUKL,KETILEPT,QUETIAPINE FUMARATE,25MG TBL FLM 90,,0224853,2026-03-26,,shortage - monitored,N05AH04,SUKL124408/2026,,2026-03-19,2026-09-23T20:53:05.250920,50741
CZ,Czech Republic,SUKL,EYLEA,AFLIBERCEPT,"40MG/ML INJ SOL ISP 1X0,09ML",,0193695,2026-08-20,,shortage - monitored,S01LA05,SUKL254348/2026,Výrobní důvody,2026-08-13,2026-09-23T20:53:05.250921,103756
CZ,Czech Republic,SUKL,XADOS,BILASTINE,10MG POR TBL DIS 30,,0132113,2026-08-13,,shortage - monitored,R06AX29,SUKL248791/2026,Výrobní důvody,2026-08-03,2026-09-23T20:53:05.250922,
CZ,Czech Republic,SUKL,YELLOX,BROMFENAC SODIUM SESQUIHYDRATE,"0,9MG/ML OPH GTT SOL 1X5ML",,0168332,2026-08-13,,shortage - monitored,S01BC11,SUKL248614/2026,Výrobní důvody,2026-08-10,2026-09-23T20:53:05.250924,219010
CZ,Czech Republic,SUKL,BUPRENORFIN STADA,BUPRENORPHINE,5MCG/H TDR EMP 4,,0251674,2026-04-09,,shortage - monitored,N02AE01,SUKL136266/2026,Výrobní důvody,2026-07-29,2026-09-23T20:53:05.250925,89400
CZ,Czech Republic,SUKL,MICROPAQUE,BARIUM SULFATE,1G/ML GST SUS 1X2000ML,,0095607,2026-04-09,,shortage - monitored,V08BA01,SUKL136202/2026,Obchodní/marketingové důvody,2026-03-31,2026-09-23T20:53:05.250926,18422
CZ,Czech Republic,SUKL,DEPAKINE CHRONO,SODIUM VALPROATE,500MG TBL MRL 30,,0092587,2026-04-09,,shortage - monitored,N03AG01,SUKL136273/2026,Výrobní důvody,2026-06-25,2026-09-23T20:53:05.250928,26905
CZ,Czech Republic,SUKL,DEPAKINE CHRONO,SODIUM VALPROATE,500MG TBL MRL 100,,0044997,2026-04-09,,shortage - monitored,N03AG01,SUKL136273/2026,,2026-07-10,2026-09-23T20:53:05.250929,26905
CZ,Czech Republic,SUKL,TRIAMCINOLON E LÉČIVA,TRIAMCINOLONE ACETONIDE + CHLOROXINE,1MG/G+10MG/G UNG 1X20G,,0004178,2026-04-16,,shortage - monitored,D07BB03,SUKL143129/2026,Výrobní důvody,2026-04-13,2026-09-23T20:53:05.250930,
CZ,Czech Republic,SUKL,ARGOFAN,VENLAFAXINE HYDROCHLORIDE,150MG TBL PRO 30(2X15),,0246028,2026-08-18,,shortage - monitored,N06AX16,SUKL252051/2026,Výrobní důvody,2026-07-31,2026-09-23T20:53:05.250932,
CZ,Czech Republic,SUKL,VELAXIN,VENLAFAXINE HYDROCHLORIDE,150MG CPS PRO 56,,0169250,2026-08-18,,shortage - monitored,N06AX16,SUKL252051/2026,Výrobní důvody,2026-06-23,2026-09-23T20:53:05.250933,47538
CZ,Czech Republic,SUKL,VELAXIN,VENLAFAXINE HYDROCHLORIDE,150MG CPS PRO 28,,0120371,2026-08-18,,shortage - monitored,N06AX16,SUKL252051/2026,,2026-08-14,2026-09-23T20:53:05.250934,47538
CZ,Czech Republic,SUKL,OLWEXYA,VENLAFAXINE HYDROCHLORIDE,150MG CPS PRO 30,,0024987,2026-08-18,,shortage - monitored,N06AX16,SUKL252051/2026,,2025-11-04,2026-09-23T20:53:05.250935,47538
CZ,Czech Republic,SUKL,BUDENOFALK UNO,BUDESONIDE,9MG GRA ENT 30,,0158943,2026-08-18,,shortage - monitored,A07EA06,SUKL252014/2026,Výrobní důvody,2026-08-12,2026-09-23T20:53:05.250937,97373
CZ,Czech Republic,SUKL,BUDENOFALK,BUDESONIDE,3MG CPS ETD 100,,0064787,2026-08-18,,shortage - monitored,A07EA06,SUKL252003/2026,Výrobní důvody,2026-08-12,2026-09-23T20:53:05.250938,129461
CZ,Czech Republic,SUKL,GANIRELIX GEDEON RICHTER,GANIRELIX,"0,25MG/0,5ML INJ SOL ISP 1X0,5ML",,0268091,2026-06-03,,shortage - monitored,H01CC01,SUKL185257/2026,Výrobní důvody,2026-05-26,2026-09-23T20:53:05.250939,59048
CZ,Czech Republic,SUKL,HAEMOCOMPLETTAN P,HUMAN FIBRINOGEN,20MG/ML INJ/INF PLV SOL 1X2000MG,,0062465,2026-06-03,,shortage - monitored,B02BB01,SUKL185841/2026,,2026-07-08,2026-09-23T20:53:05.250940,118982
CZ,Czech Republic,SUKL,HAEMOCOMPLETTAN P,HUMAN FIBRINOGEN,20MG/ML INJ/INF PLV SOL 1X1000MG,,0062464,2026-06-03,,shortage - monitored,B02BB01,SUKL185841/2026,,2026-06-17,2026-09-23T20:53:05.250942,118974
CZ,Czech Republic,SUKL,FIBRYGA,HUMAN FIBRINOGEN,1G INJ/INF PSO LQF 1+1X50ML VIA,,0232889,2026-06-03,,shortage - monitored,B02BB01,SUKL185841/2026,Nízká výše stanovené úhrady,2026-07-03,2026-09-23T20:53:05.250943,118974
CZ,Czech Republic,SUKL,EPLERENON MEDREG,EPLERENONE,50MG TBL FLM 30 II,,0273054,2026-06-03,,shortage - monitored,C03DA04,SUKL185463/2026,,2025-06-02,2026-09-23T20:53:05.250944,73458
CZ,Czech Republic,SUKL,EPLERENON SANDOZ,EPLERENONE,50MG TBL FLM 30,,0203055,2026-06-03,,shortage - monitored,C03DA04,SUKL185463/2026,,2026-06-09,2026-09-23T20:53:05.250946,73458
CZ,Czech Republic,SUKL,CEFAZOLIN NORIDEM,CEFAZOLIN SODIUM,2G INJ/INF PLV SOL 1,,0221888,2026-06-03,,shortage - monitored,J01DB04,SUKL185413/2026,,2025-06-16,2026-09-23T20:53:05.250947,
CZ,Czech Republic,SUKL,CEFAZOLIN NORIDEM,CEFAZOLIN SODIUM,1G INJ/INF PLV SOL 10,,0221886,2026-06-03,,shortage - monitored,J01DB04,SUKL185413/2026,Kapacitní/distribuční důvody,2026-09-23,2026-09-23T20:53:05.250948,3263
CZ,Czech Republic,SUKL,VULMIZOLIN,CEFAZOLIN SODIUM,1G INJ/INF PLV SOL 10,,0201967,2026-06-03,,shortage - monitored,J01DB04,SUKL185413/2026,,2019-12-03,2026-09-23T20:53:05.250950,3263
CZ,Czech Republic,SUKL,AZEPO,CEFAZOLIN SODIUM FOR INJECTION,1G INJ/INF PLV SOL 10,,0183926,2026-06-03,,shortage - monitored,J01DB04,SUKL185413/2026,,2026-08-27,2026-09-23T20:53:05.250951,3263
CZ,Czech Republic,SUKL,ORGALUTRAN,GANIRELIX,"0,25MG/0,5ML INJ SOL 1X0,5ML",,0027607,2026-06-03,,shortage - monitored,H01CC01,SUKL185257/2026,,2020-12-01,2026-09-23T20:53:05.250952,59048
CZ,Czech Republic,SUKL,LANZUL,LANSOPRAZOLE,30MG CPS DUR 28,,0017121,2026-08-26,,shortage - monitored,A02BC03,SUKL259237/2026,Výrobní důvody,2026-08-25,2026-09-23T20:53:05.250954,79391
CZ,Czech Republic,SUKL,IMIGRAN,SUMATRIPTAN SUCCINATE,"6MG INJ SOL ZVL 2X0,5ML+POUZDRO",,0237896,2026-06-04,,shortage - monitored,N02CC01,SUKL187219/2026,Výrobní důvody,2026-06-02,2026-09-23T20:53:05.250955,82651
CZ,Czech Republic,SUKL,PROPANORM,PROPAFENONE HYDROCHLORIDE,300MG TBL FLM 50,,0058838,2026-06-04,,shortage - monitored,C01BC03,SUKL187177/2026,,2026-04-21,2026-09-23T20:53:05.250956,26034
CZ,Czech Republic,SUKL,RYTMONORM,PROPAFENONE HYDROCHLORIDE,300MG TBL FLM 100,,0267095,2026-06-04,,shortage - monitored,C01BC03,SUKL187177/2026,,2023-07-30,2026-09-23T20:53:05.250957,26034
CZ,Czech Republic,SUKL,RYTMONORM,PROPAFENONE HYDROCHLORIDE,300MG TBL FLM 50,,0267093,2026-06-04,,shortage - monitored,C01BC03,SUKL187177/2026,,2023-06-30,2026-09-23T20:53:05.250958,26034
CZ,Czech Republic,SUKL,PROPAFENON AL,PROPAFENONE HYDROCHLORIDE,300MG TBL FLM 100,,0253772,2026-06-04,,shortage - monitored,C01BC03,SUKL187177/2026,,2022-07-13,2026-09-23T20:53:05.250960,26034
CZ,Czech Republic,SUKL,PROPANORM,PROPAFENONE HYDROCHLORIDE,300MG TBL FLM 100,,0136250,2026-06-04,,shortage - monitored,C01BC03,SUKL187177/2026,Výrobní důvody,2026-06-01,2026-09-23T20:53:05.250961,26034
CZ,Czech Republic,SUKL,EPIRUBICIN TEVA,EPIRUBICIN HYDROCHLORIDE,2MG/ML INJ SOL 1X25ML II,,0266458,2026-06-03,,shortage - monitored,L01DB03,SUKL185522/2026,,2025-03-14,2026-09-23T20:53:05.250962,82260
CZ,Czech Republic,SUKL,EPIRUBICIN ACCORD,EPIRUBICIN HYDROCHLORIDE,2MG/ML INJ/INF SOL 1X5ML,,0239778,2026-06-03,,shortage - monitored,L01DB03,SUKL185522/2026,,2025-07-15,2026-09-23T20:53:05.250964,
CZ,Czech Republic,SUKL,EPIRUBICIN ACCORD,EPIRUBICIN HYDROCHLORIDE,2MG/ML INJ/INF SOL 1X25ML,,0239780,2026-06-03,,shortage - monitored,L01DB03,SUKL185522/2026,Kapacitní/distribuční důvody,2026-06-01,2026-09-23T20:53:05.250965,
CZ,Czech Republic,SUKL,TAMOXIFEN ORIFARM,TAMOXIFEN CITRATE,20MG TBL NOB 100,,0289384,2026-06-05,,shortage - monitored,L02BA01,SUKL189335/2026,,2026-07-29,2026-09-23T20:53:05.250966,17884
CZ,Czech Republic,SUKL,AGAPURIN,PENTOXIFYLLINE,400MG TBL PRO 100,,0230398,2026-08-18,,shortage - monitored,C04AD03,SUKL252310/2026,Výrobní důvody,2026-08-10,2026-09-23T20:53:05.250967,24414
CZ,Czech Republic,SUKL,DIAZEPAM DESITIN,DIAZEPAM,"10MG RCT SOL 5X2,5ML",,0258802,2026-06-17,,shortage - monitored,N05BA01,SUKL199705/2026,Výrobní důvody,2026-06-12,2026-09-23T20:53:05.250969,7404
CZ,Czech Republic,SUKL,DHC CONTINUS,DIHYDROCODEINE HYDROGEN TARTRATE,90MG TBL MRL 60,,0041826,2026-06-18,,shortage - monitored,N02AA08,SUKL201038/2026,,2026-08-20,2026-09-23T20:53:05.250970,
CZ,Czech Republic,SUKL,DHC CONTINUS,DIHYDROCODEINE HYDROGEN TARTRATE,60MG TBL MRL 60,,0041824,2026-06-18,,shortage - monitored,N02AA08,SUKL200983/2026,,2026-08-20,2026-09-23T20:53:05.250971,
CZ,Czech Republic,SUKL,ANGELIQ,ESTRADIOL HEMIHYDRATE + DROSPIRENONE,1MG/2MG TBL FLM 3X28,,0223537,2026-06-18,,shortage - monitored,G03FA17,SUKL200847/2026,,2025-07-31,2026-09-23T20:53:05.250973,68748
CZ,Czech Republic,SUKL,PAOSONELLE,DROSPIRENONE + ESTRADIOL HEMIHYDRATE,1MG/2MG TBL FLM 3X28,,0236756,2026-06-18,,shortage - monitored,G03FA17,SUKL200847/2026,Výrobní důvody,2026-06-12,2026-09-23T20:53:05.250974,68748
CZ,Czech Republic,SUKL,MOXIFLOXACIN OLIKLA,MOXIFLOXACIN HYDROCHLORIDE,400MG TBL FLM 5,,0220204,2026-06-29,,shortage - monitored,J01MA14,SUKL210250/2026,Výrobní důvody,2026-06-24,2026-09-23T20:53:05.250975,67628
CZ,Czech Republic,SUKL,DEFERASIROX SANDOZ,DEFERASIROX,360MG TBL FLM 30 I,,0245962,2026-06-30,,shortage - monitored,V03AC03,SUKL211522/2026,Kapacitní/distribuční důvody,2026-09-02,2026-09-23T20:53:05.250977,137200
CZ,Czech Republic,SUKL,DEFERASIROX ZENTIVA,DEFERASIROX,360MG TBL FLM 30,,0240583,2026-06-30,,shortage - monitored,V03AC03,SUKL211522/2026,,2026-09-23,2026-09-23T20:53:05.250978,137200
CZ,Czech Republic,SUKL,ORFIRIL LONG,SODIUM VALPROATE,500MG GRA PRO SCC 50,,0198670,2026-06-30,,shortage - monitored,N03AG01,SUKL211322/2026,,2024-12-13,2026-09-23T20:53:05.250979,79642
CZ,Czech Republic,SUKL,CONVULEX,VALPROIC ACID,500MG CPS ETM 100,,0163883,2026-06-30,,shortage - monitored,N03AG01,SUKL211322/2026,,2020-06-15,2026-09-23T20:53:05.250980,4812
CZ,Czech Republic,SUKL,CONVULEX CR,SODIUM VALPROATE,500MG TBL PRO 50 II,,0163866,2026-06-30,,shortage - monitored,N03AG01,SUKL211322/2026,,2020-06-15,2026-09-23T20:53:05.250982,26905
CZ,Czech Republic,SUKL,VALPROAT RATIOPHARM CHRONO,SODIUM VALPROATE,500MG TBL PRO 100,,0101899,2026-06-30,,shortage - monitored,N03AG01,SUKL211322/2026,Výrobní důvody,2026-09-21,2026-09-23T20:53:05.250983,26905
CZ,Czech Republic,SUKL,VALPROAT CHRONO SANDOZ,SODIUM VALPROATE,500MG TBL PRO 90,,0024426,2026-06-30,,shortage - monitored,N03AG01,SUKL211322/2026,Výrobní důvody,2026-06-26,2026-09-23T20:53:05.250984,
CZ,Czech Republic,SUKL,GLURENORM,GLIQUIDONE,30MG TBL NOB 30,,0230425,2026-07-01,,shortage - monitored,A10BB08,SUKL212334/2026,Procesní-registrační důvody,2026-06-26,2026-09-23T20:53:05.250985,
CZ,Czech Republic,SUKL,LENZETTO,ESTRADIOL HEMIHYDRATE,"1,53MG/DÁV TDR SPR SOL 1X56DÁV",,0205305,2026-07-01,,shortage - monitored,G03CA03,SUKL212767/2026,Výrobní důvody,2026-06-29,2026-09-23T20:53:05.250987,167266
CZ,Czech Republic,SUKL,VASOSAN P,COLESTYRAMINE,4G POR GRA SUS 50,,0232589,2026-07-02,,shortage - monitored,C10AC01,SUKL213514/2026,Výrobní důvody,2026-06-22,2026-09-23T20:53:05.250988,62820
CZ,Czech Republic,SUKL,CEFZIL O.S.,CEFPROZIL MONOHYDRATE,250MG POR PLV SUS 60ML,,0250960,2026-07-03,,shortage - monitored,J01DC10,SUKL214878/2026,,2023-09-27,2026-09-23T20:53:05.250989,
CZ,Czech Republic,SUKL,CEFZIL,CEFPROZIL MONOHYDRATE,500MG TBL FLM 10,,0250966,2026-07-03,,shortage - monitored,J01DC10,SUKL214878/2026,Výrobní důvody,2026-06-30,2026-09-23T20:53:05.250991,
CZ,Czech Republic,SUKL,FURORESE,FUROSEMIDE,125MG TBL NOB 50,,0056808,2026-07-03,,shortage - monitored,C03CA01,SUKL214699/2026,,2026-09-18,2026-09-23T20:53:05.250992,
CZ,Czech Republic,SUKL,FURORESE,FUROSEMIDE,125MG TBL NOB 30,,0056807,2026-07-03,,shortage - monitored,C03CA01,SUKL214699/2026,,2026-09-18,2026-09-23T20:53:05.250994,
CZ,Czech Republic,SUKL,FURORESE,FUROSEMIDE,125MG TBL NOB 100,,0056809,2026-07-03,,shortage - monitored,C03CA01,SUKL214699/2026,,2026-09-18,2026-09-23T20:53:05.250995,
CZ,Czech Republic,SUKL,DOXORUBICIN MEDAC,DOXORUBICIN HYDROCHLORIDE,2MG/ML INF SOL 1X100ML,,0158142,2026-07-10,,shortage - monitored,L01DB01,SUKL220563/2026,,2024-08-19,2026-09-23T20:53:05.250996,34002
CZ,Czech Republic,SUKL,MIRZATEN,MIRTAZAPINE HEMIHYDRATE,45MG TBL FLM 30,,0016647,2026-07-09,,shortage - monitored,N06AX11,SUKL218906/2026,,2024-11-26,2026-09-23T20:53:05.250997,43370
CZ,Czech Republic,SUKL,MIRTAZAPIN SANDOZ,MIRTAZAPINE,45MG TBL FLM 30,,0107643,2026-07-09,,shortage - monitored,N06AX11,SUKL218906/2026,,2026-09-18,2026-09-23T20:53:05.250999,43370
CZ,Czech Republic,SUKL,DOXORUBICIN PHARMAGEN,DOXORUBICIN HYDROCHLORIDE,2MG/ML INF CNC SOL 1X25ML,,0204626,2026-07-10,,shortage - monitored,L01DB01,SUKL220563/2026,Výrobní důvody,2026-06-26,2026-09-23T20:53:05.251000,33995
CZ,Czech Republic,SUKL,DOXORUBICIN EBEWE,DOXORUBICIN HYDROCHLORIDE,2MG/ML INF CNC SOL 1X5ML,,0107682,2026-07-10,,shortage - monitored,L01DB01,SUKL220563/2026,,2022-08-24,2026-09-23T20:53:05.251002,30694
CZ,Czech Republic,SUKL,DOXORUBICIN EBEWE,DOXORUBICIN HYDROCHLORIDE,2MG/ML INF CNC SOL 1X25ML,,0107681,2026-07-10,,shortage - monitored,L01DB01,SUKL220563/2026,,2020-07-22,2026-09-23T20:53:05.251003,33995
CZ,Czech Republic,SUKL,DOXORUBICIN PHARMAGEN,DOXORUBICIN HYDROCHLORIDE,2MG/ML INF CNC SOL 1X5ML,,0204622,2026-07-10,,shortage - monitored,L01DB01,SUKL220563/2026,Výrobní důvody,2026-06-26,2026-09-23T20:53:05.251004,30694
CZ,Czech Republic,SUKL,TALIZON,CALCIPOTRIOL MONOHYDRATE + BETAMETHASONE DIPROPIONATE,"50MCG/G+0,5MG/G GEL 1X60G",,0248050,2026-07-10,,shortage - monitored,D05AX52,SUKL220042/2026,Výrobní důvody,2026-07-07,2026-09-23T20:53:05.251006,89761
CZ,Czech Republic,SUKL,LANZUL,LANSOPRAZOLE,30MG CPS DUR 56,,0017122,2026-08-26,,shortage - monitored,A02BC03,SUKL259237/2026,Výrobní důvody,2026-08-25,2026-09-23T20:53:05.251007,79391
CZ,Czech Republic,SUKL,LANXIB,LANSOPRAZOLE,15MG CPS ETD 28 II,,0276901,2026-08-26,,shortage - monitored,A02BC03,SUKL259237/2026,,2023-11-12,2026-09-23T20:53:05.251008,79383
CZ,Czech Republic,SUKL,ROSEMIG,SUMATRIPTAN,"20MG NAS SPR SOL 2X0,1ML",,0237899,2026-08-26,,shortage - monitored,N02CC01,SUKL259004/2026,Zvýšené prodeje,2026-08-25,2026-09-23T20:53:05.251010,45845
CZ,Czech Republic,SUKL,LANXIB,LANSOPRAZOLE,30MG CPS ETD 28 II,,0277059,2026-08-26,,shortage - monitored,A02BC03,SUKL259237/2026,,2026-09-14,2026-09-23T20:53:05.251011,79391
CZ,Czech Republic,SUKL,MELOXICAM TEVA,MELOXICAM,15MG TBL NOB 20 I,,0022898,2026-08-27,,shortage - monitored,M01AC06,SUKL260298/2026,Výrobní důvody,2026-06-08,2026-09-23T20:53:05.251013,47481
CZ,Czech Republic,SUKL,MELOXICAM TEVA,MELOXICAM,15MG TBL NOB 10 I,,0022896,2026-08-27,,shortage - monitored,M01AC06,SUKL260298/2026,,2025-05-05,2026-09-23T20:53:05.251014,47481
CZ,Czech Republic,SUKL,MELOCOX,MELOXICAM,15MG TBL NOB 30,,0246196,2026-08-27,,shortage - monitored,M01AC06,SUKL260298/2026,,2025-07-17,2026-09-23T20:53:05.251015,47481
CZ,Czech Republic,SUKL,RECOXA,MELOXICAM,15MG TBL NOB 60,,0112562,2026-08-27,,shortage - monitored,M01AC06,SUKL260298/2026,,2023-11-03,2026-09-23T20:53:05.251017,47481
CZ,Czech Republic,SUKL,MELOXICAM TEVA,MELOXICAM,15MG TBL NOB 100 I,,0022903,2026-08-27,,shortage - monitored,M01AC06,SUKL260298/2026,Výrobní důvody,2026-01-29,2026-09-23T20:53:05.251018,47481
CZ,Czech Republic,SUKL,RECOXA,MELOXICAM,15MG TBL NOB 20,,0013281,2026-08-27,,shortage - monitored,M01AC06,SUKL260298/2026,,2024-01-09,2026-09-23T20:53:05.251019,47481
CZ,Czech Republic,SUKL,RECOXA,MELOXICAM,15MG TBL NOB 30,,0112561,2026-08-27,,shortage - monitored,M01AC06,SUKL260298/2026,,2025-03-27,2026-09-23T20:53:05.251020,47481
CZ,Czech Republic,SUKL,MELOXICAM TEVA,MELOXICAM,15MG TBL NOB 50 I,,0022901,2026-08-27,,shortage - monitored,M01AC06,SUKL260298/2026,Výrobní důvody,2026-06-15,2026-09-23T20:53:05.251026,47481
CZ,Czech Republic,SUKL,MELOXICAM TEVA,MELOXICAM,15MG TBL NOB 30 I,,0022900,2026-08-27,,shortage - monitored,M01AC06,SUKL260298/2026,Výrobní důvody,2026-02-11,2026-09-23T20:53:05.251028,47481
CZ,Czech Republic,SUKL,BUDENOFALK,BUDESONIDE,2MG RCT SPM 1X14DÁV,,0134861,2026-08-28,,shortage - monitored,A07EA06,SUKL261100/2026,Výrobní důvody,2026-08-26,2026-09-23T20:53:05.251029,97713
CZ,Czech Republic,SUKL,DOCETAXEL ACCORD,DOCETAXEL,80MG/4ML INF CNC SOL 1X4ML,,0193326,2026-09-01,,shortage - monitored,L01CD02,SUKL264201/2026,,2026-08-31,2026-09-23T20:53:05.251030,92894
CZ,Czech Republic,SUKL,DOCETAXEL ACCORD,DOCETAXEL,20MG/1ML INF CNC SOL 1X1ML,,0193325,2026-09-01,,shortage - monitored,L01CD02,SUKL264201/2026,,2026-09-11,2026-09-23T20:53:05.251032,
CZ,Czech Republic,SUKL,DOCETAXEL KABI,DOCETAXEL,80MG/4ML INF CNC SOL 1X4ML,,0193321,2026-09-01,,shortage - monitored,L01CD02,SUKL264201/2026,,2026-09-11,2026-09-23T20:53:05.251033,92894
CZ,Czech Republic,SUKL,DOCETAXEL KABI,DOCETAXEL,20MG/1ML INF CNC SOL 1X1ML,,0193645,2026-09-01,,shortage - monitored,L01CD02,SUKL264201/2026,Kapacitní/distribuční důvody,2026-08-28,2026-09-23T20:53:05.251034,92886
CZ,Czech Republic,SUKL,DOCETAXEL EBEWE,DOCETAXEL,10MG/ML INF CNC SOL 1X2ML I,,0142874,2026-09-01,,shortage - monitored,L01CD02,SUKL264201/2026,Kapacitní/distribuční důvody,2026-05-27,2026-09-23T20:53:05.251036,
CZ,Czech Republic,SUKL,DOCETAXEL EBEWE,DOCETAXEL,10MG/ML INF CNC SOL 1X8ML I,,0142877,2026-09-01,,shortage - monitored,L01CD02,SUKL264201/2026,,2026-08-11,2026-09-23T20:53:05.251037,
CZ,Czech Republic,SUKL,DOCETAXEL ACCORD,DOCETAXEL,160MG/8ML INF CNC SOL 1X8ML,,0193327,2026-09-01,,shortage - monitored,L01CD02,SUKL264201/2026,,2026-09-11,2026-09-23T20:53:05.251038,94234
CZ,Czech Republic,SUKL,EBRANTIL RETARD,URAPIDIL,30MG CPS PRO 50,,0266650,2026-09-02,,shortage - monitored,C02CA06,SUKL265506/2026,Výrobní důvody,2026-08-31,2026-09-23T20:53:05.251039,
CZ,Czech Republic,SUKL,URAPIDIL MEDREG,URAPIDIL,30MG CPS PRO 50 II,,0255990,2026-09-02,,shortage - monitored,C02CA06,SUKL265506/2026,,2026-03-23,2026-09-23T20:53:05.251041,
CZ,Czech Republic,SUKL,ATOMOXETINE ACCORD,ATOMOXETINE HYDROCHLORIDE,10MG CPS DUR 28 I,,0224160,2026-09-02,,shortage - monitored,N06BA09,SUKL265389/2026,Výrobní důvody,2024-10-03,2026-09-23T20:53:05.251042,76708
CZ,Czech Republic,SUKL,ATOMOXETINE ACCORD,ATOMOXETINE HYDROCHLORIDE,25MG CPS DUR 28 I,,0224184,2026-09-02,,shortage - monitored,N06BA09,SUKL265389/2026,Výrobní důvody,2024-10-03,2026-09-23T20:53:05.251043,76724
CZ,Czech Republic,SUKL,ATOMOXETINE ACCORD,ATOMOXETINE HYDROCHLORIDE,40MG CPS DUR 28 I,,0224196,2026-09-02,,shortage - monitored,N06BA09,SUKL265389/2026,Výrobní důvody,2026-09-11,2026-09-23T20:53:05.251044,76732
CZ,Czech Republic,SUKL,ATOMOXETINE ACCORD,ATOMOXETINE HYDROCHLORIDE,60MG CPS DUR 28 I,,0224208,2026-09-02,,shortage - monitored,N06BA09,SUKL265389/2026,Výrobní důvody,2026-09-11,2026-09-23T20:53:05.251046,76740
CZ,Czech Republic,SUKL,ATOMOXETINE ACCORD,ATOMOXETINE HYDROCHLORIDE,18MG CPS DUR 28 I,,0224172,2026-09-02,,shortage - monitored,N06BA09,SUKL265389/2026,Výrobní důvody,2026-09-11,2026-09-23T20:53:05.251047,76716
CZ,Czech Republic,SUKL,ATOMOXETIN VIATRIS,ATOMOXETINE HYDROCHLORIDE,10MG CPS DUR 28,,0268623,2026-09-02,,shortage - monitored,N06BA09,SUKL265389/2026,,2026-02-16,2026-09-23T20:53:05.251048,76708
CZ,Czech Republic,SUKL,URAPIDIL STADA,URAPIDIL,30MG CPS PRO 50 I,,0220778,2026-09-02,,shortage - monitored,C02CA06,SUKL265506/2026,Kapacitní/distribuční důvody,2026-05-15,2026-09-23T20:53:05.251050,
CZ,Czech Republic,SUKL,ATOMOXETIN VIATRIS,ATOMOXETINE HYDROCHLORIDE,25MG CPS DUR 28,,0268629,2026-09-02,,shortage - monitored,N06BA09,SUKL265389/2026,,2025-04-23,2026-09-23T20:53:05.251051,76724
CZ,Czech Republic,SUKL,ATOMOXETIN VIATRIS,ATOMOXETINE HYDROCHLORIDE,40MG CPS DUR 28,,0268632,2026-09-02,,shortage - monitored,N06BA09,SUKL265389/2026,,2026-05-27,2026-09-23T20:53:05.251052,76732
CZ,Czech Republic,SUKL,ATOMOXETIN GLENMARK,ATOMOXETINE HYDROCHLORIDE,25MG CPS DUR 28 I,,0223700,2026-09-02,,shortage - monitored,N06BA09,SUKL265389/2026,Obchodní/marketingové důvody,2026-04-02,2026-09-23T20:53:05.251054,76724
CZ,Czech Republic,SUKL,ATOMOXETIN GLENMARK,ATOMOXETINE HYDROCHLORIDE,40MG CPS DUR 56 I,,0223704,2026-09-02,,shortage - monitored,N06BA09,SUKL265389/2026,Výrobní důvody,2026-01-08,2026-09-23T20:53:05.251055,76732
CZ,Czech Republic,SUKL,ATOMOXETIN GLENMARK,ATOMOXETINE HYDROCHLORIDE,60MG CPS DUR 28 I,,0223706,2026-09-02,,shortage - monitored,N06BA09,SUKL265389/2026,Výrobní důvody,2026-05-04,2026-09-23T20:53:05.251056,76740
CZ,Czech Republic,SUKL,ATOMOXETIN GLENMARK,ATOMOXETINE HYDROCHLORIDE,40MG CPS DUR 28 I,,0223703,2026-09-02,,shortage - monitored,N06BA09,SUKL265389/2026,Obchodní/marketingové důvody,2025-11-10,2026-09-23T20:53:05.251058,76732
CZ,Czech Republic,SUKL,ATOFAB,ATOMOXETINE HYDROCHLORIDE,60MG CPS DUR 56 I,,0221855,2026-09-02,,shortage - monitored,N06BA09,SUKL265389/2026,,2026-04-08,2026-09-23T20:53:05.251059,76740
CZ,Czech Republic,SUKL,ATOMOXETIN VIATRIS,ATOMOXETINE HYDROCHLORIDE,18MG CPS DUR 28,,0268626,2026-09-02,,shortage - monitored,N06BA09,SUKL265389/2026,,2026-04-07,2026-09-23T20:53:05.251060,76716
CZ,Czech Republic,SUKL,PIRAMIL,RAMIPRIL,"2,5MG TBL NOB 100 I",,0016422,2026-09-03,,shortage - monitored,C09AA05,SUKL266223/2026,,2026-09-18,2026-09-23T20:53:05.251062,50555
CZ,Czech Republic,SUKL,TRITACE,RAMIPRIL,"2,5MG TBL NOB 20",,0056976,2026-09-03,,shortage - monitored,C09AA05,SUKL266223/2026,Výrobní důvody,2026-07-31,2026-09-23T20:53:05.251063,50555
CZ,Czech Republic,SUKL,RAMIPRIL ACTAVIS,RAMIPRIL,"2,5MG TBL NOB 30",,0224749,2026-09-03,,shortage - monitored,C09AA05,SUKL266223/2026,Výrobní důvody,2026-09-21,2026-09-23T20:53:05.251064,50555
CZ,Czech Republic,SUKL,AMPRILAN,RAMIPRIL,"2,5MG TBL NOB 90",,0023961,2026-09-03,,shortage - monitored,C09AA05,SUKL266223/2026,,2025-05-13,2026-09-23T20:53:05.251066,50555
CZ,Czech Republic,SUKL,NUSTENDI,BEMPEDOIC ACID + EZETIMIBE,180MG/10MG TBL FLM 28,,0238895,2026-09-03,,shortage - monitored,C10BA10,SUKL266279/2026,Výrobní důvody,2026-09-01,2026-09-23T20:53:05.251067,225932
CZ,Czech Republic,SUKL,PIRAMIL,RAMIPRIL,"2,5MG TBL NOB 30 I",,0016420,2026-09-03,,shortage - monitored,C09AA05,SUKL266223/2026,Výrobní důvody,2026-09-22,2026-09-23T20:53:05.251068,50555
CZ,Czech Republic,SUKL,RAMIPRIL ACTAVIS,RAMIPRIL,"2,5MG TBL NOB 50",,0224751,2026-09-03,,shortage - monitored,C09AA05,SUKL266223/2026,Výrobní důvody,2026-09-21,2026-09-23T20:53:05.251070,50555
CZ,Czech Republic,SUKL,AMPRILAN,RAMIPRIL,"2,5MG TBL NOB 30",,0023958,2026-09-03,,shortage - monitored,C09AA05,SUKL266223/2026,,2020-04-15,2026-09-23T20:53:05.251071,50555
CZ,Czech Republic,SUKL,NILEMDO,BEMPEDOIC ACID,180MG TBL FLM 28,,0238918,2026-09-03,,shortage - monitored,C10AX15,SUKL266261/2026,Výrobní důvody,2026-09-01,2026-09-23T20:53:05.251072,214787
CZ,Czech Republic,SUKL,AKARBOZA MYLAN,ACARBOSE,100MG TBL NOB 120,,0233499,2026-09-04,,shortage - monitored,A10BF01,SUKL267897/2026,Obchodní/marketingové důvody,2026-09-01,2026-09-23T20:53:05.251073,31453
CZ,Czech Republic,SUKL,OLTAR,GLIMEPIRIDE,4MG TBL NOB 30,,0051754,2026-09-08,,shortage - monitored,A10BB12,SUKL270823/2026,,2025-08-26,2026-09-23T20:53:05.251074,44466
CZ,Czech Republic,SUKL,GLIMEPIRID SANDOZ,GLIMEPIRIDE,4MG TBL NOB 30,,0012181,2026-09-08,,shortage - monitored,A10BB12,SUKL270823/2026,,2025-01-03,2026-09-23T20:53:05.251076,
CZ,Czech Republic,SUKL,GLIMEPIRID SANDOZ,GLIMEPIRIDE,4MG TBL NOB 120,,0012143,2026-09-08,,shortage - monitored,A10BB12,SUKL270823/2026,Výrobní důvody,2026-09-03,2026-09-23T20:53:05.251077,
CZ,Czech Republic,SUKL,GLIMEPIRID MYLAN,GLIMEPIRIDE,4MG TBL NOB 30,,0235332,2026-09-08,,shortage - monitored,A10BB12,SUKL270823/2026,Výrobní důvody,2026-08-04,2026-09-23T20:53:05.251078,44466
CZ,Czech Republic,SUKL,GLIMEPIRID MYLAN,GLIMEPIRIDE,4MG TBL NOB 90,,0235335,2026-09-08,,shortage - monitored,A10BB12,SUKL270823/2026,Výrobní důvody,2026-02-03,2026-09-23T20:53:05.251079,44466
CZ,Czech Republic,SUKL,CONCOR COMBI,BISOPROLOL FUMARATE + AMLODIPINE BESILATE,5MG/10MG TBL NOB 30,,0184288,2026-09-08,,shortage - monitored,C07FB07,SUKL270746/2026,Výrobní důvody,2026-09-02,2026-09-23T20:53:05.251081,
CZ,Czech Republic,SUKL,BIGITAL,BISOPROLOL FUMARATE + AMLODIPINE BESILATE,5MG/10MG TBL NOB 30,,0197060,2026-09-08,,shortage - monitored,C07FB07,SUKL270746/2026,Výrobní důvody,2026-09-07,2026-09-23T20:53:05.251082,
CZ,Czech Republic,SUKL,BIGITAL,BISOPROLOL FUMARATE + AMLODIPINE BESILATE,5MG/10MG TBL NOB 90,,0197062,2026-09-08,,shortage - monitored,C07FB07,SUKL270746/2026,Výrobní důvody,2026-09-01,2026-09-23T20:53:05.251083,
CZ,Czech Republic,SUKL,TOPIRAMAT MYLAN,TOPIRAMATE,50MG TBL FLM 60,,0234977,2026-09-09,,shortage - monitored,N03AX11,SUKL272446/2026,Výrobní důvody,2025-11-18,2026-09-23T20:53:05.251084,43982
CZ,Czech Republic,SUKL,TOPILEX,TOPIRAMATE,50MG TBL FLM 60,,0162736,2026-09-09,,shortage - monitored,N03AX11,SUKL272446/2026,,2020-03-12,2026-09-23T20:53:05.251085,43982
CZ,Czech Republic,SUKL,TOPIRAMAT ACTAVIS,TOPIRAMATE,50MG TBL FLM 60,,0152045,2026-09-09,,shortage - monitored,N03AX11,SUKL272446/2026,Výrobní důvody,2026-06-08,2026-09-23T20:53:05.251086,43982
CZ,Czech Republic,SUKL,TOPIMARK,TOPIRAMATE,50MG TBL FLM 30,,0122860,2026-09-09,,shortage - monitored,N03AX11,SUKL272446/2026,,2026-08-18,2026-09-23T20:53:05.251087,43982
CZ,Czech Republic,SUKL,TOPIRAMAT SANDOZ,TOPIRAMATE,50MG TBL FLM 60,,0104347,2026-09-09,,shortage - monitored,N03AX11,SUKL272446/2026,,2025-08-21,2026-09-23T20:53:05.251089,43982
CZ,Czech Republic,SUKL,TOPAMAX,TOPIRAMATE,50MG TBL FLM 60,,0015849,2026-09-09,,shortage - monitored,N03AX11,SUKL272446/2026,Výrobní důvody,2026-09-07,2026-09-23T20:53:05.251090,43982
CZ,Czech Republic,SUKL,GYNIPRAL,HEXOPRENALINE SULFATE,10MCG/2ML INJ SOL 5X2ML,,0075463,2026-09-11,,shortage - monitored,G02CA,SUKL275295/2026,Obchodní/marketingové důvody,2026-09-09,2026-09-23T20:53:05.251092,
CZ,Czech Republic,SUKL,GYNIPRAL,HEXOPRENALINE SULFATE,25MCG/5ML INF CNC SOL 5X5ML,,0046293,2026-09-11,,shortage - monitored,G02CA,SUKL275295/2026,Obchodní/marketingové důvody,2026-09-09,2026-09-23T20:53:05.251093,
CZ,Czech Republic,SUKL,AKNEMYCIN PLUS,ERYTHROMYCIN + TRETINOIN,"40MG/G+0,25MG/G DRM SOL 25ML",,0030902,2026-09-11,,shortage - monitored,D10AD51,SUKL275074/2026,Kapacitní/distribuční důvody,2026-09-10,2026-09-23T20:53:05.251094,
CZ,Czech Republic,SUKL,NIMOTOP S,NIMODIPINE,30MG TBL FLM 100 I,,0224732,2026-09-11,,shortage - monitored,C08CA06,SUKL274550/2026,Převod registrace,2026-09-18,2026-09-23T20:53:05.251095,27596
CZ,Czech Republic,SUKL,ULTIBRO BREEZHALER,INDACATEROL MALEATE + GLYCOPYRRONIUM BROMIDE,85MCG/43MCG INH PLV CPS DUR 30X1+INH,,0194361,2026-09-11,,shortage - monitored,R03AL04,SUKL274518/2026,Výrobní důvody,2026-09-09,2026-09-23T20:53:05.251096,208809
CZ,Czech Republic,SUKL,COLCAMEDIN,COLCHICINE,"0,5MG TBL NOB 30",,0295951,2026-09-15,,shortage - monitored,M04AC01,SUKL277337/2026,,,2026-09-23T20:53:05.251098,48828
CZ,Czech Republic,SUKL,COLCHANOVA,COLCHICINE,"0,5MG TBL NOB 30",,0295950,2026-09-15,,shortage - monitored,M04AC01,SUKL277337/2026,Výrobní důvody,2026-09-03,2026-09-23T20:53:05.251099,48828
CZ,Czech Republic,SUKL,BUPRENORFIN STADA,BUPRENORPHINE,40MCG/H TDR EMP 4,,0240782,2026-09-15,,shortage - monitored,N02AE01,SUKL277096/2026,Výrobní důvody,2026-09-11,2026-09-23T20:53:05.251100,
CZ,Czech Republic,SUKL,PRALUENT,ALIROCUMAB,75MG INJ SOL PEP 2X1ML II,,0249864,2026-09-16,,shortage - monitored,C10AX14,SUKL278996/2026,,2026-09-23,2026-09-23T20:53:05.251101,131326
CZ,Czech Republic,SUKL,INDOMETACIN BERLIN-CHEMIE,INDOMETACIN,50MG SUP 10,,0093723,2026-09-17,,shortage - monitored,M01AB01,SUKL279917/2026,Výrobní důvody,2026-09-15,2026-09-23T20:53:05.251102,5770
CZ,Czech Republic,SUKL,OFLOXACIN-POS,OFLOXACIN,3MG/ML OPH GTT SOL 1X5ML,,0183668,2026-09-18,,shortage - monitored,S01AE01,SUKL281244/2026,,2024-11-18,2026-09-23T20:53:05.251103,220582
CZ,Czech Republic,SUKL,FLOXAL,OFLOXACIN,3MG/ML OPH GTT SOL 1X5ML,,0056675,2026-09-18,,shortage - monitored,S01AE01,SUKL281244/2026,Výrobní důvody,2026-09-16,2026-09-23T20:53:05.251105,220582
CZ,Czech Republic,SUKL,AGOLUTIN,PROGESTERONE,30MG/ML INJ SOL 5X2ML,,0186149,2026-09-18,,shortage - monitored,G03DA04,SUKL281048/2026,Výrobní důvody,2026-09-16,2026-09-23T20:53:05.251106,
CZ,Czech Republic,SUKL,PIRAMIL,RAMIPRIL,"1,25MG TBL NOB 30 I",,0176944,2026-09-22,,shortage - monitored,C09AA05,SUKL283727/2026,Výrobní důvody,2026-09-08,2026-09-23T20:53:05.251107,50628
CZ,Czech Republic,SUKL,PIRAMIL,RAMIPRIL,"1,25MG TBL NOB 100 I",,0176945,2026-09-22,,shortage - monitored,C09AA05,SUKL283727/2026,Výrobní důvody,2026-09-18,2026-09-23T20:53:05.251108,50628
CZ,Czech Republic,SUKL,AMPRILAN,RAMIPRIL,"1,25MG TBL NOB 30",,0023954,2026-09-22,,shortage - monitored,C09AA05,SUKL283727/2026,Výrobní důvody,2026-08-25,2026-09-23T20:53:05.251109,50628
CZ,Czech Republic,SUKL,ADEMPAS,RIOCIGUAT,"1,5MG TBL FLM 42",,0194873,2026-09-22,,shortage - monitored,C02KX05,SUKL283684/2026,Kapacitní/distribuční důvody,2026-09-17,2026-09-23T20:53:05.251111,124664
CZ,Czech Republic,SUKL,NEOTIGASON,ACITRETIN,10MG CPS DUR 30,,0272916,2026-09-22,,shortage - monitored,D05BB02,SUKL283656/2026,Výrobní důvody,2026-09-17,2026-09-23T20:53:05.251112,29866
CZ,Czech Republic,SUKL,TOLUCOMBI,TELMISARTAN + HYDROCHLOROTHIAZIDE,"40MG/12,5MG TBL NOB 28X1 II",,0193874,2026-09-23,,shortage - monitored,C09DA07,SUKL285254/2026,,2025-12-16,2026-09-23T20:53:05.251113,67954
CZ,Czech Republic,SUKL,TEZEO HCT,TELMISARTAN + HYDROCHLOROTHIAZIDE,"40MG/12,5MG TBL NOB 30",,0189678,2026-09-23,,shortage - monitored,C09DA07,SUKL285254/2026,Výrobní důvody,2026-09-18,2026-09-23T20:53:05.251115,67954
CZ,Czech Republic,SUKL,ROCALTROL,CALCITRIOL,"0,25MCG CPS MOL 30",,0258231,2026-09-23,,shortage - monitored,A11CC04,SUKL285002/2026,Výrobní důvody,2026-09-19,2026-09-23T20:53:05.251116,16608
