country_code,country_name,source,medicine_name,atc_code,active_substance,dosage_form,strength,marketing_auth_holder,status,detail_url,scraped_at,prk
EE,Estonia,RAVIMIAMET,ABIRATERONE TEVA,L02BX03,abirateroon,õhukese polümeerikattega tablett,500mg,Teva B.V.,shortage,https://www.ravimiregister.ee/Default.aspx?pv=HumRavimid.Ravim&vid=9dd7d8a5-d49f-4cd2-a918-f3240fb9def2,2026-09-21T16:19:38.877894,136913
EE,Estonia,RAVIMIAMET,ABIX,H02AB09,hüdrokortisoon,tablett,50mg,Vitabalans Oy,shortage,https://www.ravimiregister.ee/Default.aspx?pv=HumRavimid.Ravim&vid=5e97f582-9ef3-4f8c-bc9e-be7355c5e2b1,2026-09-21T16:19:38.877954,
EE,Estonia,RAVIMIAMET,AFFENID,N06BA04,metüülfenidaat,toimeainet modifitseeritult vabastav kõvakapsel,30mg,Zentiva k.s.,shortage,https://www.ravimiregister.ee/Default.aspx?pv=HumRavimid.Ravim&vid=9d618b8f-861d-4489-b4b4-f5af3cf675c7,2026-09-21T16:19:38.877983,
EE,Estonia,RAVIMIAMET,AFFENID,N06BA04,metüülfenidaat,toimeainet modifitseeritult vabastav kõvakapsel,40mg,Zentiva k.s.,shortage,https://www.ravimiregister.ee/Default.aspx?pv=HumRavimid.Ravim&vid=fba03712-4b75-4465-aafe-ff121bacf3f2,2026-09-21T16:19:38.878005,83062
EE,Estonia,RAVIMIAMET,AFFENID,N06BA04,metüülfenidaat,toimeainet modifitseeritult vabastav kõvakapsel,60mg,Zentiva k.s.,shortage,https://www.ravimiregister.ee/Default.aspx?pv=HumRavimid.Ravim&vid=233e9793-818e-40c3-9a9d-c67d8a6b67e1,2026-09-21T16:19:38.878027,118397
EE,Estonia,RAVIMIAMET,Alamycin LA,J01AA06,oksütetratsükliin,süstelahus,200mg 1ml,Norbrook Laboratories (Ireland) Limited,shortage,https://www.ravimiregister.ee/Default.aspx?pv=VetRavimid.Ravim&vid=ca0f6012-9d6f-4386-a1a8-d86c2e6bd7eb,2026-09-21T16:19:38.878046,
EE,Estonia,RAVIMIAMET,ALCAINE,S01HA04,proksümetakaiin,"silmatilgad, lahus",5mg 1ml,Alcon Farmaceutika d.o.o.,shortage,https://www.ravimiregister.ee/Default.aspx?pv=HumRavimid.Ravim&vid=4de18d97-695a-4a7d-ae77-09fce31714d6,2026-09-21T16:19:38.878067,
EE,Estonia,RAVIMIAMET,ALENDRONIC ACID/COLECALCIFEROL ZENTIVA,M05BB03,alendroonhape +kolekaltsiferool,tablett,70mg +5600RÜ,Zentiva k.s.,shortage,https://www.ravimiregister.ee/Default.aspx?pv=HumRavimid.Ravim&vid=87327cbb-fe85-416d-b1eb-f2e1b309cd87,2026-09-21T16:19:38.878087,122432
EE,Estonia,RAVIMIAMET,ALLOPURINOL SANDOZ,M04AA01,allopurinool,tablett,100mg,Sandoz Pharmaceuticals d.d.,shortage,https://www.ravimiregister.ee/Default.aspx?pv=HumRavimid.Ravim&vid=05950a75-20c1-4d97-a98b-01fa30d3453f,2026-09-21T16:19:38.878109,671
EE,Estonia,RAVIMIAMET,ALLOPURINOL SANDOZ,M04AA01,allopurinool,tablett,300mg,Sandoz Pharmaceuticals d.d.,shortage,https://www.ravimiregister.ee/Default.aspx?pv=HumRavimid.Ravim&vid=463d4054-f536-4495-9d94-af6e158e1076,2026-09-21T16:19:38.878129,3913
EE,Estonia,RAVIMIAMET,ALPRAZOLAM-GRINDEKS,N05BA12,alprasolaam,tablett,"0,25mg",Grindeks AS,shortage,https://www.ravimiregister.ee/Default.aspx?pv=HumRavimid.Ravim&vid=079c17ef-7229-4ab8-851c-53237e48a45d,2026-09-21T16:19:38.878153,31917
EE,Estonia,RAVIMIAMET,AMARYL,A10BB12,glimepiriid,tablett,2mg,Ideal Trade Links UAB,shortage,https://www.ravimiregister.ee/Default.aspx?pv=HumRavimid.Ravim&vid=5ba91664-878e-4418-989b-b4927cefa85f,2026-09-21T16:19:38.878172,
EE,Estonia,RAVIMIAMET,AZITHROMYCIN GRINDEKS,J01FA10,asitromütsiin,õhukese polümeerikattega tablett,500mg,Grindeks AS,shortage,https://www.ravimiregister.ee/Default.aspx?pv=HumRavimid.Ravim&vid=cd44ce91-d206-446e-80e3-756b32b31daf,2026-09-21T16:19:38.878191,115002
EE,Estonia,RAVIMIAMET,AZITHROMYCIN KRKA,J01FA10,asitromütsiin,õhukese polümeerikattega tablett,250mg,KRKA tovarna zdravil d.d. Novo mesto,shortage,https://www.ravimiregister.ee/Default.aspx?pv=HumRavimid.Ravim&vid=2c062c36-0818-4aff-b285-775b63cdcb84,2026-09-21T16:19:38.878210,114995
EE,Estonia,RAVIMIAMET,AZITHROMYCIN KRKA,J01FA10,asitromütsiin,õhukese polümeerikattega tablett,500mg,KRKA tovarna zdravil d.d. Novo mesto,shortage,https://www.ravimiregister.ee/Default.aspx?pv=HumRavimid.Ravim&vid=2605120d-f7ad-4bc6-999e-b9711e485a9b,2026-09-21T16:19:38.878229,115002
EE,Estonia,RAVIMIAMET,ATENOLOL-RATIOPHARM 25MG,C07AB03,atenolool,õhukese polümeerikattega tablett,25mg,Ratiopharm GmbH,shortage,https://www.ravimiregister.ee/Default.aspx?pv=HumRavimid.Ravim&vid=ce79517e-6d82-43c2-b3f2-9ba83b240cc4,2026-09-21T16:19:38.878247,33103
EE,Estonia,RAVIMIAMET,ATORVASTATIN ACTAVIS,C10AA05,atorvastatiin,õhukese polümeerikattega tablett,40mg,Actavis Group Ptc ehf.,shortage,https://www.ravimiregister.ee/Default.aspx?pv=HumRavimid.Ravim&vid=b7bb4c20-ad62-405c-a00e-1829ff5f74c8,2026-09-21T16:19:38.878266,98620
EE,Estonia,RAVIMIAMET,AUGMENTIN,J01CR02,amoksitsilliin +klavulaanhape,suukaudse suspensiooni pulber,"80mg +11,4mg 1ml",First Pharma OÜ,shortage,https://www.ravimiregister.ee/Default.aspx?pv=HumRavimid.Ravim&vid=6480c16c-fd20-4b1f-93ab-17c8fcd34ad9,2026-09-21T16:19:38.878284,
EE,Estonia,RAVIMIAMET,BELKYRA,D11AX24,deoksükoolhape,süstelahus,10mg 1ml,AbbVie SIA,shortage,https://www.ravimiregister.ee/Default.aspx?pv=HumRavimid.Ravim&vid=8c98a146-d50d-4bf2-be88-46a78d86dacb,2026-09-21T16:19:38.878301,218863
EE,Estonia,RAVIMIAMET,BETALOC,C07AB02,metoprolool,süstelahus,1mg 1ml,First Pharma OÜ,shortage,https://www.ravimiregister.ee/Default.aspx?pv=HumRavimid.Ravim&vid=6a931883-a75a-497e-b409-fad310892a59,2026-09-21T16:19:38.878319,204749
EE,Estonia,RAVIMIAMET,BETASERC,N07CA01,beetahistiin,tablett,24mg,Lex Ano UAB,shortage,https://www.ravimiregister.ee/Default.aspx?pv=HumRavimid.Ravim&vid=f5849a33-1cbb-4e9c-bbd7-5932b75352b2,2026-09-21T16:19:38.878362,93378
EE,Estonia,RAVIMIAMET,BETMIGA,G04BD12,mirabegroon,toimeainet prolongeeritult vabastav tablett,50mg,Astellas Pharma Europe B.V.,shortage,https://www.ravimiregister.ee/Default.aspx?pv=HumRavimid.Ravim&vid=c3eae778-00a1-4f73-9f3e-e9650c58d93d,2026-09-21T16:19:38.878382,112305
EE,Estonia,RAVIMIAMET,BLOXAZOC 25,C07AB02,metoprolool,toimeainet prolongeeritult vabastav tablett,25mg,KRKA tovarna zdravil d.d. Novo mesto,shortage,https://www.ravimiregister.ee/Default.aspx?pv=HumRavimid.Ravim&vid=df616a07-d218-4921-9410-ce6198284047,2026-09-21T16:19:38.878404,81043
EE,Estonia,RAVIMIAMET,CASPOFUNGIN TEVA GENERICS,J02AX04,kaspofungiin,infusioonilahuse kontsentraadi pulber,50mg,Teva B.V.,shortage,https://www.ravimiregister.ee/Default.aspx?pv=HumRavimid.Ravim&vid=2854f1a2-fef3-4861-8abd-e0868cd89d58,2026-09-21T16:19:38.878427,70300
EE,Estonia,RAVIMIAMET,CATHEJELL LIDOCAIN,N01BB86,lidokaiin +kloorheksidiin,geel,"20mg +0,5mg 1g",First Pharma OÜ,shortage,https://www.ravimiregister.ee/Default.aspx?pv=HumRavimid.Ravim&vid=6007cef3-0526-4174-9917-27a4ba75f4ae,2026-09-21T16:19:38.878447,
EE,Estonia,RAVIMIAMET,Catobevit,A12CX92,butafosfaan +tsüanokobalamiin,süstelahus,"100mg +0,05mg 1ml",KRKA tovarna zdravil d.d. Novo mesto,shortage,https://www.ravimiregister.ee/Default.aspx?pv=VetRavimid.Ravim&vid=0e9ccd96-29bb-4d39-8576-733fbbd77aae,2026-09-21T16:19:38.878467,
EE,Estonia,RAVIMIAMET,Catophos,A12CX92,butafosfaan +tsüanokobalamiin,süstelahus,"100mg +0,05mg 1ml",CP-Pharma Handelsgesellschaft mbH,shortage,https://www.ravimiregister.ee/Default.aspx?pv=VetRavimid.Ravim&vid=244c05e3-974d-45f4-beec-f6669af74ae8,2026-09-21T16:19:38.878492,
EE,Estonia,RAVIMIAMET,CEFOTAXIME MIP 1G,J01DD01,tsefotaksiim,süste-/infusioonilahuse pulber,1g,MIP Pharma GmbH,shortage,https://www.ravimiregister.ee/Default.aspx?pv=HumRavimid.Ravim&vid=dbdbcb21-855c-4ddf-8b66-4977a2661431,2026-09-21T16:19:38.878511,37168
EE,Estonia,RAVIMIAMET,Chorulon,G03GA01,inimese kooriongonadotropiin,süstelahuse pulber ja lahusti,1500RÜ,Intervet International B.V.,shortage,https://www.ravimiregister.ee/Default.aspx?pv=VetRavimid.Ravim&vid=813ddddf-8050-43d9-bee4-6aea802686bb,2026-09-21T16:19:38.878530,6963
EE,Estonia,RAVIMIAMET,CINACALCET ACCORDPHARMA,H05BX01,tsinakaltseet,õhukese polümeerikattega tablett,60mg,Accord Healthcare S.L.U.,shortage,https://www.ravimiregister.ee/Default.aspx?pv=HumRavimid.Ravim&vid=f4c02660-1ca1-420d-83c2-c09ad789522e,2026-09-21T16:19:38.878548,77119
EE,Estonia,RAVIMIAMET,CINACALCET ACCORDPHARMA,H05BX01,tsinakaltseet,õhukese polümeerikattega tablett,90mg,Accord Healthcare S.L.U.,shortage,https://www.ravimiregister.ee/Default.aspx?pv=HumRavimid.Ravim&vid=213c09f5-65f1-4de1-aafd-b8beae1800ee,2026-09-21T16:19:38.878566,77127
EE,Estonia,RAVIMIAMET,CINACALCET ACCORDPHARMA,H05BX01,tsinakaltseet,õhukese polümeerikattega tablett,30mg,Accord Healthcare S.L.U.,shortage,https://www.ravimiregister.ee/Default.aspx?pv=HumRavimid.Ravim&vid=2f153c81-400e-41f3-8151-bee1f23a9978,2026-09-21T16:19:38.878585,77100
EE,Estonia,RAVIMIAMET,CLARITHROMYCIN GRINDEKS,J01FA09,klaritromütsiin,õhukese polümeerikattega tablett,250mg,Grindeks AS,shortage,https://www.ravimiregister.ee/Default.aspx?pv=HumRavimid.Ravim&vid=ad95026e-dae7-4cd3-b6be-518ec26121d1,2026-09-21T16:19:38.878603,
EE,Estonia,RAVIMIAMET,CLARITHROMYCIN GRINDEKS,J01FA09,klaritromütsiin,õhukese polümeerikattega tablett,500mg,Grindeks AS,shortage,https://www.ravimiregister.ee/Default.aspx?pv=HumRavimid.Ravim&vid=62504b64-229f-4d91-b976-cb1de31d247f,2026-09-21T16:19:38.878621,39977
EE,Estonia,RAVIMIAMET,DAKTARIN,A01AB09,mikonasool,suukaudne geel,20mg 1g,Ideal Trade Links UAB,shortage,https://www.ravimiregister.ee/Default.aspx?pv=HumRavimid.Ravim&vid=7b46fd0f-00e2-4151-8569-0a1c9a71cd9e,2026-09-21T16:19:38.878640,4650
EE,Estonia,RAVIMIAMET,DAKTARIN,A01AB09,mikonasool,suukaudne geel,20mg 1g,Lex Ano UAB,shortage,https://www.ravimiregister.ee/Default.aspx?pv=HumRavimid.Ravim&vid=f1f2723f-bb54-4874-9cb5-72e32e6a8240,2026-09-21T16:19:38.878658,4650
EE,Estonia,RAVIMIAMET,DEFERASIROX ACCORD,V03AC03,deferasiroks,õhukese polümeerikattega tablett,360mg,Accord Healthcare S.L.U.,shortage,https://www.ravimiregister.ee/Default.aspx?pv=HumRavimid.Ravim&vid=8cea34dc-c80b-4454-98a4-a71a23a307ac,2026-09-21T16:19:38.878677,137200
EE,Estonia,RAVIMIAMET,"DIPHERELINE 11,25 MG",L02AE04,triptoreliin,toimeainet prolongeeritult vabastava süstesuspensiooni pulber ja lahusti,"11,25mg",First Pharma OÜ,shortage,https://www.ravimiregister.ee/Default.aspx?pv=HumRavimid.Ravim&vid=4f7a6088-c4e3-4355-83e7-13e3efa9c645,2026-09-21T16:19:38.878697,77615
EE,Estonia,RAVIMIAMET,DOPMIN,C01CA04,dopamiin,infusioonilahuse kontsentraat,40mg 1ml,Orion Corporation,shortage,https://www.ravimiregister.ee/Default.aspx?pv=HumRavimid.Ravim&vid=aa29b202-0290-43bb-8152-1dc4f19d7a14,2026-09-21T16:19:38.878715,17744
EE,Estonia,RAVIMIAMET,DOXYCYCLIN STADA,J01AA02,doksütsükliin,tablett,100mg,Stada Arzneimittel AG,shortage,https://www.ravimiregister.ee/Default.aspx?pv=HumRavimid.Ravim&vid=06213273-8259-4b42-8e0e-14e0f41f9e35,2026-09-21T16:19:38.878734,68438
EE,Estonia,RAVIMIAMET,DUTASTERIDE ELVIM,G04CB02,dutasteriid,pehmekapsel,"0,5mg",SIA Elvim,shortage,https://www.ravimiregister.ee/Default.aspx?pv=HumRavimid.Ravim&vid=7dae0f7b-3894-49cd-9e44-e230a328674e,2026-09-21T16:19:38.878752,68195
EE,Estonia,RAVIMIAMET,DUTRYS,G04CB02,dutasteriid,pehmekapsel,"0,5mg","KRKA, d.d., Novo mesto",shortage,https://www.ravimiregister.ee/Default.aspx?pv=HumRavimid.Ravim&vid=f7dcff39-e35b-4f5c-b847-f0b717e51891,2026-09-21T16:19:38.878770,68195
EE,Estonia,RAVIMIAMET,EDOXABAN TEVA,B01AF03,edoksabaan,õhukese polümeerikattega tablett,60mg,Teva GmbH,shortage,https://www.ravimiregister.ee/Default.aspx?pv=HumRavimid.Ravim&vid=a35e70b5-cfac-4773-8a4a-fde91d5aa4ce,2026-09-21T16:19:38.878788,128201
EE,Estonia,RAVIMIAMET,EFFENTORA,N02AB03,fentanüül,bukaaltablett,200mcg,Phoenix Labs Unlimited Company,shortage,https://www.ravimiregister.ee/Default.aspx?pv=HumRavimid.Ravim&vid=a7d32f5e-869a-4268-8318-487a9a8d0029,2026-09-21T16:19:38.878807,96199
EE,Estonia,RAVIMIAMET,ELOCOM,D07AC13,mometasoon,nahalahus,1mg 1g,Lex Ano UAB,shortage,https://www.ravimiregister.ee/Default.aspx?pv=HumRavimid.Ravim&vid=0b9d1b7c-da3d-4473-9367-2bcbdf01fa01,2026-09-21T16:19:38.878826,46914
EE,Estonia,RAVIMIAMET,ELOCON,D07AC13,mometasoon,nahalahus,1mg 1g,Organon N.V.,shortage,https://www.ravimiregister.ee/Default.aspx?pv=HumRavimid.Ravim&vid=b440c06e-3a47-4ada-9913-464ca417729f,2026-09-21T16:19:38.878848,46914
EE,Estonia,RAVIMIAMET,ELONTRIL,N06AX12,bupropioon,toimeainet modifitseeritult vabastav tablett,300mg,GlaxoSmithKline Trading Services Limited,shortage,https://www.ravimiregister.ee/Default.aspx?pv=HumRavimid.Ravim&vid=119c9782-5288-4c02-9568-e533db413d26,2026-09-21T16:19:38.878866,82899
EE,Estonia,RAVIMIAMET,ENCEPUR CHILDREN,J07BA01,"puukentsefaliidi koguviirus, inaktiveeritud",süstesuspensioon süstlis,"0,75mcg 0.25ml",Bavarian Nordic A/S,shortage,https://www.ravimiregister.ee/Default.aspx?pv=HumRavimid.Ravim&vid=5cd6fdf9-a903-4610-8e64-aad00752326b,2026-09-21T16:19:38.878884,
EE,Estonia,RAVIMIAMET,ENDOXAN,L01AA01,tsüklofosfamiid,süstelahuse pulber,1g,OÜ Baxter Estonia,shortage,https://www.ravimiregister.ee/Default.aspx?pv=HumRavimid.Ravim&vid=0a9c3f52-56f6-4545-bdf7-f1e1816b73f2,2026-09-21T16:19:38.878902,5053
EE,Estonia,RAVIMIAMET,ESCITALOPRAM GRINDEKS,N06AB10,estsitalopraam,õhukese polümeerikattega tablett,10mg,Grindeks AS,shortage,https://www.ravimiregister.ee/Default.aspx?pv=HumRavimid.Ravim&vid=d05fef2b-5728-47fd-b8b6-522e685a13f3,2026-09-21T16:19:38.878921,74969
EE,Estonia,RAVIMIAMET,ESCITALOPRAM GRINDEKS,N06AB10,estsitalopraam,õhukese polümeerikattega tablett,20mg,Grindeks AS,shortage,https://www.ravimiregister.ee/Default.aspx?pv=HumRavimid.Ravim&vid=0867fb74-fb48-4c84-b473-82869fdab2de,2026-09-21T16:19:40.862943,74977
EE,Estonia,RAVIMIAMET,ESTROFEM,G03CA03,östradiool,õhukese polümeerikattega tablett,2mg,First Pharma OÜ,shortage,https://www.ravimiregister.ee/Default.aspx?pv=HumRavimid.Ravim&vid=1bebf566-bc9c-4637-a45a-9d00c9a98b6c,2026-09-21T16:19:40.862981,30325
EE,Estonia,RAVIMIAMET,EZETIMIBE/ATORVASTATIN OLPHA,C10BA05,atorvastatiin +esetimiib,õhukese polümeerikattega tablett,20mg +10mg,Olpha AS,shortage,https://www.ravimiregister.ee/Default.aspx?pv=HumRavimid.Ravim&vid=6d2c22df-9719-4dce-afa6-cbb994cdfa76,2026-09-21T16:19:40.863004,122807
EE,Estonia,RAVIMIAMET,EZETIMIBE/ATORVASTATIN OLPHA,C10BA05,atorvastatiin +esetimiib,õhukese polümeerikattega tablett,40mg +10mg,Olpha AS,shortage,https://www.ravimiregister.ee/Default.aspx?pv=HumRavimid.Ravim&vid=5861ed67-9ebd-4562-9780-d737be9ddc99,2026-09-21T16:19:40.863025,122815
EE,Estonia,RAVIMIAMET,EZETIMIBE/ATORVASTATIN OLPHA,C10BA05,atorvastatiin +esetimiib,õhukese polümeerikattega tablett,80mg +10mg,Olpha AS,shortage,https://www.ravimiregister.ee/Default.aspx?pv=HumRavimid.Ravim&vid=158947bf-1a4f-4ce1-a5b5-9cb9e888e8ce,2026-09-21T16:19:40.863043,
EE,Estonia,RAVIMIAMET,EXOLORFIN,D01AE16,amorolfiin,ravimküünelakk,50mg 1ml,Sandoz Pharmaceuticals d.d.,shortage,https://www.ravimiregister.ee/Default.aspx?pv=HumRavimid.Ravim&vid=64e400d8-86b7-4ecb-9739-07e1e695f592,2026-09-21T16:19:40.863060,
EE,Estonia,RAVIMIAMET,FARPENTA,N05AH03,olansapiin,suus dispergeeruv tablett,5mg,Sanoswiss UAB,shortage,https://www.ravimiregister.ee/Default.aspx?pv=HumRavimid.Ravim&vid=c30f5878-2330-4d27-b5b4-6d4d4cc1e3c9,2026-09-21T16:19:40.863076,60941
EE,Estonia,RAVIMIAMET,FINASTERIDE TEVA,G04CB01,finasteriid,õhukese polümeerikattega tablett,5mg,Teva Pharma B.V.,shortage,https://www.ravimiregister.ee/Default.aspx?pv=HumRavimid.Ravim&vid=cc8bf717-7f19-4e56-97d1-fff6bce4c1a8,2026-09-21T16:19:40.863098,34975
EE,Estonia,RAVIMIAMET,FLUOXETINE VITABALANS,N06AB03,fluoksetiin,õhukese polümeerikattega tablett,20mg,Vitabalans Oy,shortage,https://www.ravimiregister.ee/Default.aspx?pv=HumRavimid.Ravim&vid=bc102e13-ff42-4ca9-b864-efee8dd9d1e9,2026-09-21T16:19:40.863115,
EE,Estonia,RAVIMIAMET,FOSCARNET SODIUM TILLOMED,J05AD01,naatriumfoskarnet,infusioonilahus,24mg 1ml,Tillomed Pharma GmbH,shortage,https://www.ravimiregister.ee/Default.aspx?pv=HumRavimid.Ravim&vid=1811d472-e794-4dba-bda7-b84d14645fb9,2026-09-21T16:19:40.863132,33081
EE,Estonia,RAVIMIAMET,FOSINOPRIL ACTAVIS,C09AA09,fosinopriil,tablett,20mg,Teva B.V.,shortage,https://www.ravimiregister.ee/Default.aspx?pv=HumRavimid.Ravim&vid=40b1fd29-0a90-4fcb-84e7-2d15820d8b9a,2026-09-21T16:19:40.863148,39578
EE,Estonia,RAVIMIAMET,FOSINOPRIL ACTAVIS,C09AA09,fosinopriil,tablett,10mg,Teva B.V.,shortage,https://www.ravimiregister.ee/Default.aspx?pv=HumRavimid.Ravim&vid=ba8fc441-42e2-4627-b1bb-f91043bac29f,2026-09-21T16:19:40.863164,39551
EE,Estonia,RAVIMIAMET,FUCITHALMIC,S01AA13,fusidiinhape,"silmatilgad, suspensioon",10mg 1g,Amdipharm Limited,shortage,https://www.ravimiregister.ee/Default.aspx?pv=HumRavimid.Ravim&vid=ba30ac7b-44c3-4725-82df-c4e77c319391,2026-09-21T16:19:40.863180,227196
EE,Estonia,RAVIMIAMET,FUROSEMIDE BASI,C03CA01,furosemiid,süste-/infusioonilahus,10mg 1ml,Laboratorios Basi Industria Farmaceutica S.A.,shortage,https://www.ravimiregister.ee/Default.aspx?pv=HumRavimid.Ravim&vid=0a5842f0-31f7-4718-a09b-49edb1f6a83a,2026-09-21T16:19:40.863202,116351
EE,Estonia,RAVIMIAMET,GLICLAZIDE ACTAVIS,A10BB09,gliklasiid,toimeainet modifitseeritult vabastav tablett,60mg,Teva B.V.,shortage,https://www.ravimiregister.ee/Default.aspx?pv=HumRavimid.Ravim&vid=6630fe8c-7d0b-42d5-aedb-eb37dfe5d435,2026-09-21T16:19:40.863219,141925
EE,Estonia,RAVIMIAMET,HOLOXAN,L01AA06,ifosfamiid,süstelahuse pulber,1g,OÜ Baxter Estonia,shortage,https://www.ravimiregister.ee/Default.aspx?pv=HumRavimid.Ravim&vid=ffe6e8a7-f5dc-42bf-9a0b-bcb6a143b304,2026-09-21T16:19:40.863235,14818
EE,Estonia,RAVIMIAMET,HYDROCORTISONE DAK,D07AA02,hüdrokortisoon,salv,10mg 1g,Orifarm Healthcare A/S,shortage,https://www.ravimiregister.ee/Default.aspx?pv=HumRavimid.Ravim&vid=8e78e338-9bb6-4580-b2de-5451c18960c9,2026-09-21T16:19:40.863252,
EE,Estonia,RAVIMIAMET,IBANDRONIC ACID TEVA,M05BA06,ibandroonhape,õhukese polümeerikattega tablett,150mg,Teva B.V.,shortage,https://www.ravimiregister.ee/Default.aspx?pv=HumRavimid.Ravim&vid=9320210e-17fd-47df-a268-c4a3984e14db,2026-09-21T16:19:40.863268,79685
EE,Estonia,RAVIMIAMET,IDARUBICIN ACCORD,L01DB06,idarubitsiin,süstelahus,10mg 10ml,Accord Healthcare B.V.,shortage,https://www.ravimiregister.ee/Default.aspx?pv=HumRavimid.Ravim&vid=e56763b7-90a6-44cc-b281-2065bf7e4ed9,2026-09-21T16:19:40.863284,52515
EE,Estonia,RAVIMIAMET,IKERVIS,S01XA18,tsüklosporiin,"silmatilgad, emulsioon",1mg 1ml,Santen Oy,shortage,https://www.ravimiregister.ee/Default.aspx?pv=HumRavimid.Ravim&vid=d813df6c-3349-46e7-93fa-6e91b6efda4a,2026-09-21T16:19:40.863300,216461
EE,Estonia,RAVIMIAMET,IMATINIB SANOSWISS 400MG,L01EA01,imatiniib,õhukese polümeerikattega tablett,400mg,UAB SanoSwiss,shortage,https://www.ravimiregister.ee/Default.aspx?pv=HumRavimid.Ravim&vid=9cdfb2f8-b131-4a31-afaf-9c9ecb1b7cee,2026-09-21T16:19:40.863320,71307
EE,Estonia,RAVIMIAMET,IMULDOSA,L04AC05,ustekinumab,infusioonilahuse kontsentraat,130mg 26ml,Accord Healthcare S.L.U.,shortage,https://www.ravimiregister.ee/Default.aspx?pv=HumRavimid.Ravim&vid=16a39461-6efe-4d8d-a6fc-4c796e0fadaf,2026-09-21T16:19:40.863337,138274
EE,Estonia,RAVIMIAMET,KANILAD,N03AX18,lakosamiid,õhukese polümeerikattega tablett,50mg,Ideal Trade Links UAB,shortage,https://www.ravimiregister.ee/Default.aspx?pv=HumRavimid.Ravim&vid=3088ab9b-39a2-4c18-b3c7-e465761263fe,2026-09-21T16:19:40.863353,
EE,Estonia,RAVIMIAMET,KIGABEQ,N03AG04,vigabatriin,lahustuv tablett,100mg,Orphelia Pharma,shortage,https://www.ravimiregister.ee/Default.aspx?pv=HumRavimid.Ravim&vid=cf3b2b51-b4f1-453c-b8a0-aad716aeb520,2026-09-21T16:19:40.863370,
EE,Estonia,RAVIMIAMET,KLOTRIMASOOL GSK,D01AC01,klotrimasool,kreem,10mg 1g,First Pharma OÜ,shortage,https://www.ravimiregister.ee/Default.aspx?pv=HumRavimid.Ravim&vid=ac80d6db-f780-47fc-bf0c-9a24155694e1,2026-09-21T16:19:40.863386,
EE,Estonia,RAVIMIAMET,KREON 25 000 U,A09AA02,lipaas +amülaas +proteaas,gastroresistentne kõvakapsel,25000ühik +18000ühik +1000ühik,VIATRIS HEALTHCARE Limited,shortage,https://www.ravimiregister.ee/Default.aspx?pv=HumRavimid.Ravim&vid=15869d05-c793-467a-b604-abf020f4a807,2026-09-21T16:19:40.863403,
EE,Estonia,RAVIMIAMET,KVENTIAX,N05AH04,kvetiapiin,õhukese polümeerikattega tablett,25mg,KRKA tovarna zdravil d.d. Novo mesto,shortage,https://www.ravimiregister.ee/Default.aspx?pv=HumRavimid.Ravim&vid=384c5061-0a38-40a8-aabf-b9852972ff48,2026-09-21T16:19:40.863419,50741
EE,Estonia,RAVIMIAMET,LACOSAMIDE ACCORD,N03AX18,lakosamiid,infusioonilahus,10mg 1ml,Accord Healthcare S.L.U.,shortage,https://www.ravimiregister.ee/Default.aspx?pv=HumRavimid.Ravim&vid=b35cb038-8fb4-4e29-9edc-00b9b3b77a71,2026-09-21T16:19:40.863435,89060
EE,Estonia,RAVIMIAMET,LACOSAMIDE ACCORD,N03AX18,lakosamiid,õhukese polümeerikattega tablett,150mg,Accord Healthcare S.L.U.,shortage,https://www.ravimiregister.ee/Default.aspx?pv=HumRavimid.Ravim&vid=e1a376cd-5d81-4899-99ed-facd22ff78cd,2026-09-21T16:19:40.863451,89044
EE,Estonia,RAVIMIAMET,LAMISIL,D01AE15,terbinafiin,kreem,10mg 1g,Karo Healthcare AB,shortage,https://www.ravimiregister.ee/Default.aspx?pv=HumRavimid.Ravim&vid=a6847484-3a31-40af-8223-725d655baed5,2026-09-21T16:19:40.863468,35157
EE,Estonia,RAVIMIAMET,LEBSANAN,D11AH01,takroliimus,salv,1mg 1g,Norameda UAB,shortage,https://www.ravimiregister.ee/Default.aspx?pv=HumRavimid.Ravim&vid=7a6c6d00-a7ff-47f3-97c1-ff683d653bc3,2026-09-21T16:19:40.863484,
EE,Estonia,RAVIMIAMET,LETROZOLE TEVA,L02BG04,letrosool,õhukese polümeerikattega tablett,"2,5mg",Teva Pharma B.V.,shortage,https://www.ravimiregister.ee/Default.aspx?pv=HumRavimid.Ravim&vid=df5209be-9ddd-4b3b-9176-f8a14e276dc2,2026-09-21T16:19:40.863500,47724
EE,Estonia,RAVIMIAMET,LOCERYL,D01AE16,amorolfiin,ravimküünelakk,50mg 1ml,Globalex Pharma OÜ,shortage,https://www.ravimiregister.ee/Default.aspx?pv=HumRavimid.Ravim&vid=413a4ce6-27a1-4aff-85b3-61f92830bf8b,2026-09-21T16:19:40.863516,
EE,Estonia,RAVIMIAMET,Loxicom,M01AC06,meloksikaam,suukaudne suspensioon,"1,5mg 1ml",Norbrook Laboratories (Ireland) Limited,shortage,https://www.ravimiregister.ee/Default.aspx?pv=VetRavimid.Ravim&vid=369714f4-153f-45bc-ad21-01089d0dd08a,2026-09-21T16:19:40.863532,
EE,Estonia,RAVIMIAMET,LUNALDIN,N02AB03,fentanüül,keelealune tablett,100mcg,Gruenenthal GmbH,shortage,https://www.ravimiregister.ee/Default.aspx?pv=HumRavimid.Ravim&vid=fdeda8c1-9663-450f-84e3-4b0e09bdb508,2026-09-21T16:19:40.863548,
EE,Estonia,RAVIMIAMET,MEBENDAZOLE-GRINDEKS,P02CA01,mebendasool,tablett,100mg,Grindeks AS,shortage,https://www.ravimiregister.ee/Default.aspx?pv=HumRavimid.Ravim&vid=d3f36b32-ac09-41be-9efb-528aa2231450,2026-09-21T16:19:40.863565,2798
EE,Estonia,RAVIMIAMET,MEDROL,H02AB04,metüülprednisoloon,tablett,16mg,Lex Ano UAB,shortage,https://www.ravimiregister.ee/Default.aspx?pv=HumRavimid.Ravim&vid=0c608bfd-127d-42f8-bdd7-98cbd8a25e8d,2026-09-21T16:19:40.863581,
EE,Estonia,RAVIMIAMET,METFORMIN HYDROCHLORIDE/SITAGLIPTIN GRINDEKS,A10BD07,metformiin +sitagliptiin,õhukese polümeerikattega tablett,1000mg +50mg,Grindeks AS,shortage,https://www.ravimiregister.ee/Default.aspx?pv=HumRavimid.Ravim&vid=8ed985e6-f63e-4039-a859-0b04ba1d7358,2026-09-21T16:19:40.863597,218154
EE,Estonia,RAVIMIAMET,MIDAZOLAM KALCEKS,N05CD08,midasolaam,süste-/infusioonilahus,5mg 1ml,Kalceks AS,shortage,https://www.ravimiregister.ee/Default.aspx?pv=HumRavimid.Ravim&vid=6845b7da-8aee-4798-9d85-1a131b341172,2026-09-21T16:19:40.863613,
EE,Estonia,RAVIMIAMET,MONTELUKAST ACCORD,R03DC03,montelukast,õhukese polümeerikattega tablett,10mg,Accord Healthcare B.V.,shortage,https://www.ravimiregister.ee/Default.aspx?pv=HumRavimid.Ravim&vid=11d5bad5-60ba-49b4-8c23-8273e123cb33,2026-09-21T16:19:40.863629,52051
EE,Estonia,RAVIMIAMET,MONTELUKAST ACCORD,R03DC03,montelukast,närimistablett,4mg,Accord Healthcare B.V.,shortage,https://www.ravimiregister.ee/Default.aspx?pv=HumRavimid.Ravim&vid=3eb53c32-15f4-43a2-a755-bbd21cd345f7,2026-09-21T16:19:40.863645,67857
EE,Estonia,RAVIMIAMET,NEOTIGASON,D05BB02,atsitretiin,kõvakapsel,10mg,First Pharma OÜ,shortage,https://www.ravimiregister.ee/Default.aspx?pv=HumRavimid.Ravim&vid=992c6544-5d5e-48d0-8f66-f932ec34a17c,2026-09-21T16:19:40.863661,29866
EE,Estonia,RAVIMIAMET,NEURONTIN,N02BF01,gabapentiin,kõvakapsel,300mg,Lex Ano UAB,shortage,https://www.ravimiregister.ee/Default.aspx?pv=HumRavimid.Ravim&vid=9dfc7c9c-e303-46b8-8f00-0bb94835b55c,2026-09-21T16:19:40.863681,52825
EE,Estonia,RAVIMIAMET,NEVANAC,S01BC10,nepafenak,"silmatilgad, suspensioon",1mg 1ml,Novartis Europharm Limited,shortage,https://www.ravimiregister.ee/Default.aspx?pv=HumRavimid.Ravim&vid=85324166-e738-4ecf-aa51-4fd598ebbbbc,2026-09-21T16:19:40.863697,220612
EE,Estonia,RAVIMIAMET,Nobilis IB+G+ND,I01AA08,lindude nakkava bronhiidi viirusvaktsiin +Newcastle'i tõve viirus-/paramüksoviirusvaktsiin +lindude nakkava bursiidi (Gumboro) viirusvaktsiin,süsteemulsioon,1annus,Intervet International B.V.,shortage,https://www.ravimiregister.ee/Default.aspx?pv=VetRavimid.Ravim&vid=0c9ca1ba-978a-4c00-b980-f990f15bcaf2,2026-09-21T16:19:40.863713,
EE,Estonia,RAVIMIAMET,Noroclox DC,J51CF02,kloksatsilliin,intramammaarsuspensioon,500mg 1annus,Norbrook Laboratories (Ireland) Limited,shortage,https://www.ravimiregister.ee/Default.aspx?pv=VetRavimid.Ravim&vid=b6ed2810-abb1-4db7-8b20-0be2be1b504d,2026-09-21T16:19:40.863729,
EE,Estonia,RAVIMIAMET,Norodine 24,J01EW10,sulfadiasiin +trimetoprim,süstelahus,200mg +40mg 1ml,Norbrook Laboratories (Ireland) Limited,shortage,https://www.ravimiregister.ee/Default.aspx?pv=VetRavimid.Ravim&vid=f19171a2-4413-491f-9c8f-8fb113e2e255,2026-09-21T16:19:40.863745,
EE,Estonia,RAVIMIAMET,OMEP 20MG,A02BC01,omeprasool,gastroresistentne kõvakapsel,20mg,Sandoz Pharmaceuticals d.d.,shortage,https://www.ravimiregister.ee/Default.aspx?pv=HumRavimid.Ravim&vid=50d18fe5-a18f-4d4d-82aa-c4aa88b8ea2e,2026-09-21T16:19:40.863761,
EE,Estonia,RAVIMIAMET,ONYTEC,D01AE14,tsiklopiroks,ravimküünelakk,80mg 1g,Polichem S.A.,shortage,https://www.ravimiregister.ee/Default.aspx?pv=HumRavimid.Ravim&vid=faa5d642-cbc9-43fc-bc99-3dddf76d8a84,2026-09-21T16:19:40.863778,39233
EE,Estonia,RAVIMIAMET,Ophtaclin vet,S01AA02,kloortetratsükliin,silmasalv,"9,3mg 1g",Le Vet. Beheer B.V.,shortage,https://www.ravimiregister.ee/Default.aspx?pv=VetRavimid.Ravim&vid=7e4a062b-8231-46fa-aa91-f2b256fe5535,2026-09-21T16:19:40.863794,
EE,Estonia,RAVIMIAMET,ORFIRIL,N03AG01,valproehape,süstelahus,100mg 1ml,Desitin Arzneimittel GmbH,shortage,https://www.ravimiregister.ee/Default.aspx?pv=HumRavimid.Ravim&vid=772cc141-8620-4723-9be0-3163b0a59803,2026-09-21T16:19:42.810466,58831
EE,Estonia,RAVIMIAMET,PARACETAMOL LIVSANE,N02BE01,paratsetamool,õhukese polümeerikattega tablett,500mg,PXG Pharma GmbH,shortage,https://www.ravimiregister.ee/Default.aspx?pv=HumRavimid.Ravim&vid=c2aaef59-fd78-4cfa-85a1-edcb93bd142d,2026-09-21T16:19:42.810500,67903
EE,Estonia,RAVIMIAMET,PERINDOPRIL/INDAPAMIDE TEVA,C09BA83,perindopriil +indapamiid,õhukese polümeerikattega tablett,"10mg +2,5mg",Teva Pharma B.V.,shortage,https://www.ravimiregister.ee/Default.aspx?pv=HumRavimid.Ravim&vid=db3a85de-750a-4a96-aff5-6152f4a9ae1b,2026-09-21T16:19:42.810522,
EE,Estonia,RAVIMIAMET,PHENHYDAN INJEKTIONSLÖSUNG,N03AB02,fenütoiin,süstelahus,50mg 1ml,Desitin Arzneimittel GmbH,shortage,https://www.ravimiregister.ee/Default.aspx?pv=HumRavimid.Ravim&vid=8ef9092d-ca02-418d-b3e4-4f6f2dd8fa81,2026-09-21T16:19:42.810542,
EE,Estonia,RAVIMIAMET,PLAQUENIL,P01BA02,hüdroksüklorokviin,õhukese polümeerikattega tablett,200mg,First Pharma OÜ,shortage,https://www.ravimiregister.ee/Default.aspx?pv=HumRavimid.Ravim&vid=bdc94301-39a5-4517-bf45-1e975639a83e,2026-09-21T16:19:42.810561,51
EE,Estonia,RAVIMIAMET,PREPARATION H,C05AX83,pärmseente ekstrakt +haimaksaõli,rektaalsuposiit,23mg +69mg,First Pharma OÜ,shortage,https://www.ravimiregister.ee/Default.aspx?pv=HumRavimid.Ravim&vid=22f1787d-ffa3-4070-978f-7070b011a904,2026-09-21T16:19:42.810580,
EE,Estonia,RAVIMIAMET,PRO-AMBROSAN,R05CB06,ambroksool,tablett,30mg,Pro.Med.Cs Praha a.s.,shortage,https://www.ravimiregister.ee/Default.aspx?pv=HumRavimid.Ravim&vid=540553eb-6e66-4c67-8027-a6c7c5ef45ea,2026-09-21T16:19:42.810599,
EE,Estonia,RAVIMIAMET,PROKANAZOL,J02AC02,itrakonasool,kõvakapsel,100mg,Pro.Med.Cs Praha a.s.,shortage,https://www.ravimiregister.ee/Default.aspx?pv=HumRavimid.Ravim&vid=62772f3b-43ea-4f94-9209-b9581eabfa76,2026-09-21T16:19:42.810618,
EE,Estonia,RAVIMIAMET,PROPRANOLOL ACCORD 40MG,C07AA05,propranolool,õhukese polümeerikattega tablett,40mg,Accord Healthcare B.V.,shortage,https://www.ravimiregister.ee/Default.aspx?pv=HumRavimid.Ravim&vid=ef3c81a1-964a-40cf-bb75-6320a9e4f7ad,2026-09-21T16:19:42.810636,5711
EE,Estonia,RAVIMIAMET,PROSPAN,R05CA12,luuderohuleht,"suukaudsed tilgad, lahus",20mg 1ml,Engelhard Arzneimittel GmbH & Co. KG,shortage,https://www.ravimiregister.ee/Default.aspx?pv=HumRavimid.Ravim&vid=e419784b-c0df-4be0-874f-97cae460f3d8,2026-09-21T16:19:42.810657,
EE,Estonia,RAVIMIAMET,QUETIAPINE ACCORD,N05AH04,kvetiapiin,toimeainet prolongeeritult vabastav tablett,400mg,Accord Healthcare B.V.,shortage,https://www.ravimiregister.ee/Default.aspx?pv=HumRavimid.Ravim&vid=66e5126b-9a0c-4a36-8f44-ee61eda6eb4c,2026-09-21T16:19:42.810675,84212
EE,Estonia,RAVIMIAMET,QUETIAPINE TEVA,N05AH04,kvetiapiin,õhukese polümeerikattega tablett,25mg,Teva Pharma B.V.,shortage,https://www.ravimiregister.ee/Default.aspx?pv=HumRavimid.Ravim&vid=37a3d396-6718-42c0-a693-e8f6001341b8,2026-09-21T16:19:42.810696,50741
EE,Estonia,RAVIMIAMET,RAMDACORDIA,C09BB07,ramipriil +amlodipiin,kõvakapsel,10mg +5mg,Sandoz Pharmaceuticals d.d.,shortage,https://www.ravimiregister.ee/Default.aspx?pv=HumRavimid.Ravim&vid=ff60830e-c492-4622-8efa-daad0d77fa18,2026-09-21T16:19:42.810714,
EE,Estonia,RAVIMIAMET,RAMDACORDIA,C09BB07,ramipriil +amlodipiin,kõvakapsel,5mg +5mg,Sandoz Pharmaceuticals d.d.,shortage,https://www.ravimiregister.ee/Default.aspx?pv=HumRavimid.Ravim&vid=a55f0710-3db6-47b8-8efe-dfba656e6fee,2026-09-21T16:19:42.810733,
EE,Estonia,RAVIMIAMET,RAMDACORDIA,C09BB07,ramipriil +amlodipiin,kõvakapsel,10mg +10mg,Sandoz Pharmaceuticals d.d.,shortage,https://www.ravimiregister.ee/Default.aspx?pv=HumRavimid.Ravim&vid=38074eb7-e846-4b0b-ae8c-e7aec88102ee,2026-09-21T16:19:42.810751,
EE,Estonia,RAVIMIAMET,RANISAN 150 MG,A02BA02,ranitidiin,õhukese polümeerikattega tablett,150mg,Pro.Med.Cs Praha a.s.,shortage,https://www.ravimiregister.ee/Default.aspx?pv=HumRavimid.Ravim&vid=e1b72f37-985f-4b95-ab9f-a691eba151bb,2026-09-21T16:19:42.810769,107840
EE,Estonia,RAVIMIAMET,RANISAN 75MG,A02BA02,ranitidiin,õhukese polümeerikattega tablett,75mg,Pro.Med.Cs Praha a.s.,shortage,https://www.ravimiregister.ee/Default.aspx?pv=HumRavimid.Ravim&vid=b9533d0d-dfb2-43d6-8cb3-bb64e7e962a8,2026-09-21T16:19:42.810788,107840
EE,Estonia,RAVIMIAMET,RANITIDINE ACCORD,A02BA02,ranitidiin,õhukese polümeerikattega tablett,150mg,Accord Healthcare B.V.,shortage,https://www.ravimiregister.ee/Default.aspx?pv=HumRavimid.Ravim&vid=512aa48e-b3ef-40eb-a440-2a5a25e5990f,2026-09-21T16:19:42.810806,107840
EE,Estonia,RAVIMIAMET,RANITIDINE ACCORD,A02BA02,ranitidiin,õhukese polümeerikattega tablett,300mg,Accord Healthcare B.V.,shortage,https://www.ravimiregister.ee/Default.aspx?pv=HumRavimid.Ravim&vid=eb0c0ec9-4647-46fc-bf34-071af7b0f238,2026-09-21T16:19:42.810824,107840
EE,Estonia,RAVIMIAMET,SCINTIMUN,V09HA80,besilesomab,radiofarmatseutiline komplekt,1mg,Telix Innovations,shortage,https://www.ravimiregister.ee/Default.aspx?pv=HumRavimid.Ravim&vid=2e758cff-25cb-4561-80de-bede46c9ddab,2026-09-21T16:19:42.810842,
EE,Estonia,RAVIMIAMET,SINUPRET FORTE,R05XA80,emajuurejuur +nurmenukuõis +hapu oblikas +leedriõis +raudürdiürt,kaetud tablett,12mg +36mg +36mg +36mg +36mg,First Pharma OÜ,shortage,https://www.ravimiregister.ee/Default.aspx?pv=HumRavimid.Ravim&vid=40c930e8-ea02-4039-9802-be66a8a2c2f9,2026-09-21T16:19:42.810861,
EE,Estonia,RAVIMIAMET,SIRDALUD,M03BX02,tisanidiin,tablett,2mg,Ideal Trade Links UAB,shortage,https://www.ravimiregister.ee/Default.aspx?pv=HumRavimid.Ravim&vid=23627204-a3ed-4be2-948e-16fa4bdd3d4d,2026-09-21T16:19:42.810879,22993
EE,Estonia,RAVIMIAMET,SIRDALUD,M03BX02,tisanidiin,tablett,4mg,Ideal Trade Links UAB,shortage,https://www.ravimiregister.ee/Default.aspx?pv=HumRavimid.Ravim&vid=f1b0f4ae-f2f4-41c7-9d09-64bcb6f21f74,2026-09-21T16:19:42.810897,23000
EE,Estonia,RAVIMIAMET,SIRDALUD,M03BX02,tisanidiin,tablett,2mg,Lex Ano UAB,shortage,https://www.ravimiregister.ee/Default.aspx?pv=HumRavimid.Ravim&vid=2354d8d0-4c61-48ee-a739-ddbfd3e58f28,2026-09-21T16:19:42.810916,22993
EE,Estonia,RAVIMIAMET,Synulox RTU,J01CR80,amoksitsilliin +klavulaanhape,süstesuspensioon,140mg +35mg 1ml,Zoetis Belgium,shortage,https://www.ravimiregister.ee/Default.aspx?pv=VetRavimid.Ravim&vid=a75aae73-b0b7-4c2a-9eef-86aab31d637a,2026-09-21T16:19:42.810934,
EE,Estonia,RAVIMIAMET,ZINNAT,J01DC02,tsefuroksiim,suukaudse suspensiooni graanulid,25mg 1ml,Sandoz Pharmaceuticals d.d.,shortage,https://www.ravimiregister.ee/Default.aspx?pv=HumRavimid.Ravim&vid=76394fba-167e-4264-b259-6b20ffe163b0,2026-09-21T16:19:42.810952,
EE,Estonia,RAVIMIAMET,ZUBSOLV,N07BC51,buprenorfiin +naloksoon,keelealune tablett,"5,7mg +1,4mg",Accord Healthcare S.L.U.,shortage,https://www.ravimiregister.ee/Default.aspx?pv=HumRavimid.Ravim&vid=68785453-dbdd-4968-a4ff-46f9302ee6c9,2026-09-21T16:19:42.810971,215082
EE,Estonia,RAVIMIAMET,ZYLUMIT,J01FA10,asitromütsiin,õhukese polümeerikattega tablett,500mg,Rivopharm Limited,shortage,https://www.ravimiregister.ee/Default.aspx?pv=HumRavimid.Ravim&vid=8183d3d2-57b8-4c6e-996f-e4d10b992b88,2026-09-21T16:19:42.810989,
EE,Estonia,RAVIMIAMET,TADALAFIL ZENTIVA,G04BE08,tadalafiil,õhukese polümeerikattega tablett,5mg,Zentiva k.s.,shortage,https://www.ravimiregister.ee/Default.aspx?pv=HumRavimid.Ravim&vid=a5f2f66d-d2cc-4ecb-8a92-b327e079ba87,2026-09-21T16:19:42.811006,86274
EE,Estonia,RAVIMIAMET,TAMBOCOR,C01BC04,flekainiid,süstelahus,10mg 1ml,Cenexi,shortage,https://www.ravimiregister.ee/Default.aspx?pv=HumRavimid.Ravim&vid=419f639e-5584-480a-8e3e-7788041a191b,2026-09-21T16:19:42.811024,20419
EE,Estonia,RAVIMIAMET,"TAMOXIFEN ""EBEWE""",L02BA01,tamoksifeen,tablett,20mg,Sandoz Pharmaceuticals d.d.,shortage,https://www.ravimiregister.ee/Default.aspx?pv=HumRavimid.Ravim&vid=ac063d83-211d-49f2-a2d5-5cb2fc4018bf,2026-09-21T16:19:42.811043,17884
EE,Estonia,RAVIMIAMET,TARKA,C09BB10,trandolapriil +verapamiil,toimeainet modifitseeritult vabastav tablett,4mg +240mg,Viatris SIA,shortage,https://www.ravimiregister.ee/Default.aspx?pv=HumRavimid.Ravim&vid=7e0a27de-9054-44a8-8966-cfbb81cd245f,2026-09-21T16:19:42.811062,42706
EE,Estonia,RAVIMIAMET,TARKA,C09BB10,trandolapriil +verapamiil,toimeainet modifitseeritult vabastav tablett,2mg +180mg,Viatris SIA,shortage,https://www.ravimiregister.ee/Default.aspx?pv=HumRavimid.Ravim&vid=d53e6535-2584-45e0-99ab-bfa65f592e1e,2026-09-21T16:19:42.811079,42706
EE,Estonia,RAVIMIAMET,TELMISARTAN SANDOZ 80 MG,C09CA07,telmisartaan,tablett,80mg,Sandoz Pharmaceuticals d.d.,shortage,https://www.ravimiregister.ee/Default.aspx?pv=HumRavimid.Ravim&vid=997b266e-939c-4913-ae7b-fe8d7f124592,2026-09-21T16:19:42.811097,50652
EE,Estonia,RAVIMIAMET,TELMISARTAN-RATIOPHARM 40MG,C09CA07,telmisartaan,tablett,40mg,Ratiopharm GmbH,shortage,https://www.ravimiregister.ee/Default.aspx?pv=HumRavimid.Ravim&vid=1266812e-d48b-4865-920f-5bd44d996083,2026-09-21T16:19:42.811115,50644
EE,Estonia,RAVIMIAMET,TERBINAFINE SANDOZ 250 MG,D01BA02,terbinafiin,tablett,250mg,Lex Ano UAB,shortage,https://www.ravimiregister.ee/Default.aspx?pv=HumRavimid.Ravim&vid=f5f6c8ba-3d89-461f-bcae-b89244bd54e8,2026-09-21T16:19:42.811133,34010
EE,Estonia,RAVIMIAMET,TIOTIL,H03BA02,propüültiouratsiil,tablett,50mg,Leyh Pharma GmbH,shortage,https://www.ravimiregister.ee/Default.aspx?pv=HumRavimid.Ravim&vid=7fa51d0d-0c3f-48e9-9f71-268def87e3fd,2026-09-21T16:19:42.811151,42870
EE,Estonia,RAVIMIAMET,TOPIRAMATE ELVIM,N03AX11,topiramaat,õhukese polümeerikattega tablett,100mg,SIA Elvim,shortage,https://www.ravimiregister.ee/Default.aspx?pv=HumRavimid.Ravim&vid=b2b48e5f-6ec2-485d-846a-e60966a61eb7,2026-09-21T16:19:42.811169,45764
EE,Estonia,RAVIMIAMET,TOPIRAMATE ELVIM,N03AX11,topiramaat,õhukese polümeerikattega tablett,25mg,SIA Elvim,shortage,https://www.ravimiregister.ee/Default.aspx?pv=HumRavimid.Ravim&vid=c0480503-4801-4a09-8f78-5eeb7de54afe,2026-09-21T16:19:42.811189,45756
EE,Estonia,RAVIMIAMET,TORZELIP,C10BA05,atorvastatiin +esetimiib,tablett,40mg +10mg,Ideal Trade Links UAB,shortage,https://www.ravimiregister.ee/Default.aspx?pv=HumRavimid.Ravim&vid=5c23edb4-a4e7-40fd-b70e-7c2bc6177fcf,2026-09-21T16:19:42.811205,122815
EE,Estonia,RAVIMIAMET,TRAVOPROST ELVIM,S01EE04,travoprost,"silmatilgad, lahus",40mcg 1ml,SIA Elvim,shortage,https://www.ravimiregister.ee/Default.aspx?pv=HumRavimid.Ravim&vid=c8fc19e4-6e53-45b4-8c5c-b3399f7aae45,2026-09-21T16:19:42.811220,
EE,Estonia,RAVIMIAMET,TRIMETAZIDINE RIVOPHARM,C01EB15,trimetasidiin,toimeainet modifitseeritult vabastav tablett,35mg,Rivopharm Limited,shortage,https://www.ravimiregister.ee/Default.aspx?pv=HumRavimid.Ravim&vid=1333e722-6629-4b52-afd6-0ef75a5a5afb,2026-09-21T16:19:42.811235,
EE,Estonia,RAVIMIAMET,ULTOP,A02BC01,omeprasool,gastroresistentne kõvakapsel,20mg,KRKA tovarna zdravil d.d. Novo mesto,shortage,https://www.ravimiregister.ee/Default.aspx?pv=HumRavimid.Ravim&vid=33b0f2c5-7a37-4d8b-8ff7-7b6e8aa9e04e,2026-09-21T16:19:42.811250,
EE,Estonia,RAVIMIAMET,VARILRIX,J07BK01,"tuulerõugete viirus, elus, nõrgestatud",süstelahuse pulber ja lahusti süstlis,1annus 0.5ml,Glaxosmithkline Biologicals,shortage,https://www.ravimiregister.ee/Default.aspx?pv=HumRavimid.Ravim&vid=7d989d12-ea4d-45ef-9582-c5b808250727,2026-09-21T16:19:42.811265,82201
EE,Estonia,RAVIMIAMET,VENDAL RETARD 10 MG,N02AA01,morfiin,toimeainet prolongeeritult vabastav tablett,10mg,G.L. Pharma GmbH,shortage,https://www.ravimiregister.ee/Default.aspx?pv=HumRavimid.Ravim&vid=e8f5f407-f08e-4e5c-8724-6663a15681d5,2026-09-21T16:19:42.811279,
EE,Estonia,RAVIMIAMET,VENLAFAXINE ELVIM,N06AX16,venlafaksiin,toimeainet prolongeeritult vabastav kõvakapsel,75mg,SIA Elvim,shortage,https://www.ravimiregister.ee/Default.aspx?pv=HumRavimid.Ravim&vid=6915472e-19ed-4c28-8738-efa58ed74c8c,2026-09-21T16:19:42.811293,47511
EE,Estonia,RAVIMIAMET,VESICARE,G04BD08,solifenatsiin,õhukese polümeerikattega tablett,10mg,Astellas Pharma d.o.o.,shortage,https://www.ravimiregister.ee/Default.aspx?pv=HumRavimid.Ravim&vid=ca36697d-bf25-4da0-910f-c03ed7fb977f,2026-09-21T16:19:42.811307,75345
EE,Estonia,RAVIMIAMET,VESICARE,G04BD08,solifenatsiin,õhukese polümeerikattega tablett,5mg,Astellas Pharma d.o.o.,shortage,https://www.ravimiregister.ee/Default.aspx?pv=HumRavimid.Ravim&vid=8c94d1ba-672f-465b-95f6-c26e932c50f8,2026-09-21T16:19:42.811321,75337
EE,Estonia,RAVIMIAMET,Vetofol,N01AX10,propofool,süsteemulsioon,10mg 1ml,Norbrook Laboratories (Ireland) Limited,shortage,https://www.ravimiregister.ee/Default.aspx?pv=VetRavimid.Ravim&vid=4d0b3707-3ceb-4762-8d4c-48bc7dbd2d49,2026-09-21T16:19:42.811335,
EE,Estonia,RAVIMIAMET,Vey Tosal,A12CX92,butafosfaan +tsüanokobalamiin,süstelahus,"100mg +0,05mg 1ml",Veyx Pharma GmbH,shortage,https://www.ravimiregister.ee/Default.aspx?pv=VetRavimid.Ravim&vid=1f9a6188-a920-4244-abdb-f7b6ce90eaf2,2026-09-21T16:19:42.811349,
EE,Estonia,RAVIMIAMET,VILSPOX,A10BD08,metformiin +vildagliptiin,õhukese polümeerikattega tablett,1000mg +50mg,Sandoz Pharmaceuticals d.d.,shortage,https://www.ravimiregister.ee/Default.aspx?pv=HumRavimid.Ravim&vid=ba0f14ad-073f-4e6e-915b-b669be8531c8,2026-09-21T16:19:44.683905,85952
EE,Estonia,RAVIMIAMET,XANAX,N05BA12,alprasolaam,tablett,1mg,First Pharma OÜ,shortage,https://www.ravimiregister.ee/Default.aspx?pv=HumRavimid.Ravim&vid=bf4b6c20-be30-4fef-b57c-698f8dbca4a8,2026-09-21T16:19:44.683955,49603
EE,Estonia,RAVIMIAMET,XELJANZ,L04AF01,tofatsitiniib,suukaudne lahus,1mg 1ml,Pfizer Europe MA EEIG,shortage,https://www.ravimiregister.ee/Default.aspx?pv=HumRavimid.Ravim&vid=4d4ce119-4225-41fa-ae44-c02561ea418c,2026-09-21T16:19:44.683982,212946
