country_code,country_name,source,medicine_name,active_substance,strength,package_size,product_no,atc_code,marketing_auth_holder,dosage_form,shortage_start,first_published,estimated_end,estimated_end_text,last_updated,status,alternatives_available,reason,member_states,source_url,scraped_at
EU,EU (EMA),EMA,Dynastat,parecoxib,40 mg,,,M01AH04,Pfizer Europe MA EEIG,Powder and solvent for solution for injection;Powder for solution for injection,,2025-04-14,,,2026-09-18,resolved,,,,https://www.ema.europa.eu/en/medicines/human/shortages/dynastat,2026-09-22T14:49:34.035662
EU,EU (EMA),EMA,NexoBrid,concentrate of proteolytic enzymes enriched in bromelain,,,,D03BA03,MediWound Germany GmbH,,,2026-05-06,,,2026-09-18,resolved,No,,,https://www.ema.europa.eu/en/medicines/human/shortages/nexobrid,2026-09-22T14:49:34.035662
EU,EU (EMA),EMA,Eskazole / Zentel,albendazole,,,,,,Tablet;Suspension,,2026-09-09,,2028,,shortage,Yes,"The company marketing these medicines, GlaxoSmithKline, must switch to a new supplier of the active substance albendazole. This has resulted in supply disruptions. The shortage is not related to a quality defect or a safety issue. The shortage is expected to last until at least 2028.","The shortage affects all of the Member States where the product is marketed or imported, including: Austria, Bulgaria, France, Germany, Greece, Italy, Lithuania, Netherlands, Poland, Romania, Slovakia, Slovenia and Spain. This information may change. For up-to-date information about the status of a medicine shortage in a particular Member State, consult the national shortage register or contact the national competent authority using the below links.",https://www.ema.europa.eu/en/medicines/human/shortages/eskazole-zentel,2026-09-22T14:49:34.035662
EU,EU (EMA),EMA,Visudyne,verteporfin,15 mg,,,S01LA01,CHEPLAPHARM Arzneimittel GmbH,Powder for solution for infusion,2020-05-01,2021-11-08,,2027,2026-09-04,shortage,Yes,"There has been a shortage of Visudyne since May 2020 due to reduced manufacturing capacity. Although some supply capacity has been partially restored in the first quarter of 2022, it remains insufficient to fully meet demand. A new supply chain was established in July 2026 and the shortage is expected to resolve in 2027. Constrained supply will continue up to then.","The shortage affects all EU/EEA Member States where the product is marketed, including Austria, Belgium, Cyprus, Czechia, Finland, France, Germany, Greece, Ireland, Italy, Luxembourg, Netherlands, Norway, Portugal, Spain and Sweden. For up-to-date information about the status of a medicine shortage in a particular EU/EEA Member State, consult the national shortage register or contact the national competent authority.",https://www.ema.europa.eu/en/medicines/human/shortages/visudyne,2026-09-22T14:49:34.035662
EU,EU (EMA),EMA,Saxenda,liraglutide,6 mg/ml,,,A10BJ02,Novo Nordisk A/S,Solution for injection in pre-filled pen,,2023-08-24,,,2026-09-02,resolved,,,,https://www.ema.europa.eu/en/medicines/human/shortages/saxenda,2026-09-22T14:49:34.035662
EU,EU (EMA),EMA,Brevibloc,esmolol,10 mg/ml,,,,,Solution for intravenous injection,,2026-09-02,,End of 2027,,shortage,Yes,The company for Brevibloc is experiencing manufacturing issues due to the discontinuation of manufacturing activities by the supplier of the active substance esmolol. This has led to a shortage of Brevibloc. The shortage is not related to a quality defect of the product or a safety issue. The shortage is expected to last until the end of 2027.,"The shortage affects some of the countries where the product is marketed: Austria, Belgium, Denmark, Finland, France, Germany, Ireland, Italy, Malta, Norway, Portugal, Spain, Sweden (Brevibloc vials) Denmark, Finland, France, Germany, Greece, Ireland, Italy, Malta, Norway, Portugal, Spain, Sweden (Brevibloc bags) This information may change. For up-to-date information about the status of a medicine shortage in a particular country, consult the national shortage register or contact the national competent authority using the below links.",https://www.ema.europa.eu/en/medicines/human/shortages/brevibloc,2026-09-22T14:49:34.035662
EU,EU (EMA),EMA,Paliperidone palmitate,,,,,,,,,2026-08-27,,,,shortage,Yes,"A manufacturing company, Pharmathen International, is experiencing manufacturing problems. This has led to a shortage of long-acting injectable paliperidone palmitate-containing medicines. The shortage is not related to a quality defect of the product or a safety issue. The end date of the shortage is not yet known.","The shortage affects some of the Member States where the product from the impacted companies is marketed or where alternative products are in short supply. This information may change. For up-to-date information about the status of a medicine shortage in a particular Member State, consult the national shortage register or contact the national competent authority.",https://www.ema.europa.eu/en/medicines/human/shortages/paliperidone-palmitate,2026-09-22T14:49:34.035662
EU,EU (EMA),EMA,Azactam,aztreonam,1 g;2 g,,,,,Powder for solution for injection;Powder for solution for infusion,,2026-07-10,,,,shortage,Yes,"The company for Azactam, Delbert, is having manufacturing issues at a new production site. This means that new batches of Azactam 1g and 2g powder for injection or infusion cannot be released, which has resulted in supply shortages since the second quarter of 2026. The shortage is not due to any safety, efficacy or quality concern with currently available supplies of Azactam. The shortage is expected to last until the end of June 2027.","The shortage affects all Member States where the product is currently marketed: France, Belgium, Luxembourg, Portugal, Austria, Finland, Norway, Sweden and Spain. This information may change. For up-to-date information about the status of a medicine shortage in a particular Member State, consult the national shortage register or contact the national competent authority using the below links.",https://www.ema.europa.eu/en/medicines/human/shortages/azactam,2026-09-22T14:49:34.035662
EU,EU (EMA),EMA,Tegsedi,inotersen,,,,N07,Akcea Therapeutics Ireland Limited,Solution for injection in pre-filled syringe,,2026-07-03,,,,shortage,Yes,"The company marketing Tegsedi, Akcea Therapeutics Ireland Ltd., is permanently discontinuing the medicine for commercial reasons, in particular low use of the medicine due to the availability of other suitable treatments. The medicine will therefore be unavailable in the EU as of the end of 2026. The discontinuation is not related to a quality defect of the product or a safety issue.","The discontinuation affects all Member States where the product is marketed: Austria, Bulgaria, France, Germany, Greece, Ireland, Italy, Luxembourg, Poland, Portugal, Spain and Sweden. For up-to-date information about the status of a medicine shortage in a particular Member State, consult the national shortage register, where available, or contact the national competent authority.",https://www.ema.europa.eu/en/medicines/human/shortages/tegsedi,2026-09-22T14:49:34.035662
EU,EU (EMA),EMA,Mycobutin (rifabutin),,150 mg,,,,,Capsule,,2026-06-30,,Expected to resolve by November 2026,,shortage,"Yes, in some Member States","The company that supplies Mycobutin is experiencing manufacturing issues, as a supplier has stopped production of the starting material rifamycin S, used to produce the active substance rifabutin. This has led to a shortage of Mycobutin. The shortage is not related to a quality defect of the product or a safety issue. The shortage is expected to last until at least November 2026.","The shortage affects all Member States where the product is marketed: Austria, Belgium, Czechia, Finland, Germany, Ireland, Italy, Luxembourg, the Netherlands, Portugal, Spain and Sweden. This information may change. For up-to-date information about the status of a medicine shortage in a particular Member State, consult the national shortage register or contact the national competent authority using the below links.",https://www.ema.europa.eu/en/medicines/human/shortages/mycobutin-rifabutin,2026-09-22T14:49:34.035662
EU,EU (EMA),EMA,Topamax,topiramate,"25 mg, 50 mg, 100 mg and 200 mg",,,,,Tablet,,2026-06-29,,End of 2026,,shortage,Yes,"The company for Topamax is experiencing manufacturing problems. A routine assessment at a manufacturing site identified the need to modify engineering controls and internal environmental technologies, resulting in a temporary interruption of production. This has led to a shortage of Topamax tablets. The shortage is not related to a quality defect of the product or a safety issue. The shortage is expected to last until the end of 2026.","The shortage affects all Member States where the product is marketed (Austria, Belgium, Croatia, Cyprus, Germany, Hungary, Italy, Netherlands, Portugal, Spain). This information may change. For up-to-date information about the status of a medicine shortage in a particular Member State, consult the national shortage register or contact the national competent authority using the below links.",https://www.ema.europa.eu/en/medicines/human/shortages/topamax,2026-09-22T14:49:34.035662
EU,EU (EMA),EMA,Salbutamol inhalation products,salbutamol,,,,,,Inhaler;Nebuliser solution,,2024-06-05,,,2026-06-12,resolved,,,,https://www.ema.europa.eu/en/medicines/human/shortages/salbutamol-inhalation-products,2026-09-22T14:49:34.035662
EU,EU (EMA),EMA,Champix,varenicline,0.5 mg;1 mg,,,N07BA03,Pfizer Europe MA EEIG,Film-coated tablet,,2021-07-08,,June 2025,2026-05-28,resolved,Yes,,,https://www.ema.europa.eu/en/medicines/human/shortages/champix,2026-09-22T14:49:34.035662
EU,EU (EMA),EMA,"NovoNordisk insulin (human insulin) (various short-, rapid-, intermediate-, mixed- and long-acting forms)",,100 units/ml,,,,,Solution for injection;Suspension for injection,,2025-10-31,,,2026-05-27,resolved,Yes,The company Novo Nordisk has decided to stop marketing some of its insulins for commercial reasons. This decision is not related to a quality defect or safety issue. The timeline for the discontinuation varies between Member States and discontinuation will take effect before the end of 2026. After this date the listed insulins will no longer be available.,"All Member States where the listed presentations were marketed are affected by the discontinuations and the presentations will no longer be available. In addition, there may be intermittent shortages in some Member States before the discontinuation. For more details, consult your country’s shortage register or contact your national competent authority.",https://www.ema.europa.eu/en/medicines/human/shortages/novonordisk-insulin-human-insulin-various-short-rapid-intermediate-mixed-long-acting-forms,2026-09-22T14:49:34.035662
EU,EU (EMA),EMA,Quetiapine,,50 mg;150 mg;200 mg;300 mg;400 mg,,,,,Extended-release tablet,2025-03-11,2025-03-11,,Within the second quarter of 2027,2026-05-04,shortage,Yes,"Several Member States are experiencing an increase in demand for medicines containing extended-release quetiapine. In addition, the manufacturer that supplies this formulation to several companies in the EU has faced a production issue. These events combined have led to a shortage of this medicine in the EU/EEA. The shortage is expected to continue through the second quarter of 2027.","The shortage affects the following countries where the product is marketed:Austria, Belgium, Bulgaria, Croatia, Czechia, Finland, France, Germany, Greece, Hungary, Ireland, Italy, Luxembourg, Netherlands, Norway, Poland, Portugal, Romania, Slovakia, Slovenia, Spain and Sweden. This information may change. For up-to-date information about the status of a medicine shortage in a particular Member State, consult the national shortage register or contact the national competent authority.",https://www.ema.europa.eu/en/medicines/human/shortages/quetiapine,2026-09-22T14:49:34.035662
EU,EU (EMA),EMA,Methotrexate,methotrexate,Various,,,,,Solution for injection,,2023-08-09,,,2026-04-24,resolved,Yes,,,https://www.ema.europa.eu/en/medicines/human/shortages/methotrexate,2026-09-22T14:49:34.035662
EU,EU (EMA),EMA,Hycamtin,topotecan,0.5 mg;1 mg,,,L01CE01,Sandoz Pharmaceuticals d.d.,"Capsule, hard",,2023-11-07,,,2026-04-24,resolved,Yes,,,https://www.ema.europa.eu/en/medicines/human/shortages/hycamtin,2026-09-22T14:49:34.035662
EU,EU (EMA),EMA,Menopur,menotropin,1200 IU,,,,,Powder and solvent for solution for injection,,2023-04-05,,End of 2025,2026-04-24,resolved,Yes,,,https://www.ema.europa.eu/en/medicines/human/shortages/menopur,2026-09-22T14:49:34.035662
EU,EU (EMA),EMA,Perfusion solutions,,,,,,,Intravenous use;Solution for infusion;Irrigation solution,,2025-06-12,,End of 2025,2026-04-24,resolved,Yes,,,https://www.ema.europa.eu/en/medicines/human/shortages/perfusion-solutions,2026-09-22T14:49:34.035662
EU,EU (EMA),EMA,Moventig,,12.5 mg;25 mg,,,A06AH03,Grunenthal GmbH,,,2025-08-18,,,2026-04-21,resolved,Yes,,,https://www.ema.europa.eu/en/medicines/human/shortages/moventig,2026-09-22T14:49:34.035662
EU,EU (EMA),EMA,Creon,pancreas powder;pancrelipase,"10,000 units;25,000 units;35,000 units",,,,,Capsule,,2024-04-29,,First half of 2027,2026-04-14,shortage,Yes,"The company that produces Creon is experiencing limitations in production capacity. Coupled with a high demand, this has led to intermittent shortages in the supply of Creon hard capsules. The shortages are not related to a quality defect of the product or a safety issue. Production capacity limitations are expected to be resolved in the first half of 2027. Until then, periodic shortages in the supply of Creon are anticipated.","The shortage affects some of the Member States where the product is marketed: Austria, Belgium, Bulgaria, Cyprus, Czechia, Estonia, France, Greece, Hungary, Italy, Ireland, Latvia, Malta, Netherlands, Portugal, Slovenia, Spain and Sweden. This information may change. For up-to-date information about the status of a medicine shortage in a particular EU/EEA Member State, consult the national shortage register or contact the national competent authority.",https://www.ema.europa.eu/en/medicines/human/shortages/creon,2026-09-22T14:49:34.035662
EU,EU (EMA),EMA,Eli Lilly insulin (various forms),,,,,,,Solution for injection;Suspension for injection,,2026-03-23,,,,shortage,Yes,The company Eli Lilly has decided to stop marketing some of its insulin medicines for commercial reasons. This decision is not related to a quality defect or safety issue.,"The discontinuations affect Member States differently. For more details, consult your country’s shortage register or contact your national competent authority.",https://www.ema.europa.eu/en/medicines/human/shortages/eli-lilly-insulin-various-forms,2026-09-22T14:49:34.035662
EU,EU (EMA),EMA,Ifosfamide,ifosfamide,,,,,,Powder for concentrate for solution for infusion,2026-02-12,2026-02-13,,Expected to continue until Q1 2027.,2026-03-03,shortage,Unknown,"A technical problem at the site manufacturing the ifosfamide-containing medicines, together with site improvements required after a regulatory inspection in September 2025, led to a short pause in the manufacture and release of ifosfamide. Although manufacturing has now resumed at the facility, the pause led to a shortage that is expected to continue until Q1 2027, when the manufacturing site is expected to return to full capacity. The shortage is not related to a quality defect of the product or a safety issue.","The shortage is likely to affect all EU/EEA Member States. For up-to-date information about the status of a medicine shortage in a particular Member State, consult the national shortage register or contact the national competent authority.",https://www.ema.europa.eu/en/medicines/human/shortages/ifosfamide,2026-09-22T14:49:34.035662
EU,EU (EMA),EMA,Cyclophosphamide,cyclophosphamide,,,,,,Powder for solution for injection or infusion,2026-02-24,2026-02-24,,Expected to continue until Q1 2027.,2026-03-03,shortage,Unknown,"A technical problem at the site manufacturing cyclophosphamide-containing medicines, together with site improvements required after a regulatory inspection in September 2025, led to a short pause in the manufacture and release of cyclophosphamide. Although manufacturing has now resumed at the facility, the pause led to a shortage which is expected to continue until Q1 2027, when the site is expected to return to full capacity. The shortage is not related to a quality defect of the product or a safety issue.","The shortage is likely to affect all EU/EEA Member States. For up-to-date information about the status of a medicine shortage in a particular Member State, consult the national shortage register or contact the national competent authority.",https://www.ema.europa.eu/en/medicines/human/shortages/cyclophosphamide,2026-09-22T14:49:34.035662
EU,EU (EMA),EMA,Trulicity,dulaglutide,0.75 mg;1.5 mg;3 mg ;4.5 mg,,,A10BJ05,Eli Lilly Nederland B.V.,Solution for injection in pre-filled pen,,2023-08-28,,End of 2025,2026-02-17,resolved,Yes,,,https://www.ema.europa.eu/en/medicines/human/shortages/trulicity,2026-09-22T14:49:34.035662
EU,EU (EMA),EMA,Norditropin FlexPro / Norditropin NordiFlex,somatropin,5 mg ;10 mg ;15 mg,,,,,Solution for injection in pre-filled pen,,2023-12-05,,Resolved - 22 December 2025,2026-02-11,resolved,Yes,,,https://www.ema.europa.eu/en/medicines/human/shortages/norditropin-flexpro-norditropin-nordiflex,2026-09-22T14:49:34.035662
EU,EU (EMA),EMA,Tresiba,insulin degludec,100 units/ml ;200 units/ml,,,A10AE06,Novo Nordisk A/S,Pre-filled pen,,2023-08-24,,,2026-02-09,resolved,Yes,,,https://www.ema.europa.eu/en/medicines/human/shortages/tresiba,2026-09-22T14:49:34.035662
EU,EU (EMA),EMA,Fludarabine,fludarabine,25 mg/ml,,,,,Concentrate for solution for injection/infusion,,2024-03-11,,The shortage is expected to last until December 2025.,2026-01-22,shortage,Unknown,A general shortage of the active pharmaceutical ingredient and an unexpected increase in demand for fludarabine medicines have led to a supply issue for several manufacturers across Europe. This has resulted in shortages of medicines containing fludarabine. The shortage is not related to a quality defect of the product or a safety issue. The shortage is expected to last until December 2025.,"The shortage affects several EU Member States where the product is marketed. For up-to-date information about the status of a medicine shortage in a particular Member State, consult the national shortage register or contact the national competent authority.",https://www.ema.europa.eu/en/medicines/human/shortages/fludarabine,2026-09-22T14:49:34.035662
EU,EU (EMA),EMA,Ozempic,semaglutide,1 mg;0.5 mg;0.25 mg,,,A10BJ06,Novo Nordisk A/S,Pre-filled pen,,2022-10-19,,,2026-01-13,resolved,Yes,,,https://www.ema.europa.eu/en/medicines/human/shortages/ozempic,2026-09-22T14:49:34.035662
EU,EU (EMA),EMA,Fiasp PumpCart (insulin aspart),insulin aspart,100 units/mL,,,,,Solution for injection in a cartridge,2025-05-08,2025-05-12,,,2025-12-18,shortage,Yes,"The current manufacturing capacity for Fiasp PumpCart cannot meet demand. This has led or may lead to intermittent shortages of Fiasp PumpCart. The shortages are not related to a quality defect of the product or a safety issue. In addition, the company marketing Fiasp will discontinue Fiasp PumpCart for commercial reasons by the end of 2026 at the latest in all EU/EEA countries where the product is currently marketed.","All Member States where the product is marketed are currently affected or are at risk of being affected by the intermittent shortages: Belgium, Denmark, Finland, France, Germany, Ireland, Luxembourg, Netherlands, Norway, Spain and Sweden. For up-to-date information about the status of a medicine shortage in a particular Member State, consult the national shortage register or contact the national competent authority.",https://www.ema.europa.eu/en/medicines/human/shortages/fiasp-pumpcart-insulin-aspart,2026-09-22T14:49:34.035662
EU,EU (EMA),EMA,NovoRapid PumpCart (insulin aspart),insulin aspart,100 units/mL,,,,,Solution for injection in a cartridge,2025-05-08,2025-05-12,,,2025-12-18,shortage,Yes,The current manufacturing capacity for NovoRapid PumpCart cannot meet demand. This has led or may lead to intermittent shortages of NovoRapid PumpCart. The shortages are not related to a quality defect of the product or a safety issue.,"All Member States where the product is marketed are currently affected or are at risk of being affected by the intermittent shortages: Austria, Belgium, Czechia, Denmark, Finland, France, Germany, Italy, Luxembourg, Netherlands, Norway, Portugal, Slovakia, Slovenia, Spain and Sweden. For up-to-date information about the status of a medicine shortage in a particular Member State, consult the national shortage register or contact the national competent authority.",https://www.ema.europa.eu/en/medicines/human/shortages/novorapid-pumpcart-insulin-aspart,2026-09-22T14:49:34.035662
EU,EU (EMA),EMA,Insulin lispro Sanofi,insulin lispro,100 units/ml solution for injection in cartridges;100 units/ml solution for injection in pre-filled pen,,,A10AB04,Sanofi Winthrop Industrie,Solution for injection in a cartridge;Solution for injection in pre-filled pen,,2025-12-08,,The expected duration of the shortage is unknown.,,shortage,Yes,There has been an unprecedented increase in demand for all insulins marketed by Sanofi. Sanofi is unable to immediately adapt and increase its supply for the affected presentations of Insulin lispro Sanofi. This will lead to a supply shortage of these formulations of Insulin lispro Sanofi. It is not known how long the shortage will last. The supply shortage is not related to a quality defect or safety or efficacy concerns.,"The shortage will affect several of the EEA countries where the product is marketed. For up-to-date information about the status of a medicine shortage in a particular Member State/EEA country, consult the national shortage register or contact the national competent authority.",https://www.ema.europa.eu/en/medicines/human/shortages/insulin-lispro-sanofi,2026-09-22T14:49:34.035662
EU,EU (EMA),EMA,ADHD medicines,atomoxetine;methylphenidate;lisdexamfetamine,,,,,,Various presentations in various strengths,,2023-12-18,,"Depending on the medicine and the EEA country, the shortage may continue until the end of 2025.",2025-11-20,shortage,Yes,"There has been an unexpected increase in demand for medicines used to treat ADHD which cannot be met by the current manufacturing capacity. Together with other manufacturing issues for several ADHD medicines, this has led to shortages in some EEA countries. These shortages are not related to a safety issue.","The shortage situation varies based on the medicine and the EU/EEA country in question. This information may change. For up-to-date information about the status of a medicine shortage in a particular Member State, consult the national shortage register or contact the national competent authority. Depending on the medicine and the EEA country, the shortage may continue until the end of 2025.",https://www.ema.europa.eu/en/medicines/human/shortages/adhd-medicines,2026-09-22T14:49:34.035662
EU,EU (EMA),EMA,Risperidone,risperidone,,,,,,Prolonged-release suspension for injection,,2025-11-19,,Risperdal Consta - by the end of 2025; Risperidone Teva and Sperizak - to continue until the end of 2026 or beginning of 2027,,shortage,Yes,"The companies producing Risperidone Teva, Risperdal Consta and Sperizak are experiencing manufacturing problems, which have led to shortages of these medicines. The shortage of Risperdal Consta is expected to be resolved by the end of 2025. Those of Risperidone Teva and Sperizak are expected to continue until the end of 2026 or beginning of 2027. The shortages are not related to a quality defect of the product or a safety issue.","The shortages affect several Member States where the products are marketed. As the shortage situation is changing quickly, for up-to-date information about the status of a medicine shortage in a particular Member State, consult the national shortage register or contact the national competent authority.",https://www.ema.europa.eu/en/medicines/human/shortages/risperidone,2026-09-22T14:49:34.035662
EU,EU (EMA),EMA,Bronchitol,mannitol,40 mg,,,R05CB16,Pharmaxis Europe Limited,Inhalation powder,,2025-11-14,,,,shortage,Yes,"In October 2024, the company for Bronchitol, Pharmaxis Europe Limited, had planned to change its distributor. However, this has taken longer than anticipated in some Member States and leading to shortages. It is currently not known how long these shortages will last. In other Member States, the change of distributor was not successful, and for commercial reasons Pharmaxis has decided to discontinue Bronchitol from October 2025 onwards. The shortage is not related to a quality defect of the product or a safety issue.","The discontinuation of Bronchitol and supply disruption is affecting the following Member States:Austria, Czech Republic, Denmark, Germany, Greece, Hungary, Ireland, Spain and Norway. This information may change. For up-to-date information about the status of a medicine shortage in a particular Member State, consult the national shortage register or contact the national competent authority.",https://www.ema.europa.eu/en/medicines/human/shortages/bronchitol,2026-09-22T14:49:34.035662
EU,EU (EMA),EMA,Beriglobin,human normal immunoglobulin,2 ml and 5 ml (160 mg/ml) solution,,,,,Solution for injection in pre-filled syringe,,2025-11-11,,,,shortage,Depending on indication,"The company for Beriglobin ended production of the medicine in August 2024 and will now permanently stop marketing the medicine. The timelines for discontinuing marketing vary depending on the country where the medicine is marketed. This will lead to a shortage of Beriglobin, which may be critical for post-exposure prophylaxis against hepatitis A, particularly in vulnerable patients, including immunocompromised people (people with a weakened immune system) and those with chronic liver disease. These people have an increased risk of serious hepatitis A disease and there are no authorised alternatives available to prevent the disease after exposure to the virus. The discontinuation is for commercial reasons and not a consequence of any safety, efficacy or quality related issue.","The shortage affects all Member States where the product is or was authorised, namely Austria, Germany, Spain and Sweden. It will also affect other countries that may import Beriglobin.",https://www.ema.europa.eu/en/medicines/human/shortages/beriglobin,2026-09-22T14:49:34.035662
EU,EU (EMA),EMA,Eldisine,vindesine,5 mg,,,,,Solution for injection,,2024-02-23,,End of September 2025,2025-11-03,shortage,Yes,The company that produces Eldisine’s active substance cannot produce new batches using the current manufacturing process. The company is developing a new process for manufacturing the active substance. A shortage of Eldisine is ongoing and expected to last until December 2025 when the new manufacturing process is expected to be in place. The shortage is not related to a quality defect of the medicine or a safety issue.,"The shortage affects all Member States where the product is marketed or available. For up-to-date information about the status of this shortage in a particular Member State, consult the national shortage register or contact the national competent authority.",https://www.ema.europa.eu/en/medicines/human/shortages/eldisine,2026-09-22T14:49:34.035662
EU,EU (EMA),EMA,Cyanokit,hydroxocobalamin,,,,V03AB33,SERB SA,Powder for solution for infusion,,2024-12-19,,,2025-10-30,resolved,,,,https://www.ema.europa.eu/en/medicines/human/shortages/cyanokit,2026-09-22T14:49:34.035662
EU,EU (EMA),EMA,Pazenir,paclitaxel,5 mg/ml,,,L01CD01,ratiopharm GmbH,Powder for dispersion for infusion,,2023-01-26,,,2025-10-20,resolved,,,,https://www.ema.europa.eu/en/medicines/human/shortages/pazenir,2026-09-22T14:49:34.035662
EU,EU (EMA),EMA,Fasturtec,rasburicase,7.5 mg / 5 ml,,,V03AF07,Sanofi Winthrop Industrie,Powder and solvent for concentrate for solution for infusion,2023-03-31,2023-02-21,,,2025-10-16,resolved,,,,https://www.ema.europa.eu/en/medicines/human/shortages/fasturtec,2026-09-22T14:49:34.035662
EU,EU (EMA),EMA,Ixiaro,"Japanese encephalitis vaccine (inactivated, adsorbed)",6AU,,,J07BA02,Valneva Austria GmbH,Suspension for injection,,2023-05-25,,,2025-10-16,resolved,,,,https://www.ema.europa.eu/en/medicines/human/shortages/ixiaro,2026-09-22T14:49:34.035662
EU,EU (EMA),EMA,Emend,aprepitant,80 mg;125 mg,,,A04AD12,Merck Sharp & Dohme B.V.,Powder for oral suspension,,2024-04-12,,,2025-10-14,resolved,,,,https://www.ema.europa.eu/en/medicines/human/shortages/emend,2026-09-22T14:49:34.035662
EU,EU (EMA),EMA,Human normal immunoglobulins,human normal immunoglobulins,,,,,,Solution for injection/infusion,,2024-06-03,,To last until June 2026.,2025-09-29,shortage,Yes,The causes of the shortages are multifactorial and include an unexpected increase in demand. These shortages affect medicines authorised across the EU/EEA as well as several medicines authorised at national level. They are expected to last until March 2027. The shortages are not related to a quality defect of the medicines or a safety issue.,"The shortages affect a number of EU Member States. For up-to-date information about the status of a medicine shortage in a particular EU/EEA Member State, consult the national shortage register or contact the national competent authority using the below links.",https://www.ema.europa.eu/en/medicines/human/shortages/human-normal-immunoglobulins,2026-09-22T14:49:34.035662
EU,EU (EMA),EMA,Ecalta,anidulafungin,100 mg,,,J02AX06,Pfizer Europe MA EEIG,Powder for concentrate for solution for infusion,2024-07-01,2025-01-17,,,2025-09-25,resolved,,,,https://www.ema.europa.eu/en/medicines/human/shortages/ecalta,2026-09-22T14:49:34.035662
EU,EU (EMA),EMA,Victoza,liraglutide,6 mg/ml,,,A10BJ02,Novo Nordisk A/S,Pre-filled pen,,2023-08-03,,,2025-09-05,shortage,Yes,"There were shortages of Victoza in some countries starting in 2023 and 2024 due to a temporary supply reduction and increase in demand. These have now been resolved. Separately, Novo Nordisk has decided to stop marketing Victoza across the EU/EEA by the end of 2026. Timelines vary from country to country, but the discontinuation will be completed in all EU Member States by December 2026. Due to the discontinuation, there may be a risk of short-term intermittent shortages in some countries until the medicine is no longer marketed. The discontinuation is for commercial reasons and not a consequence of any safety or quality-related issue.","Short-term intermittent shortages may affect some countries where Victoza is marketed. For up-to-date information about the status of a medicine shortage in a particular Member State, consult the national shortage register or contact the national competent authority.",https://www.ema.europa.eu/en/medicines/human/shortages/victoza,2026-09-22T14:49:34.035662
EU,EU (EMA),EMA,Zypadhera,olanzapine,210 mg;300 mg;405 mg,,,N05AH03,CHEPLAPHARM Registration GmbH,Powder and solvent for prolonged-release suspension for injection,,2024-07-09,,October 2025,2025-08-27,shortage,Yes,"In 2024, there was a shortage of Zypadhera due to manufacturing problems with the 50 mm needles supplied with the medicine for injection. This issue has now been resolved. However, the shortage persists. The company for Zypadhera is now experiencing additional manufacturing problems and a quality defect, which have led to further disruptions. The batches affected by the quality defect were not distributed to the market.","Critical shortages of Zypadhera affect most Member States where the product is marketed and are expected to last until October 2025. This information may change. For up-to-date information about the status of a medicine shortage in a particular Member State, consult the national shortage register or contact the national competent authority.",https://www.ema.europa.eu/en/medicines/human/shortages/zypadhera,2026-09-22T14:49:34.035662
EU,EU (EMA),EMA,Amoxicillin and amoxicillin/clavulanic acid,amoxicillin;clavulanic acid,,,,,,Various presentations including paediatric formulations and presentations,2022-10-01,2023-01-27,,,2025-06-17,resolved,Yes,,,https://www.ema.europa.eu/en/medicines/human/shortages/amoxicillin-amoxicillin-clavulanic-acid,2026-09-22T14:49:34.035662
EU,EU (EMA),EMA,NovoSeven (eptacog alfa),eptacog alfa (activated),"1, 2, 5 and 8 mg (50, 100, 250 and 400 KIU)",,,B02BD08,Novo Nordisk A/S,Powder and solvent for solution for injection,,2025-05-12,,December 2025,2025-06-05,shortage,Unknown,The availability problems are due to capacity constraints and issues during the packaging process of NovoSeven.,"For up-to-date information about the availability of NovoSeven, including which doses are affected and the availability of English-language packs in a particular EU/EEA Member State, consult the national shortage register or contact the national competent authority.",https://www.ema.europa.eu/en/medicines/human/shortages/novoseven-eptacog-alfa,2026-09-22T14:49:34.035662
EU,EU (EMA),EMA,Pegasys,peginterferon alfa-2a,90 mcg;135 mcg;180 mcg,,,L03AB11,pharmaand GmbH,Solution for injection,,2024-10-30,,,2025-06-05,resolved,,,,https://www.ema.europa.eu/en/medicines/human/shortages/pegasys,2026-09-22T14:49:34.035662
EU,EU (EMA),EMA,Zirabev,bevacizumab,100mg/4ml ;400mg/16ml,,,L01XC07,Pfizer Europe MA EEIG,Concentrate for solution for infusion,,2025-01-17,,,2025-04-10,resolved,,,,https://www.ema.europa.eu/en/medicines/human/shortages/zirabev,2026-09-22T14:49:34.035662
EU,EU (EMA),EMA,RoActemra,tocilizumab,"162 mg (syringe, pen) ;20 mg/ml (concentrate)",,,L04AC07,Roche Registration GmbH,Pre-filled syringe;Pre-filled pen;Solution for subcutaneous injection;Concentrate for solution for infusion,,2021-09-03,,,2025-04-01,resolved,Yes,,,https://www.ema.europa.eu/en/medicines/human/shortages/roactemra,2026-09-22T14:49:34.035662
EU,EU (EMA),EMA,Cisplatin,cisplatin,,,,,,Solution for injection,,2024-08-06,,,,resolved,Yes,,,https://www.ema.europa.eu/en/medicines/human/shortages/cisplatin,2026-09-22T14:49:34.035662
EU,EU (EMA),EMA,Fluorouracil,fluorouracil,,,,,,Solution for injection/infusion,,2024-08-06,,2025,,resolved,,,,https://www.ema.europa.eu/en/medicines/human/shortages/fluorouracil,2026-09-22T14:49:34.035662
EU,EU (EMA),EMA,Rybelsus,semaglutide,3 mg;7 mg;14 mg,,,A10BJ06,Novo Nordisk A/S,Tablet,,2023-07-11,,,2024-01-22,resolved,Yes,,,https://www.ema.europa.eu/en/medicines/human/shortages/rybelsus,2026-09-22T14:49:34.035662
EU,EU (EMA),EMA,Abraxane,paclitaxel,5 mg/ml,,,L01CD01,Bristol-Myers Squibb Pharma EEIG,Powder for dispersion for injection,,2023-05-11,,,2023-12-18,resolved,Yes,,,https://www.ema.europa.eu/en/medicines/human/shortages/abraxane,2026-09-22T14:49:34.035662
EU,EU (EMA),EMA,Nulojix,belatacept,25 mg/ml,,,L04AA28,Bristol-Myers Squibb Pharma EEIG,Solution for infusion,,2017-03-17,,,2023-10-03,resolved,,,,https://www.ema.europa.eu/en/medicines/human/shortages/nulojix,2026-09-22T14:49:34.035662
EU,EU (EMA),EMA,Kevzara,sarilumab,150 mg;200 mg,,,L04AC14,Sanofi Winthrop Industrie,Pre-filled syringe;Pre-filled pen;Solution for subcutaneous injection,,2021-11-09,,,2023-09-14,resolved,Yes,,,https://www.ema.europa.eu/en/medicines/human/shortages/kevzara,2026-09-22T14:49:34.035662
EU,EU (EMA),EMA,"Insuman Rapid, Basal and Comb 25 (insulin human)",insulin human,3 ml,,,,,Solution for injection;Pre-filled pen,,2023-01-24,,,2023-07-19,shortage,,"Several events at the manufacturing site resulted in a temporary supply shortage of Insuman in early 2023. They included supply delays of pen components and issues on filling, assembly and packaging lines. In addition, the marketing authorisation holder has decided to stop production and marketing of Insuman Rapid, Basal and Comb 25 worldwide.","All EU Member States where Insuman Rapid, Basal and Comb 25 are currently authorised.",https://www.ema.europa.eu/en/medicines/human/shortages/insuman-rapid-basal-comb-25-insulin-human,2026-09-22T14:49:34.035662
EU,EU (EMA),EMA,Actilyse and Actilyse Cathflo,alteplase,10 mg (Actilyse);20 mg (Actilyse);50 mg (Actilyse);2 mg (Actilyse Cathflo),,,,,Powder and solvent for solution for injection/infusion,,2022-09-23,,,2023-05-11,resolved,Yes,,,https://www.ema.europa.eu/en/medicines/human/shortages/actilyse-actilyse-cathflo,2026-09-22T14:49:34.035662
EU,EU (EMA),EMA,Metalyse,tenecteplase,"8,000 units (40 mg);10,000 units (50 mg)",,,B01AD11,Boehringer Ingelheim International GmbH,Powder and solvent for solution for injection,,2022-09-23,,,2023-05-11,resolved,Yes,,,https://www.ema.europa.eu/en/medicines/human/shortages/metalyse,2026-09-22T14:49:34.035662
EU,EU (EMA),EMA,Zerbaxa,ceftolozane;tazobactam,1 g;0.5 g,,,J01DI54,Merck Sharp & Dohme B.V.,Concentrate for solution for infusion,,2020-12-22,,,2023-04-14,resolved,Yes,,,https://www.ema.europa.eu/en/medicines/human/shortages/zerbaxa,2026-09-22T14:49:34.035662
EU,EU (EMA),EMA,Cetrotide,cetrorelix acetate,0.25 mg,,,H01CC02,Merck Europe B.V.,Powder and solvent for solution for infusion,,2022-08-10,,,2023-02-15,resolved,Yes,,,https://www.ema.europa.eu/en/medicines/human/shortages/cetrotide,2026-09-22T14:49:34.035662
EU,EU (EMA),EMA,Orgalutran,ganirelix,0.25 mg/0.5 ml,,,H01CC01,Organon N.V.,Solution for injection in pre-filled pen,,2017-02-16,,,2022-11-08,resolved,Yes,,,https://www.ema.europa.eu/en/medicines/human/shortages/orgalutran,2026-09-22T14:49:34.035662
EU,EU (EMA),EMA,Vfend,voriconazole,200 mg,,,J02AC03,Pfizer Europe MA EEIG,Powder for solution for infusion,,2021-04-16,,,2021-06-30,resolved,Yes,,,https://www.ema.europa.eu/en/medicines/human/shortages/vfend,2026-09-22T14:49:34.035662
EU,EU (EMA),EMA,Respreeza,alpha1-proteinase inhibitor (human),"4,000 mg ;5,000 mg",,,B02AB02,CSL Behring GmbH,Powder and solvent for solution for infusion,,2021-04-06,,,2021-05-06,resolved,Yes,,,https://www.ema.europa.eu/en/medicines/human/shortages/respreeza-0,2026-09-22T14:49:34.035662
EU,EU (EMA),EMA,Respreeza,alpha1-proteinase inhibitor (human),"1,000 mg ;4,000 mg ;5,000 mg",,,B02AB02,CSL Behring GmbH,Powder and solvent for solution for infusion,,2021-02-25,,,2021-03-31,resolved,Yes,,,https://www.ema.europa.eu/en/medicines/human/shortages/respreeza,2026-09-22T14:49:34.035662
EU,EU (EMA),EMA,Nucala,mepolizumab,40 mg ;100 mg,,,R03DX09,GlaxoSmithKline Trading Services Limited,Pre-filled pen,,2021-01-28,,,2021-03-01,resolved,Yes,,,https://www.ema.europa.eu/en/medicines/human/shortages/nucala,2026-09-22T14:49:34.035662
EU,EU (EMA),EMA,Cinryze,C1 inhibitor (human),500 IU,,,B06AC01,Takeda Manufacturing Austria AG,Powder and solvent for intravenous injection,,2018-08-06,,,2020-06-25,resolved,Yes,,,https://www.ema.europa.eu/en/medicines/human/shortages/cinryze,2026-09-22T14:49:34.035662
EU,EU (EMA),EMA,Tygacil,tigecycline,,,,J01AA12,Pfizer Europe MA EEIG,Powder for solution for infusion,,2015-05-22,,,2019-11-07,resolved,Yes,,,https://www.ema.europa.eu/en/medicines/human/shortages/tygacil,2026-09-22T14:49:34.035662
EU,EU (EMA),EMA,Cerezyme,imiglucerase,,,,A16AB02,Sanofi B.V.,Solution for infusion,,2013-11-04,,,2018-10-01,resolved,No,The supply shortage of Cerezyme began in June 2009 and was caused by a series of manufacturing problems at one of its manufacturing sites.,All European Union (EU) Member States,https://www.ema.europa.eu/en/medicines/human/shortages/cerezyme,2026-09-22T14:49:34.035662
EU,EU (EMA),EMA,Trisenox,arsenic trioxide,,,,L01XX27,Teva B.V.,Solution for infusion,,2017-07-31,,,2018-09-06,resolved,Yes,,,https://www.ema.europa.eu/en/medicines/human/shortages/trisenox,2026-09-22T14:49:34.035662
EU,EU (EMA),EMA,Arixtra,fondaparinux sodium,1.5 mg;2.5 mg;5.0 mg;7.5 mg,,,B01AX05,Viatris Healthcare Limited,Pre-filled syringe,,2017-07-07,,,2018-03-21,resolved,Yes,,,https://www.ema.europa.eu/en/medicines/human/shortages/arixtra,2026-09-22T14:49:34.035662
EU,EU (EMA),EMA,Inductos,dibotermin alfa,,,,M05BC01,Medtronic BioPharma B.V.,"Powder, solvent and matrix for implantation matrix",,2015-09-16,,,2017-08-15,resolved,Yes,,,https://www.ema.europa.eu/en/medicines/human/shortages/inductos,2026-09-22T14:49:34.035662
EU,EU (EMA),EMA,Taxotere,docetaxel,20 mg;1 ml and 80g;4 ml,,,L01CD02,Sanofi Winthrop Industrie,Concentrate for solution for infusion,,2016-05-19,,,2016-09-19,resolved,Yes,,,https://www.ema.europa.eu/en/medicines/human/shortages/taxotere,2026-09-22T14:49:34.035662
EU,EU (EMA),EMA,Fabrazyme,agalsidase beta,5 mg;35 mg,,,A16AB04,Sanofi B.V.,Powder for concentrate for solution for infusion,,2013-11-04,,,2016-06-07,resolved,No,,,https://www.ema.europa.eu/en/medicines/human/shortages/fabrazyme,2026-09-22T14:49:34.035662
EU,EU (EMA),EMA,"Insuman Rapid, Basal and Comb",insulin human,3 ml,,,,,Catridge;Pre-filled pen,,2015-03-31,,,2015-09-25,resolved,Yes,,,https://www.ema.europa.eu/en/medicines/human/shortages/insuman-rapid-basal-comb,2026-09-22T14:49:34.035662
EU,EU (EMA),EMA,Xofigo,radium Ra223 dichloride,1100 kBq/ml,,,V10XX03,Bayer AG,Solution for injection,,2014-10-17,,,2015-04-30,resolved,No,,,https://www.ema.europa.eu/en/medicines/human/shortages/xofigo,2026-09-22T14:49:34.035662
EU,EU (EMA),EMA,Buccolam,midazolam,2.5 mg;5 mg;7.5 mg;10 mg,,,N05CD08,Neuraxpharm Pharmaceuticals S.L.,Pre-filled syringe,,2014-04-25,,,2015-03-30,resolved,Not stated,,,https://www.ema.europa.eu/en/medicines/human/shortages/buccolam,2026-09-22T14:49:34.035662
EU,EU (EMA),EMA,Enbrel,etanercept,10 mg;25 mg;50 mg,,,L04AB01,Pfizer Europe MA EEIG,Pre-filled syringe;Pre-filled pen,,2014-02-19,,,2014-05-07,resolved,No,,,https://www.ema.europa.eu/en/medicines/human/shortages/enbrel,2026-09-22T14:49:34.035662
EU,EU (EMA),EMA,Increlex,mecasermin,10 mg/ml,,,H01AC03,"Esteve Pharmaceuticals, S.A.",Solution for subcutaneous injection,,2013-12-20,,,,resolved,No,,,https://www.ema.europa.eu/en/medicines/human/shortages/increlex,2026-09-22T14:49:34.035662
