country_code,country_name,source,source_detail,medicine_name,active_substance,strength,dosage_form,package_size,product_no,atc_code,marketing_auth_holder,shortage_start,estimated_end,estimated_end_text,actual_end,status,severity,reason,last_updated,url,scraped_at
GB,United Kingdom,MHRA,CPE (DHSC Medicine Supply Notification),Lansoprazole 15mg and 30mg orodispersible tablets,,,orodispersible tablets,,MSN/2026/044,,,2026-09-07,,early January 2027,,shortage,Tier 2 - medium impact,,2026-09-09,https://cpe.org.uk/our-news/medicine-supply-notification-lansoprazole-15mg-and-30mg-orodispersible-tablets/,2026-09-22T14:33:40.098296
GB,United Kingdom,MHRA,CPE (DHSC Medicine Supply Notification),"Ramipril 1.25mg, 2.5mg, 5mg and 10mg capsules",,,capsules,,MSN/2026/043,,,2026-09-07,,the end of October 2026,,shortage,Tier 2 - medium impact,,2026-09-07,https://cpe.org.uk/our-news/medicine-supply-notification-ramipril-1-25mg-2-5mg-5mg-and-10mg-capsules/,2026-09-22T14:33:40.100632
GB,United Kingdom,MHRA,CPE (DHSC Medicine Supply Notification),Edoxaban (Lixiana®) 15mg tablets,,,tablets,,MSN/2026/042,,,2026-09-01,,,,shortage,Tier 2 - medium impact,,2026-09-01,https://cpe.org.uk/our-news/medicine-supply-notification-edoxaban-lixiana-15mg-tablets/,2026-09-22T14:33:40.101721
GB,United Kingdom,MHRA,CPE (DHSC Medicine Supply Notification),Methylprednisolone (Medrone®) 100mg tablets,,,tablets,,MSN/2026/041,,,2026-09-01,,,,shortage,Tier 2 - medium impact,,2026-09-01,https://cpe.org.uk/our-news/medicine-supply-notification-methylprednisolone-medrone-100mg-tablets/,2026-09-22T14:33:40.102798
GB,United Kingdom,MHRA,CPE (DHSC Medicine Supply Notification),Venlafaxine 75mg immediate-release tablets,,,tablets,,MSN/2026/040,,,2026-08-26,,November 2026,,shortage,Tier 2 - medium impact,,2026-08-26,https://cpe.org.uk/our-news/medicine-supply-notification-venlafaxine-75mg-immediate-release-tablets/,2026-09-22T14:33:40.103327
GB,United Kingdom,MHRA,CPE (DHSC Medicine Supply Notification),Formoterol fumarate dihydrate (Atimos Modulite®) 12micrograms/dose inhaler,,,inhaler,,MSN/2026/039,,,2026-08-25,,,,shortage,Tier 2 - medium impact,,2026-08-25,https://cpe.org.uk/our-news/medicine-supply-notification-formoterol-fumarate-dihydrate-atimos-modulite-12micrograms-dose-inhaler/,2026-09-22T14:33:40.103858
GB,United Kingdom,MHRA,CPE (DHSC Medicine Supply Notification),Beclometasone dipropionate (Clenil Modulite®) 50micrograms/dose and 250 micrograms/dose inhalers,,,inhaler,,MSN/2026/038,,,2026-08-25,,,,shortage,Tier 2 - medium impact,,2026-08-25,https://cpe.org.uk/our-news/medicine-supply-notification-beclometasone-dipropionate-clenil-modulite-50micrograms-dose-and-250-micrograms-dose-inhalers/,2026-09-22T14:33:40.104352
GB,United Kingdom,MHRA,CPE (DHSC Medicine Supply Notification),Moviprep® and Plenvu® oral powder sachets,,,oral powder sachets,,MSN/2026/037,,,2026-08-25,,January 2027,,shortage,Tier 2 - medium impact,,2026-08-25,https://cpe.org.uk/our-news/medicine-supply-notification-moviprep-and-plenvu-oral-powder-sachets/,2026-09-22T14:33:40.104830
GB,United Kingdom,MHRA,CPE (DHSC Medicine Supply Notification),"Quetiapine 50mg, 150mg, 200mg, 300mg and 400mg modified-release tablets",,,modified-release tablets,,MSN/2025/006,,,2025-02-10,,,,shortage,Tier 2 - medium impact,,2026-08-13,https://cpe.org.uk/our-news/medicine-supply-notification-quetiapine-50mg-150mg-200mg-300mg-and-400mg-modified-release-tablets/,2026-09-22T14:33:40.105500
GB,United Kingdom,MHRA,CPE (DHSC Medicine Supply Notification),Voltarol® Ophtha and Voltarol® Ophtha Multidose eye drops,,,eye drops,,MSN/2026/034,,,2026-07-30,,,,shortage,Tier 2 - medium impact,,2026-07-30,https://cpe.org.uk/our-news/medicine-supply-notification-voltarol-ophtha-and-voltarol-ophtha-multidose-eye-drops/,2026-09-22T14:33:40.289372
GB,United Kingdom,MHRA,CPE (DHSC Medicine Supply Notification),"Nifedipine 10mg, 20mg, 30mg and 60mg modified-release tablets",,,modified-release tablets,,MSN/2026/033,,,2026-07-23,,November 2026,,shortage,Tier 2 - medium impact,,2026-07-23,https://cpe.org.uk/our-news/medicine-supply-notification-nifedipine-10mg-20mg-30mg-and-60mg-modified-release-tablets/,2026-09-22T14:33:40.290187
GB,United Kingdom,MHRA,CPE (DHSC Medicine Supply Notification),Nabilone 1mg capsules,,,capsules,,MSN/2026/032,,,2026-07-14,,,,shortage,Tier 2 - medium impact,,2026-07-14,https://cpe.org.uk/our-news/medicine-supply-notification-nabilone-1mg-capsules/,2026-09-22T14:33:40.291081
GB,United Kingdom,MHRA,CPE (DHSC Medicine Supply Notification),Latanoprost 50micrograms/ml / Timolol 5mg/ml (Fixapost®) eye drops 0.2ml unit dose preservative free,,,eye drops,,MSN/2026/031,,,2026-07-09,,January 2027,,shortage,Tier 2 - medium impact,,2026-07-09,https://cpe.org.uk/our-news/medicine-supply-notification-latanoprost-50micrograms-ml-timolol-5mg-ml-fixapost-eye-drops-0-2ml-unit-dose-preservative-free-2/,2026-09-22T14:33:40.291793
GB,United Kingdom,MHRA,CPE (DHSC Medicine Supply Notification),"Sodium valproate (Epilim Chronosphere® ) 50mg, 250mg, and 500mg modified-release granules sachets sugar free",,,sachets,,MSN/2026/030,,,2026-07-07,,late August 2026,,shortage,Tier 2 - medium impact,,2026-07-07,https://cpe.org.uk/our-news/medicine-supply-notification-sodium-valproate-epilim-chronosphere-50mg-250mg-and-500mg-modified-release-granules-sachets-sugar-free/,2026-09-22T14:33:40.292424
GB,United Kingdom,MHRA,CPE (DHSC Medicine Supply Notification),Oxcarbazepine 150mg tablets (Viatris),,,tablets,,MSN/2026/029,,,2026-07-03,,,,shortage,Tier 2 - medium impact,,2026-07-03,https://cpe.org.uk/our-news/medicine-supply-notification-oxcarbazepine-150mg-tablets-viatris/,2026-09-22T14:33:40.293158
GB,United Kingdom,MHRA,CPE (DHSC Medicine Supply Notification),Disopyramide (Rythmodan® ) 100mg capsules and disopyramide (Rythmodan Retard® ) 250mg modified-release tablets,,,modified-release tablets,,MSN/2026/028,,,2026-06-22,,early April 2027,,shortage,Tier 2 - medium impact,,2026-06-22,https://cpe.org.uk/our-news/medicine-supply-notification-disopyramide-rythmodan-100mg-capsules-and-disopyramide-rythmodan-retard-250mg-modified-release-tablets/,2026-09-22T14:33:40.294097
GB,United Kingdom,MHRA,CPE (DHSC Medicine Supply Notification),Propafenone (Arythmol® ) 150mg tablets,,,tablets,,MSN/2026/027,,,2026-06-22,,late July 2026,,shortage,Tier 2 - medium impact,,2026-06-22,https://cpe.org.uk/our-news/medicine-supply-notification-propafenone-arythmol-150mg-tablets-2/,2026-09-22T14:33:40.294658
GB,United Kingdom,MHRA,CPE (DHSC Medicine Supply Notification),Aztreonam 1g and 2g powder for solution for injection vials,,,powder for solution for injection,,MSN/2025/025,,,2026-06-11,,,,shortage,Tier 2 - medium impact,,2026-06-11,https://cpe.org.uk/our-news/medicine-supply-notification-aztreonam-1g-and-2g-powder-for-solution-for-injection-vials/,2026-09-22T14:33:40.939002
GB,United Kingdom,MHRA,CPE (DHSC Medicine Supply Notification),Rivastigmine 4.6mg/24hours and 9.5mg/24hours transdermal patches,,,transdermal patches,,MSN/2025/062,,,2025-12-03,,w/c late September 2026,,shortage,Tier 3 - high impact,,2026-06-04,https://cpe.org.uk/our-news/medicine-supply-notification-rivastigmine-4-6mg-24hours-and-9-5mg-24hours-transdermal-patches/,2026-09-22T14:33:40.940562
GB,United Kingdom,MHRA,CPE (DHSC Medicine Supply Notification),Trurapi® (insulin aspart) 100units/ml solution for injection 3ml pre-filled Solostar pens,,,solution for injection,,MSN/2026/024,,,2026-05-18,,late May 2026,,shortage,Tier 2 - medium impact,differences in bioavailability,2026-05-18,https://cpe.org.uk/our-news/medicine-supply-notification-trurapi-insulin-aspart-100units-ml-solution-for-injection-3ml-pre-filled-solostar-pens/,2026-09-22T14:33:40.941466
GB,United Kingdom,MHRA,CPE (DHSC Medicine Supply Notification),Midazolam (Epistatus® ) 7.5mg/0.75ml oromucosal solution pre-filled oral syringes sugar free,,,,,MSN/2026/023,,,2026-05-05,,,,shortage,Tier 2 - medium impact,,2026-05-05,https://cpe.org.uk/our-news/medicine-supply-notification-midazolam-epistatus-7-5mg-0-75ml-oromucosal-solution-pre-filled-oral-syringes-sugar-free/,2026-09-22T14:33:40.942406
GB,United Kingdom,MHRA,CPE (DHSC Medicine Supply Notification),Ramipril 1.25mg capsules,,,capsules,,MSN/2026/022,,,2026-04-23,,the end of May 2026,,shortage,Tier 2 - medium impact,,2026-04-23,https://cpe.org.uk/our-news/medicine-supply-notification-ramipril-1-25mg-capsules/,2026-09-22T14:33:40.943140
GB,United Kingdom,MHRA,CPE (DHSC Medicine Supply Notification),Levemir® (insulin detemir) FlexPen® 100units/ml solution for injection 3ml pre-filled pens and Levemir® Penfill 100units/ml solution for injection 3ml cartridges,,,solution for injection,,MSN/2025/036,,,2025-06-16,,,,shortage,Tier 2 - medium impact,,2025-08-14,https://cpe.org.uk/our-news/medicine-supply-notification-levemir-insulin-detemir-flexpen-100units-ml-solution-for-injection-3ml-pre-filled-pens-and-levemir-penfill-100units-ml-solution-for-injection-3ml-cart/,2026-09-22T14:33:40.944142
GB,United Kingdom,MHRA,CPE (DHSC Medicine Supply Notification),Chlordiazepoxide 5mg and 10mg capsules,,,capsules,,MSN/2026/021,,,2026-03-30,,,,shortage,Tier 2 - medium impact,,2026-03-30,https://cpe.org.uk/our-news/medicine-supply-notification-chlordiazepoxide-5mg-and-10mg-capsules/,2026-09-22T14:33:40.944797
GB,United Kingdom,MHRA,CPE (DHSC Medicine Supply Notification),Cefixime (Suprax® ) 200mg tablets,,,tablets,,MSN/2026/020,,,2026-03-30,,,,shortage,Tier 2 - medium impact,,2026-03-30,https://cpe.org.uk/our-news/medicine-supply-notification-cefixime-suprax-200mg-tablets/,2026-09-22T14:33:40.945973
GB,United Kingdom,MHRA,CPE (DHSC Medicine Supply Notification),Propranolol 80mg and 160mg modified release capsules,,,capsules,,MSN/2025/059,,,2025-11-10,,July 2026,,shortage,Tier 2 - medium impact,,2026-03-05,https://cpe.org.uk/our-news/medicine-supply-notification-propranolol-80mg-and-160mg-modified-release-capsules/,2026-09-22T14:33:41.046151
GB,United Kingdom,MHRA,CPE (DHSC Medicine Supply Notification),Co-trimoxazole 40mg/200mg/5ml oral suspension sugar free and Co-trimoxazole 80mg/400mg/5ml oral suspension,,,oral suspension,,MSN/2026/016,,,2026-02-25,,June 2026,,shortage,Tier 2 - medium impact,,2026-02-25,https://cpe.org.uk/our-news/medicine-supply-notification-co-trimoxazole-40mg-200mg-5ml-oral-suspension-sugar-free-and-co-trimoxazole-80mg-400mg-5ml-oral-suspension/,2026-09-22T14:33:41.047178
GB,United Kingdom,MHRA,CPE (DHSC Medicine Supply Notification),Sodium valproate (Epilim Chronosphere® ) 100mg modified-release granules sachets sugar free,,,sachets,,MSN/2026/012,,,2026-02-17,,,,shortage,Tier 2 - medium impact,,2026-02-17,https://cpe.org.uk/our-news/medicine-supply-notification-sodium-valproate-epilim-chronosphere-100mg-modified-release-granules-sachets-sugar-free/,2026-09-22T14:33:41.047801
GB,United Kingdom,MHRA,CPE (DHSC Medicine Supply Notification),Propafenone (Arythmol® ) 150mg tablets,,,tablets,,MSN/2026/011,,,2026-02-17,,early April 2026,,shortage,Tier 2 - medium impact,,2026-02-17,https://cpe.org.uk/our-news/medicine-supply-notification-propafenone-arythmol-150mg-tablets/,2026-09-22T14:33:41.048622
GB,United Kingdom,MHRA,CPE (DHSC Medicine Supply Notification),Phenobarbital 30mg and 60mg tablets,,,tablets,,MSN/2026/010,,,2026-02-16,,mid/late March 2026,,shortage,Tier 2 - medium impact,,2026-02-16,https://cpe.org.uk/our-news/medicine-supply-notification-phenobarbital-30mg-and-60mg-tablets/,2026-09-22T14:33:41.049115
GB,United Kingdom,MHRA,CPE (DHSC Medicine Supply Notification),Sulfadiazine silver (Flamazine®) 1% cream,,,cream,,MSN/2026/007,,,2026-02-10,,,,shortage,Tier 2 - medium impact,the global discontinuation (see supporting information),2026-02-10,https://cpe.org.uk/our-news/medicine-supply-notification-sulfadiazine-silver-flamazine-1-cream-2/,2026-09-22T14:33:41.049872
GB,United Kingdom,MHRA,CPE (DHSC Medicine Supply Notification),Oxybutynin (Kentera® ) 3.9mg/24hours transdermal patches,,,transdermal patches,,MSN/2026/004,,,2026-01-28,,,,shortage,Tier 2 - medium impact,,2026-01-28,https://cpe.org.uk/our-news/medicine-supply-notification-oxybutynin-kentera-3-9mg-24hours-transdermal-patches/,2026-09-22T14:33:41.050422
GB,United Kingdom,MHRA,CPE (DHSC Medicine Supply Notification),Buprenorphine/naloxone (Suboxone® ) 2mg/500microgram and 8mg/2mg sublingual tablets,,,tablets,,MSN/2026/002,,,2026-01-15,,,,shortage,Tier 2 - medium impact,,2026-01-15,https://cpe.org.uk/our-news/medicine-supply-notification-buprenorphine-naloxone-suboxone-2mg-500microgram-and-8mg-2mg-sublingual-tablets/,2026-09-22T14:33:41.051027
GB,United Kingdom,MHRA,CPE (DHSC Medicine Supply Notification),Co-codamol 30mg/500mg tablets,,,tablets,,MSN/2026/001,,,2026-01-12,,early June 2026,,shortage,Tier 3 - high impact,,2026-01-12,https://cpe.org.uk/our-news/medicine-supply-notification-co-codamol-30mg-500mg-tablets/,2026-09-22T14:33:41.168637
GB,United Kingdom,MHRA,CPE (DHSC Medicine Supply Notification),Hypurin® Porcine 30/70 Mix (insulin isophane biphasic porcine) 100units/ml suspension for injection 3ml cartridges,,,injection,,MSN/2025/073,,,2025-12-29,,February 2026,,shortage,Tier 2 - medium impact,,2025-12-29,https://cpe.org.uk/our-news/medicine-supply-notification-hypurin-porcine-30-70-mix-insulin-isophane-biphasic-porcine-100units-ml-suspension-for-injection-3ml-cartridges/,2026-09-22T14:33:41.169528
GB,United Kingdom,MHRA,CPE (DHSC Medicine Supply Notification),Genotropin® (somatropin) 5.3 mg and 12 mg powder and solvent for solution for injection,,,solution for injection,,MSN/2025/072,,,2025-12-23,,,,shortage,Tier 2 - medium impact,,2025-12-23,https://cpe.org.uk/our-news/medicine-supply-notification-genotropin-somatropin-5-3-mg-and-12-mg-powder-and-solvent-for-solution-for-injection/,2026-09-22T14:33:41.170233
GB,United Kingdom,MHRA,CPE (DHSC Medicine Supply Notification),"Diamorphine 5mg, 10mg and 100mg powder for solution for injection ampoules",,,powder for solution for injection,,MSN/2025/071,,,2025-12-23,,,,shortage,Tier 3 - high impact,,2025-12-23,https://cpe.org.uk/our-news/medicine-supply-notification-diamorphine-5mg-10mg-and-100mg-powder-for-solution-for-injection-ampoules/,2026-09-22T14:33:41.170999
GB,United Kingdom,MHRA,CPE (DHSC Medicine Supply Notification),Clonidine (Catapres®) 100microgram tablets,,,tablets,,MSN/2025/070,,,2025-12-23,,,,shortage,Tier 2 - medium impact,,2025-12-23,https://cpe.org.uk/our-news/medicine-supply-notification-clonidine-catapres-100microgram-tablets/,2026-09-22T14:33:41.172271
GB,United Kingdom,MHRA,CPE (DHSC Medicine Supply Notification),Latanoprost 50micrograms/ml / Timolol 5mg/ml (Fixapost® ) eye drops 0.2ml unit dose preservative free,,,eye drops,,MSN/2025/069,,,2025-12-19,,early February 2026,,shortage,Tier 2 - medium impact,,2025-12-19,https://cpe.org.uk/our-news/medicine-supply-notification-latanoprost-50micrograms-ml-timolol-5mg-ml-fixapost-eye-drops-0-2ml-unit-dose-preservative-free/,2026-09-22T14:33:41.173115
GB,United Kingdom,MHRA,CPE (DHSC Medicine Supply Notification),Nifedipine (Adipine® XL) 30mg and 60mg modified-release tablets,,,modified-release tablets,,MSN/2025/068,,,2025-12-19,,the end of January 2026,,shortage,Tier 2 - medium impact,,2025-12-19,https://cpe.org.uk/our-news/medicine-supply-notification-nifedipine-adipine-xl-30mg-and-60mg-modified-release-tablets/,2026-09-22T14:33:41.173845
GB,United Kingdom,MHRA,CPE (DHSC Medicine Supply Notification),Tresiba® (insulin degludec) FlexTouch® 100units/ml solution for injection 3ml prefilled pens,,,solution for injection,,MSN/2023/053,,,2025-12-10,,,,shortage,Tier 2 - medium impact,,2025-12-15,https://cpe.org.uk/our-news/medicine-supply-notification-tresiba-insulin-degludec-flextouch-100units-ml-solution-for-injection-3ml-prefilled-pens-updated/,2026-09-22T14:33:41.174545
GB,United Kingdom,MHRA,CPE (DHSC Medicine Supply Notification),Fiasp® FlexTouch® (insulin aspart) 100units/ml solution for injection 3ml pre-filled pens,,,solution for injection,,MSN/2024/027,,,2024-03-04,,January 2025,,shortage,Tier 2 - medium impact,,2025-12-15,https://cpe.org.uk/our-news/medicine-supply-notification-fiasp-flextouch-insulin-aspart-100units-ml-solution-for-injection-3ml-pre-filled-pens/,2026-09-22T14:33:41.308546
GB,United Kingdom,MHRA,CPE (DHSC Medicine Supply Notification),Nifedipine (Fortipine® LA) 40mg modified-release tablets,,,modified-release tablets,,MSN/2025/064,,,2025-12-08,,,,shortage,Tier 2 - medium impact,,2025-12-09,https://cpe.org.uk/our-news/medicine-supply-notification-nifedipine-fortipine-la-40mg-modified-release-tablets/,2026-09-22T14:33:41.309070
GB,United Kingdom,MHRA,CPE (DHSC Medicine Supply Notification),Ibandronic acid 150mg tablets,,,tablets,,,,,2025-11-17,,March 2026,,shortage,Tier 2 - medium impact,,2025-11-17,https://cpe.org.uk/our-news/medicine-supply-notification-ibandronic-acid-150mg-tablets/,2026-09-22T14:33:41.309466
GB,United Kingdom,MHRA,CPE (DHSC Medicine Supply Notification),Antimicrobial Agents Used in Tuberculosis (TB) Treatment,,,,,MSN/2025/058,,,2025-10-23,,,,shortage,Tier 3 - high impact,,2025-10-23,https://cpe.org.uk/our-news/medicine-supply-notification-antimicrobial-agents-used-in-tuberculosis-tb-treatment/,2026-09-22T14:33:41.310149
GB,United Kingdom,MHRA,CPE (DHSC Medicine Supply Notification),Amiodarone 100mg and 200mg tablets,,,tablets,,MSN/2025/056,,,2025-10-20,,,,shortage,Tier 2 - medium impact,,2025-10-20,https://cpe.org.uk/our-news/medicine-supply-notification-amiodarone-100mg-and-200mg-tablets/,2026-09-22T14:33:41.311026
GB,United Kingdom,MHRA,CPE (DHSC Medicine Supply Notification),Mometasone (Asmanex Twisthaler®) 200micrograms/dose dry powder and 400micrograms/dose dry powder inhalers,,,inhaler,,MSN/2025/057,,,2025-10-20,,,,shortage,Tier 2 - medium impact,,2025-10-20,https://cpe.org.uk/our-news/medicine-supply-notification-mometasone-asmanex-twisthaler-200micrograms-dose-dry-powder-and-400micrograms-dose-dry-powder-inhalers/,2026-09-22T14:33:41.311485
GB,United Kingdom,MHRA,CPE (DHSC Medicine Supply Notification),Dalivit® Oral Drops,,,,,MSN/2025/055,,,2025-10-15,,,,shortage,Tier 2 - medium impact,,2025-10-15,https://cpe.org.uk/our-news/medicine-supply-notification-dalivit-oral-drops/,2026-09-22T14:33:41.311924
GB,United Kingdom,MHRA,CPE (DHSC Medicine Supply Notification),Exenatide (Bydureon® BCise® ) 2mg/0.85ml prolonged-release suspension for injection pre-filled pen,,,injection,,MSN/2025/054,,,2025-10-15,,,,shortage,Tier 2 - medium impact,,2025-10-15,https://cpe.org.uk/our-news/medicine-supply-notification-exenatide-bydureon-bcise-2mg-0-85ml-prolonged-release-suspension-for-injection-pre-filled-pen/,2026-09-22T14:33:41.312359
GB,United Kingdom,MHRA,CPE (DHSC Medicine Supply Notification),Admelog® (insulin lispro),,,,,MSN/2025/052,,,2025-09-18,,,,shortage,Tier 2 - medium impact,,2025-09-18,https://cpe.org.uk/our-news/medicine-supply-notification-admelog-insulin-lispro/,2026-09-22T14:33:41.312841
GB,United Kingdom,MHRA,CPE (DHSC Medicine Supply Notification),"Repaglinide 500microgram,1mg and 2mg tablets",,,tablets,,MSN/2025/050,,,2025-08-26,,early December 2025,,shortage,Tier 2 - medium impact,,2025-08-26,https://cpe.org.uk/our-news/medicine-supply-notification-repaglinide-500microgram1mg-and-2mg-tablets/,2026-09-22T14:33:41.514351
GB,United Kingdom,MHRA,CPE (DHSC Medicine Supply Notification),Estradiol (Progynova® TS) 50micrograms/24hours and 100micrograms/24hours transdermal patches,,,transdermal patches,,MSN/2025/048,,,2025-08-06,,,,shortage,Tier 2 - medium impact,,2025-08-06,https://cpe.org.uk/our-news/medicine-supply-notification-estradiol-progynova-ts-50micrograms-24hours-and-100micrograms-24hours-transdermal-patches/,2026-09-22T14:33:41.515304
GB,United Kingdom,MHRA,CPE (DHSC Medicine Supply Notification),Isosorbide mononitrate 10mg tablets (immediate-release),,,tablets,,MSN/2025/047,,,2025-07-24,,early September 2025,,shortage,Tier 2 - medium impact,,2025-07-24,https://cpe.org.uk/our-news/medicine-supply-notification-isosorbide-mononitrate-10mg-tablets-immediate-release/,2026-09-22T14:33:41.516047
GB,United Kingdom,MHRA,CPE (DHSC Medicine Supply Notification),"Vial presentations of Hypurin® Porcine Isophane, Hypurin® Porcine Neutral and Hypurin® Porcine 30/70 Mix are being discontinued",,,,,MSN/2025/046,,,2025-07-23,,,,shortage,Tier 2 - medium impact,,2025-07-24,https://cpe.org.uk/our-news/medicine-supply-notification-vial-presentations-of-hypurin-porcine-isophane-hypurin-porcine-neutral-and-hypurin-porcine-30-70-mix-are-being-discontinued/,2026-09-22T14:33:41.516810
GB,United Kingdom,MHRA,CPE (DHSC Medicine Supply Notification),"Vials of Humulin® I, Humulin® S, Humulin® M3, and Humalog® Mix25 are being discontinued.",,,,,MSN/2025/045,,,2025-07-23,,,,shortage,Tier 2 - medium impact,,2025-07-24,https://cpe.org.uk/our-news/medicine-supply-notification-vials-of-humulin-i-humulin-s-humulin-m3-and-humalog-mix25-are-being-discontinued/,2026-09-22T14:33:41.517878
GB,United Kingdom,MHRA,CPE (DHSC Medicine Supply Notification),Abidec® Multivitamin drops,,,,,MSN/2025/044,,,2025-07-16,,,,shortage,Tier 2 - medium impact,,2025-07-16,https://cpe.org.uk/our-news/medicine-supply-notification-abidec-multivitamin-drops/,2026-09-22T14:33:41.518850
GB,United Kingdom,MHRA,CPE (DHSC Medicine Supply Notification),Amiodarone 200mg tablets,,,tablets,,MSN/2025/043,,,2025-07-11,,early August 2025,,shortage,Tier 2 - medium impact,,2025-07-11,https://cpe.org.uk/our-news/medicine-supply-notification-amiodarone-200mg-tablets/,2026-09-22T14:33:41.519530
GB,United Kingdom,MHRA,CPE (DHSC Medicine Supply Notification),Diclofenac (Voltarol® Ophtha) 0.1% eye drops 0.3ml unit dose preservative free,,,eye drops,,MSN/2025/042,,,2025-07-10,,early October 2025,,shortage,Tier 2 - medium impact,,2025-07-10,https://cpe.org.uk/our-news/medicine-supply-notification-diclofenac-voltarol-ophtha-0-1-eye-drops-0-3ml-unit-dose-preservative-free/,2026-09-22T14:33:41.816975
GB,United Kingdom,MHRA,CPE (DHSC Medicine Supply Notification),Salbutamol 100micrograms/dose breath actuated inhalers CFC free,,,inhaler,,MSN/2025/041,,,2025-07-04,,December 2025,,shortage,Tier 2 - medium impact,,2025-07-04,https://cpe.org.uk/our-news/medicine-supply-notification-salbutamol-100micrograms-dose-breath-actuated-inhalers-cfc-free/,2026-09-22T14:33:41.817940
GB,United Kingdom,MHRA,CPE (DHSC Medicine Supply Notification),Betamethasone 500microgram soluble tablets sugar free,,,soluble tablets,,MSN/2025/040,,,2025-06-30,,late July 2025,,shortage,Tier 2 - medium impact,,2025-06-30,https://cpe.org.uk/our-news/medicine-supply-notification-betamethasone-500microgram-soluble-tablets-sugar-free/,2026-09-22T14:33:41.818672
GB,United Kingdom,MHRA,CPE (DHSC Medicine Supply Notification),"Buprenorphine (Relevtec®) 35micrograms/hour, 52.5micrograms/hour, 70micrograms/hour transdermal patches Buprenorphine (Bupeaze®) 52.5micrograms/hour transdermal patches",,,transdermal patches,,MSN/2025/038,,,2025-06-19,,early August 2025,,shortage,Tier 2 - medium impact,,2025-06-19,https://cpe.org.uk/our-news/medicine-supply-notification-buprenorphine-relevtec-35micrograms-hour-52-5micrograms-hour-70micrograms-hour-transdermal-patches-buprenorphine-bupeaze-52-5micrograms-hour-transdermal/,2026-09-22T14:33:41.819484
GB,United Kingdom,MHRA,CPE (DHSC Medicine Supply Notification),Venlafaxine 37.5mg modified-release tablets,,,modified-release tablets,,MSN/2025/035,,,2025-06-13,,,,shortage,Tier 2 - medium impact,,2025-06-13,https://cpe.org.uk/our-news/medicine-supply-notification-venlafaxine-37-5mg-modified-release-tablets/,2026-09-22T14:33:41.820266
GB,United Kingdom,MHRA,CPE (DHSC Medicine Supply Notification),NovoRapid® PumpCart® (insulin aspart) 100units/ml solution for injection 1.6ml cartridges,,,solution for injection,,MSN/2025/034,,,2025-06-04,,,,shortage,Tier 2 - medium impact,,2025-06-04,https://cpe.org.uk/our-news/medicine-supply-notification-novorapid-pumpcart-insulin-aspart-100units-ml-solution-for-injection-1-6ml-cartridges/,2026-09-22T14:33:41.820927
GB,United Kingdom,MHRA,CPE (DHSC Medicine Supply Notification),Phenobarbital 15mg/5ml elixir,,,,,MSN/2025/032,,,2025-05-20,,late June 2025,,shortage,Tier 2 - medium impact,,2025-05-21,https://cpe.org.uk/our-news/medicine-supply-notification-phenobarbital-15mg-5ml-elixir/,2026-09-22T14:33:41.823266
GB,United Kingdom,MHRA,CPE (DHSC Medicine Supply Notification),Tolterodine 2mg and 4mg modified-release capsules,,,capsules,,MSN/2025/031,,,2025-05-20,,,,shortage,Tier 2 - medium impact,,2025-05-20,https://cpe.org.uk/our-news/medicine-supply-notification-tolterodine-2mg-and-4mg-modified-release-capsules/,2026-09-22T14:33:41.824157
GB,United Kingdom,MHRA,CPE (DHSC Medicine Supply Notification),Lidocaine (Xylocaine® ) 10mg/dose spray sugar free,,,,,MSN/2025/028,,,2025-05-07,,late June 2025,,shortage,Tier 2 - medium impact,,2025-05-07,https://cpe.org.uk/our-news/medicine-supply-notification-lidocaine-xylocaine-10mg-dose-spray-sugar-free/,2026-09-22T14:33:41.825207
GB,United Kingdom,MHRA,CPE (DHSC Medicine Supply Notification),Buprenorphine (Reletrans® ) 5micrograms/hour and 15micrograms/hour transdermal patches,,,transdermal patches,,MSN/2025/030,,,2025-05-07,,early July 2025,,shortage,Tier 2 - medium impact,,2025-05-07,https://cpe.org.uk/our-news/medicine-supply-notification-buprenorphine-reletrans-5micrograms-hour-and-15micrograms-hour-transdermal-patches/,2026-09-22T14:33:41.825823
GB,United Kingdom,MHRA,CPE (DHSC Medicine Supply Notification),"Fentanyl (Effentora® ) 200microgram, 400microgram, 600microgram, 800microgram buccal tablets Fentanyl (Actiq® ) 800microgram lozenges",,,tablets,,MSN/2025/025,,,2025-04-30,,late May 2025,,shortage,Tier 2 - medium impact,,2025-04-30,https://cpe.org.uk/our-news/medicine-supply-notification-fentanyl-effentora-200microgram-400microgram-600microgram-800microgram-buccal-tablets-fentanyl-actiq-800microgram-lozenges/,2026-09-22T14:33:41.980170
GB,United Kingdom,MHRA,CPE (DHSC Medicine Supply Notification),Fentanyl (Durogesic® DTrans®) patches,,,,,MSN/2025/023,,,2025-04-15,,December 2025,,shortage,Tier 2 - medium impact,,2025-04-15,https://cpe.org.uk/our-news/medicine-supply-notification-fentanyl-durogesic-dtrans-patches/,2026-09-22T14:33:41.981037
GB,United Kingdom,MHRA,CPE (DHSC Medicine Supply Notification),"Galantamine 8mg, 16mg and 24mg modified-release capsules",,,capsules,,MSN/2025/022,,,2025-04-11,,late July 2025,,shortage,Tier 2 - medium impact,,2025-04-11,https://cpe.org.uk/our-news/medicine-supply-notification-galantamine-8mg-16mg-and-24mg-modified-release-capsules/,2026-09-22T14:33:41.982084
GB,United Kingdom,MHRA,CPE (DHSC Medicine Supply Notification),Triamcinolone acetonide 10mg/ml (Adcortyl® multi-dose vial) and 40mg/ml (Kenalog® vials) suspension for injection,,,injection,,MSN/2025/021,,,2025-04-07,,,,shortage,Tier 2 - medium impact,,2025-04-07,https://cpe.org.uk/our-news/medicine-supply-notification-triamcinolone-acetonide-10mg-ml-adcortyl-ampoules-and-40mg-ml-kenalog-vials-suspension-for-injection/,2026-09-22T14:33:41.983135
GB,United Kingdom,MHRA,CPE (DHSC Medicine Supply Notification),Diltiazem (Angitil® SR) 90mg modified-release capsules,,,capsules,,MSN/2025/020,,,2025-04-07,,,,shortage,Tier 2 - medium impact,,2025-04-07,https://cpe.org.uk/our-news/medicine-supply-notification-diltiazem-angitil-sr-90mg-modified-release-capsules/,2026-09-22T14:33:41.983788
GB,United Kingdom,MHRA,CPE (DHSC Medicine Supply Notification),Estradiol (Estradot®) transdermal patches,,,transdermal patches,,,,,2024-12-19,,late April 2025,,shortage,Tier 2 - medium impact,,2025-04-03,https://cpe.org.uk/our-news/medicine-supply-notification-estradiol-estradot-50micrograms-24-hours-75micrograms-24-hours-and-100micrograms-24-hours-transdermal-patches/,2026-09-22T14:33:41.985117
GB,United Kingdom,MHRA,CPE (DHSC Medicine Supply Notification),Apraclonidine (Iopidine® ) 5mg/ml (0.5%) eye drops,,,eye drops,,MSN/2025/018,,,2025-03-27,,early September 2025,,shortage,Tier 2 - medium impact,,2025-03-27,https://cpe.org.uk/our-news/medicine-supply-notification-apraclonidine-iopidine-5mg-ml-0-5-eye-drops/,2026-09-22T14:33:41.985862
GB,United Kingdom,MHRA,CPE (DHSC Medicine Supply Notification),Levofloxacin 250mg and 500mg tablets,,,tablets,,MSN/2025/017,,,2025-03-27,,late April 2025,,shortage,Tier 2 - medium impact,,2025-03-27,https://cpe.org.uk/our-news/medicine-supply-notification-levofloxacin-250mg-and-500mg-tablets/,2026-09-22T14:33:41.986704
GB,United Kingdom,MHRA,CPE (DHSC Medicine Supply Notification),Megestrol (Megace®) 160mg tablets,,,tablets,,MSN/2025/016,,,2025-03-25,,,,shortage,Tier 2 - medium impact,,2025-03-25,https://cpe.org.uk/our-news/medicine-supply-notification-megestrol-megace-160mg-tablets/,2026-09-22T14:33:41.987548
GB,United Kingdom,MHRA,CPE (DHSC Medicine Supply Notification),Salbutamol (Salamol Easi-Breathe®) 100micrograms/dose breath actuated inhaler CFC free,,,inhaler,,MSN/2025/014,,,2025-03-06,,late March 2025,,shortage,Tier 2 - medium impact,,2025-03-06,https://cpe.org.uk/our-news/medicine-supply-notification-salbutamol-salamol-easi-breathe-100micrograms-dose-breath-actuated-inhaler-cfc-free/,2026-09-22T14:33:41.988191
GB,United Kingdom,MHRA,CPE (DHSC Medicine Supply Notification),Desmopressin 10microgram/dose nasal spray,,,nasal spray,,MSN/2025/010,,,2025-03-03,,,,shortage,Tier 2 - medium impact,,2025-03-03,https://cpe.org.uk/our-news/medicine-supply-notification-desmopressin-10microgram-dose-nasal-spray/,2026-09-22T14:33:42.098995
GB,United Kingdom,MHRA,CPE (DHSC Medicine Supply Notification),Triptorelin acetate (Gonapeptyl® Depot) 3.75mg powder and solvent for suspension for injection pre-filled syringes,,,pre-filled syringe,,MSN/2025/007,,,2025-02-20,,early January 2026,,shortage,Tier 2 - medium impact,,2025-02-20,https://cpe.org.uk/our-news/medicine-supply-notification-triptorelin-acetate-gonapeptyl-depot-3-75mg-powder-and-solvent-for-suspension-for-injection-pre-filled-syringes/,2026-09-22T14:33:42.099996
GB,United Kingdom,MHRA,CPE (DHSC Medicine Supply Notification),Camellia sinensis extract (Catephen® ) 10% ointment Fluorouracil (Efudix® ) 5% cream Imiquimod (Aldara® 5% and Zyclara® 3.75%) cream 250mg sachets,,,sachets,,MSN/2024/109,,,2024-11-26,,late April 2025,,shortage,Tier 2 - medium impact,,2025-02-03,https://cpe.org.uk/our-news/medicine-supply-notification-imiquimod-aldara-5-and-bascellex-50mg-g-cream-250mg-sachets/,2026-09-22T14:33:42.101589
GB,United Kingdom,MHRA,CPE (DHSC Medicine Supply Notification),Memantine (Valios® ) 5mg orodispersible tablets sugar free,,,orodispersible tablets,,MSN/2025/005,,,2025-01-28,,late April 2025,,shortage,Tier 2 - medium impact,,2025-01-28,https://cpe.org.uk/our-news/medicine-supply-notification-memantine-valios-5mg-orodispersible-tablets-sugar-free/,2026-09-22T14:33:42.102325
GB,United Kingdom,MHRA,CPE (DHSC Medicine Supply Notification),Hydrocortisone sodium phosphate 100mg/1ml solution for injection ampoules,,,solution for injection,,MSN/2025/004,,,2025-01-20,,,,shortage,Tier 2 - medium impact,,2025-01-20,https://cpe.org.uk/our-news/medicine-supply-notification-hydrocortisone-sodium-phosphate-100mg-1ml-solution-for-injection-ampoules/,2026-09-22T14:33:42.102916
GB,United Kingdom,MHRA,CPE (DHSC Medicine Supply Notification),Xylocaine® (lidocaine) 10mg spray,,,,,MSN/2025/003,,,2025-01-14,,,,shortage,Tier 2 - medium impact,,2025-01-14,https://cpe.org.uk/our-news/medicine-supply-notification-xylocaine-lidocaine-10mg-spray/,2026-09-22T14:33:42.103724
GB,United Kingdom,MHRA,CPE (DHSC Medicine Supply Notification),Apomorphine hydrochloride (APO-go® PFS) 50mg/10ml solution for infusion pre-filled syringes,,,pre-filled syringe,,MSN/2025/002,,,2025-01-09,,,,shortage,Tier 2 - medium impact,,2025-01-09,https://cpe.org.uk/our-news/medicine-supply-notification-apomorphine-hydrochloride-apo-go-pfs-50mg-10ml-solution-for-infusion-pre-filled-syringes/,2026-09-22T14:33:42.104647
GB,United Kingdom,MHRA,CPE (DHSC Medicine Supply Notification),NovoRapid® (insulin aspart) FlexTouch® 100units/ml solution for injection 3ml pre-filled pens,,,solution for injection,,MSN/2024/103,,,2024-10-16,,late February 2025,,shortage,Tier 2 - medium impact,,2025-01-07,https://cpe.org.uk/our-news/medicine-supply-notification-novorapid-insulin-aspart-flextouch-100units-ml-solution-for-injection-3ml-pre-filled-pens/,2026-09-22T14:33:42.105331
GB,United Kingdom,MHRA,CPE (DHSC Medicine Supply Notification),Prednisolone 20mg/100ml rectal solution,,,,,MSN/2024/116,,,2024-12-19,,February 2025,,shortage,Tier 2 - medium impact,,2024-12-19,https://cpe.org.uk/our-news/medicine-supply-notification-prednisolone-20mg-100ml-rectal-solution/,2026-09-22T14:33:42.105915
GB,United Kingdom,MHRA,CPE (DHSC Medicine Supply Notification),"Isosorbide mononitrate 10mg, 20mg and 40mg tablets (immediate-release)",,,tablets,,MSN/2024/114,,,2024-12-19,,late February 2025,,shortage,Tier 2 - medium impact,,2024-12-19,https://cpe.org.uk/our-news/medicine-supply-notification-isosorbide-mononitrate-10mg-20mg-and-40mg-tablets-immediate-release/,2026-09-22T14:33:42.106486
GB,United Kingdom,MHRA,CPE (DHSC Medicine Supply Notification),"Cefalexin 125mg/5ml and 250mg/5ml oral suspensions, sugar free",,,oral suspension,,MSN/2024/113,,,2024-12-13,,,,shortage,Tier 2 - medium impact,,2024-12-13,https://cpe.org.uk/our-news/medicine-supply-notification-cefalexin-125mg-5ml-and-250mg-5ml-oral-suspensions-sugar-free/,2026-09-22T14:33:42.210807
GB,United Kingdom,MHRA,CPE (DHSC Medicine Supply Notification),"Insulatard® (isophane insulin, human) Penfill® 100units/ml suspension for injection 3ml cartridges",,,injection,,MSN/2024/112,,,2024-12-12,,,,shortage,Tier 2 - medium impact,,2024-12-12,https://cpe.org.uk/our-news/medicine-supply-notification-insulatard-isophane-insulin-human-penfill-100units-ml-suspension-for-injection-3ml-cartridges/,2026-09-22T14:33:42.211748
GB,United Kingdom,MHRA,CPE (DHSC Medicine Supply Notification),Coal tar extract (Neutrogena® T/Gel® Therapeutic) 2% shampoo,,,,,MSN/2024/111,,,2024-12-03,,,,shortage,Tier 2 - medium impact,,2024-12-03,https://cpe.org.uk/our-news/medicine-supply-notification-coal-tar-extract-neutrogena-t-gel-therapeutic-2-shampoo/,2026-09-22T14:33:42.212746
GB,United Kingdom,MHRA,CPE (DHSC Medicine Supply Notification),Diclofenac (Voltarol® Ophtha Multidose) 0.1% eye drops,,,eye drops,,MSN/2024/110,,,2024-11-27,,,,shortage,Tier 2 - medium impact,,2024-11-27,https://cpe.org.uk/our-news/medicine-supply-notification-diclofenac-voltarol-ophtha-multidose-0-1-eye-drops/,2026-09-22T14:33:42.213341
GB,United Kingdom,MHRA,CPE (DHSC Medicine Supply Notification),Levobunolol (Betagan®) 0.5% eye drops 0.4ml unit dose preservative free,,,eye drops,,MSN/2024/108,,,2024-11-20,,,,shortage,Tier 2 - medium impact,,2024-11-20,https://cpe.org.uk/our-news/medicine-supply-notification-levobunolol-betagan-0-5-eye-drops-0-4ml-unit-dose-preservative-free/,2026-09-22T14:33:42.213939
GB,United Kingdom,MHRA,CPE (DHSC Medicine Supply Notification),Sodium fusidate (Fucidin® ) 250mg tablets and fusidic acid (Fucidin® ) 250mg/5ml oral suspension,,,oral suspension,,MSN/2024/107,,,2024-10-07,,,,shortage,Tier 2 - medium impact,,2024-11-12,https://cpe.org.uk/our-news/medicine-supply-notification-sodium-fusidate-fucidin-250mg-tablets-and-fusidic-acid-fucidin-250mg-5ml-oral-suspension/,2026-09-22T14:33:42.214752
GB,United Kingdom,MHRA,CPE (DHSC Medicine Supply Notification),Trandate® (labetalol) 50mg tablets,,,tablets,,MSN/2024/101,,,2024-10-07,,,,shortage,Tier 2 - medium impact,,2024-10-07,https://cpe.org.uk/our-news/medicine-supply-notification-trandate-labetalol-50mg-tablets/,2026-09-22T14:33:42.215611
GB,United Kingdom,MHRA,CPE (DHSC Medicine Supply Notification),Torasemide 10mg tablets,,,tablets,,MSN/2024/098,,,2024-10-02,,March 2025,,shortage,Tier 2 - medium impact,,2024-10-02,https://cpe.org.uk/our-news/medicine-supply-notification-torasemide-10mg-tablets/,2026-09-22T14:33:42.294765
GB,United Kingdom,MHRA,NHSBSA (Serious Shortage Protocol),Lansoprazole 30mg orodispersible tablets,,,orodispersible tablets,,SSP089,,,2026-09-09,2027-01-15,2027-01-15,,shortage,,,,https://www.nhsbsa.nhs.uk/pharmacies-gp-practices-and-appliance-contractors/serious-shortage-protocols-ssps,2026-09-22T14:33:43.052405
GB,United Kingdom,MHRA,NHSBSA (Serious Shortage Protocol),Lansoprazole 15mg orodispersible tablets,,,orodispersible tablets,,SSP088,,,2026-09-09,2027-01-15,2027-01-15,,shortage,,,,https://www.nhsbsa.nhs.uk/pharmacies-gp-practices-and-appliance-contractors/serious-shortage-protocols-ssps,2026-09-22T14:33:43.052598
GB,United Kingdom,MHRA,NHSBSA (Serious Shortage Protocol),Ramipril 1.25 mg capsules,,,capsules,,SSP087,,,2026-04-22,2026-10-30,2026-10-30,,shortage,,,2026-07-23,https://www.nhsbsa.nhs.uk/pharmacies-gp-practices-and-appliance-contractors/serious-shortage-protocols-ssps,2026-09-22T14:33:43.052629
GB,United Kingdom,MHRA,NHSBSA (Serious Shortage Protocol),Estradot® 25 microgram patches,,,,,SSP082,,,2025-04-03,2026-10-02,2026-10-02,,shortage,,,2026-07-10,https://www.nhsbsa.nhs.uk/pharmacies-gp-practices-and-appliance-contractors/serious-shortage-protocols-ssps,2026-09-22T14:33:43.052665
GB,United Kingdom,MHRA,NHSBSA (Serious Shortage Protocol),Estradot® 100 microgram patches,,,,,SSP081,,,2024-12-19,2026-10-02,2026-10-02,,shortage,,,2026-07-10,https://www.nhsbsa.nhs.uk/pharmacies-gp-practices-and-appliance-contractors/serious-shortage-protocols-ssps,2026-09-22T14:33:43.052699
GB,United Kingdom,MHRA,NHSBSA (Serious Shortage Protocol),Estradot® 75 microgram patches,,,,,SSP080,,,2024-12-19,2026-10-02,2026-10-02,,shortage,,,2026-07-10,https://www.nhsbsa.nhs.uk/pharmacies-gp-practices-and-appliance-contractors/serious-shortage-protocols-ssps,2026-09-22T14:33:43.052730
GB,United Kingdom,MHRA,NHSBSA (Serious Shortage Protocol),Estradot® 50 microgram patches,,,,,SSP079,,,2024-12-19,2026-10-02,2026-10-02,,shortage,,,2026-07-10,https://www.nhsbsa.nhs.uk/pharmacies-gp-practices-and-appliance-contractors/serious-shortage-protocols-ssps,2026-09-22T14:33:43.052761
GB,United Kingdom,MHRA,NHSBSA (Serious Shortage Protocol),Creon® 25000 capsules,,,capsules,,SSP061,,,2024-05-24,2026-10-02,2026-10-02,,shortage,,,2026-07-10,https://www.nhsbsa.nhs.uk/pharmacies-gp-practices-and-appliance-contractors/serious-shortage-protocols-ssps,2026-09-22T14:33:43.052792
GB,United Kingdom,MHRA,NHSBSA (Serious Shortage Protocol),Creon® 10000 capsules,,,capsules,,SSP060,,,2024-05-24,2026-10-02,2026-10-02,,shortage,,,2026-08-06,https://www.nhsbsa.nhs.uk/pharmacies-gp-practices-and-appliance-contractors/serious-shortage-protocols-ssps,2026-09-22T14:33:43.052821
GB,United Kingdom,MHRA,NHSBSA (Serious Shortage Protocol),Adipine® XL 60mg MR tablets,,,tablets,,SSP085,,,2025-12-19,2026-02-06,2026-02-06,2026-01-23,resolved,,SSP withdrawn early,,https://www.nhsbsa.nhs.uk/pharmacies-gp-practices-and-appliance-contractors/serious-shortage-protocols-ssps,2026-09-22T14:33:43.052979
GB,United Kingdom,MHRA,NHSBSA (Serious Shortage Protocol),Adipine® XL 30mg MR tablets,,,tablets,,SSP084,,,2025-12-19,2026-02-06,2026-02-06,2026-01-23,resolved,,SSP withdrawn early,,https://www.nhsbsa.nhs.uk/pharmacies-gp-practices-and-appliance-contractors/serious-shortage-protocols-ssps,2026-09-22T14:33:43.053014
GB,United Kingdom,MHRA,NHSBSA (Serious Shortage Protocol),Venlafaxine 37.5mg modified release tablet,,,,,SSP083,,,2025-06-23,2025-08-01,2025-08-01,2025-07-22,resolved,,SSP withdrawn early,,https://www.nhsbsa.nhs.uk/pharmacies-gp-practices-and-appliance-contractors/serious-shortage-protocols-ssps,2026-09-22T14:33:43.053040
GB,United Kingdom,MHRA,NHSBSA (Serious Shortage Protocol),Cefalexin 250mg/5ml oral suspension sugar free,,,oral suspension,,SSP078,,,2025-05-08,2025-11-28,2025-11-28,,resolved,,,,https://www.nhsbsa.nhs.uk/pharmacies-gp-practices-and-appliance-contractors/serious-shortage-protocols-ssps,2026-09-22T14:33:43.053077
GB,United Kingdom,MHRA,NHSBSA (Serious Shortage Protocol),Cefalexin 125mg/5ml oral suspension sugar free,,,oral suspension,,SSP077,,,2024-12-10,2025-11-28,2025-11-28,,resolved,,,,https://www.nhsbsa.nhs.uk/pharmacies-gp-practices-and-appliance-contractors/serious-shortage-protocols-ssps,2026-09-22T14:33:43.053095
GB,United Kingdom,MHRA,NHSBSA (Serious Shortage Protocol),Nyzamac® SR 60mg capsules,,,capsules,,SSP076,,,2024-09-06,2024-11-08,2024-11-08,,resolved,,,,https://www.nhsbsa.nhs.uk/pharmacies-gp-practices-and-appliance-contractors/serious-shortage-protocols-ssps,2026-09-22T14:33:43.053113
GB,United Kingdom,MHRA,NHSBSA (Serious Shortage Protocol),Monomil® XL 60mg tablets,,,tablets,,SSP075,,,2024-09-06,2025-01-17,2025-01-17,,resolved,,,,https://www.nhsbsa.nhs.uk/pharmacies-gp-practices-and-appliance-contractors/serious-shortage-protocols-ssps,2026-09-22T14:33:43.053133
GB,United Kingdom,MHRA,NHSBSA (Serious Shortage Protocol),Monomax® XL 60mg tablets,,,tablets,,SSP074,,,2024-09-06,2024-11-15,2024-11-15,,resolved,,,,https://www.nhsbsa.nhs.uk/pharmacies-gp-practices-and-appliance-contractors/serious-shortage-protocols-ssps,2026-09-22T14:33:43.053151
GB,United Kingdom,MHRA,NHSBSA (Serious Shortage Protocol),Chemydur® 60XL tablets,,,tablets,,SSP073,,,2024-09-06,2024-10-11,2024-10-11,,resolved,,,,https://www.nhsbsa.nhs.uk/pharmacies-gp-practices-and-appliance-contractors/serious-shortage-protocols-ssps,2026-09-22T14:33:43.053173
GB,United Kingdom,MHRA,NHSBSA (Serious Shortage Protocol),Cefalexin 500mg tablets,,,tablets,,SSP072,,,2024-08-06,2024-09-27,2024-09-27,,resolved,,,,https://www.nhsbsa.nhs.uk/pharmacies-gp-practices-and-appliance-contractors/serious-shortage-protocols-ssps,2026-09-22T14:33:43.053193
GB,United Kingdom,MHRA,NHSBSA (Serious Shortage Protocol),Ramipril 2.5mg tablets,,,tablets,,SSP071,,,2024-08-06,2024-11-29,2024-11-29,,resolved,,,,https://www.nhsbsa.nhs.uk/pharmacies-gp-practices-and-appliance-contractors/serious-shortage-protocols-ssps,2026-09-22T14:33:43.053212
GB,United Kingdom,MHRA,NHSBSA (Serious Shortage Protocol),Quetiapine 300mg tablets substitution and restriction,,,tablets,,SSP070,,,2024-07-16,2024-09-13,2024-09-13,,resolved,,,,https://www.nhsbsa.nhs.uk/pharmacies-gp-practices-and-appliance-contractors/serious-shortage-protocols-ssps,2026-09-22T14:33:43.053229
GB,United Kingdom,MHRA,NHSBSA (Serious Shortage Protocol),Quetiapine 300mg tablets restriction,,,tablets,,SSP069,,,2024-07-16,2024-09-13,2024-09-13,,resolved,,,,https://www.nhsbsa.nhs.uk/pharmacies-gp-practices-and-appliance-contractors/serious-shortage-protocols-ssps,2026-09-22T14:33:43.053249
GB,United Kingdom,MHRA,NHSBSA (Serious Shortage Protocol),Quetiapine 300mg tablets substitution,,,tablets,,SSP068,,,2024-07-16,2024-09-13,2024-09-13,,resolved,,,,https://www.nhsbsa.nhs.uk/pharmacies-gp-practices-and-appliance-contractors/serious-shortage-protocols-ssps,2026-09-22T14:33:43.053279
GB,United Kingdom,MHRA,NHSBSA (Serious Shortage Protocol),Quetiapine 200mg tablets substitution and restriction,,,tablets,,SSP067,,,2024-07-16,2024-09-13,2024-09-13,,resolved,,,,https://www.nhsbsa.nhs.uk/pharmacies-gp-practices-and-appliance-contractors/serious-shortage-protocols-ssps,2026-09-22T14:33:43.053321
GB,United Kingdom,MHRA,NHSBSA (Serious Shortage Protocol),Quetiapine 200mg tablets restriction,,,tablets,,SSP066,,,2024-07-16,2024-09-13,2024-09-13,,resolved,,,,https://www.nhsbsa.nhs.uk/pharmacies-gp-practices-and-appliance-contractors/serious-shortage-protocols-ssps,2026-09-22T14:33:43.053351
GB,United Kingdom,MHRA,NHSBSA (Serious Shortage Protocol),Quetiapine 200mg tablets substitution,,,tablets,,SSP065,,,2024-07-16,2024-09-13,2024-09-13,,resolved,,,,https://www.nhsbsa.nhs.uk/pharmacies-gp-practices-and-appliance-contractors/serious-shortage-protocols-ssps,2026-09-22T14:33:43.053368
GB,United Kingdom,MHRA,NHSBSA (Serious Shortage Protocol),Quetiapine 150mg tablets substitution and restriction,,,tablets,,SSP064,,,2024-07-16,2024-09-13,2024-09-13,,resolved,,,,https://www.nhsbsa.nhs.uk/pharmacies-gp-practices-and-appliance-contractors/serious-shortage-protocols-ssps,2026-09-22T14:33:43.053385
GB,United Kingdom,MHRA,NHSBSA (Serious Shortage Protocol),Quetiapine 150mg tablets restriction,,,tablets,,SSP063,,,2024-07-16,2024-09-13,2024-09-13,,resolved,,,,https://www.nhsbsa.nhs.uk/pharmacies-gp-practices-and-appliance-contractors/serious-shortage-protocols-ssps,2026-09-22T14:33:43.053402
GB,United Kingdom,MHRA,NHSBSA (Serious Shortage Protocol),Quetiapine 150mg tablets substitution,,,tablets,,SSP062,,,2024-07-16,2024-09-13,2024-09-13,,resolved,,,,https://www.nhsbsa.nhs.uk/pharmacies-gp-practices-and-appliance-contractors/serious-shortage-protocols-ssps,2026-09-22T14:33:43.053419
GB,United Kingdom,MHRA,NHSBSA (Serious Shortage Protocol),Monomil® XL 60mg tablets,,,tablets,,SSP059,,,2024-03-26,2024-06-07,2024-06-07,,resolved,,,,https://www.nhsbsa.nhs.uk/pharmacies-gp-practices-and-appliance-contractors/serious-shortage-protocols-ssps,2026-09-22T14:33:43.053437
GB,United Kingdom,MHRA,NHSBSA (Serious Shortage Protocol),Jext® 300micrograms/0.3ml (1 in 1000) solution for injection auto-injector pen,,,solution for injection,,SSP058,,,2023-08-21,2023-10-27,2023-10-27,,resolved,,,,https://www.nhsbsa.nhs.uk/pharmacies-gp-practices-and-appliance-contractors/serious-shortage-protocols-ssps,2026-09-22T14:33:43.053464
GB,United Kingdom,MHRA,NHSBSA (Serious Shortage Protocol),Estradot® 100mcg patches,,,,,SSP057,,,2023-08-21,2023-12-08,2023-12-08,,resolved,,,,https://www.nhsbsa.nhs.uk/pharmacies-gp-practices-and-appliance-contractors/serious-shortage-protocols-ssps,2026-09-22T14:33:43.053497
GB,United Kingdom,MHRA,NHSBSA (Serious Shortage Protocol),Utrogestan® 100mg capsules,,,capsules,,SSP056,,,2023-05-19,2023-09-29,2023-09-29,,resolved,,,,https://www.nhsbsa.nhs.uk/pharmacies-gp-practices-and-appliance-contractors/serious-shortage-protocols-ssps,2026-09-22T14:33:43.053518
GB,United Kingdom,MHRA,NHSBSA (Serious Shortage Protocol),Estradot® 75mcg patches,,,,,SSP055,,,2023-04-13,2023-05-05,2023-05-05,,resolved,,,,https://www.nhsbsa.nhs.uk/pharmacies-gp-practices-and-appliance-contractors/serious-shortage-protocols-ssps,2026-09-22T14:33:43.053538
GB,United Kingdom,MHRA,NHSBSA (Serious Shortage Protocol),Clarithromycin 250mg/5ml oral suspension,,,oral suspension,,SSP054,,,2024-05-22,2024-07-19,2024-07-19,,resolved,,,,https://www.nhsbsa.nhs.uk/pharmacies-gp-practices-and-appliance-contractors/serious-shortage-protocols-ssps,2026-09-22T14:33:43.053562
GB,United Kingdom,MHRA,NHSBSA (Serious Shortage Protocol),Clarithromycin 125mg/5ml oral suspension,,,oral suspension,,SSP053,,,2024-05-22,2024-07-19,2024-07-19,,resolved,,,,https://www.nhsbsa.nhs.uk/pharmacies-gp-practices-and-appliance-contractors/serious-shortage-protocols-ssps,2026-09-22T14:33:43.053579
GB,United Kingdom,MHRA,NHSBSA (Serious Shortage Protocol),Progynova® TS 100mcg patches,,,,,SSP052,,,2023-03-28,2023-09-08,2023-09-08,2023-08-25,resolved,,SSP withdrawn early,,https://www.nhsbsa.nhs.uk/pharmacies-gp-practices-and-appliance-contractors/serious-shortage-protocols-ssps,2026-09-22T14:33:43.053597
GB,United Kingdom,MHRA,NHSBSA (Serious Shortage Protocol),Paracetamol 240mg suppositories,,,suppositories,,SSP051,,,2023-03-17,2023-05-12,2023-05-12,,resolved,,,,https://www.nhsbsa.nhs.uk/pharmacies-gp-practices-and-appliance-contractors/serious-shortage-protocols-ssps,2026-09-22T14:33:43.053630
GB,United Kingdom,MHRA,NHSBSA (Serious Shortage Protocol),Paracetamol 120mg suppositories,,,suppositories,,SSP050,,,2023-02-16,2023-05-12,2023-05-12,,resolved,,,,https://www.nhsbsa.nhs.uk/pharmacies-gp-practices-and-appliance-contractors/serious-shortage-protocols-ssps,2026-09-22T14:33:43.053649
GB,United Kingdom,MHRA,NHSBSA (Serious Shortage Protocol),Estradot® 100mcg patches,,,,,SSP049,,,2023-01-25,2023-03-17,2023-03-17,,resolved,,,2023-02-16,https://www.nhsbsa.nhs.uk/pharmacies-gp-practices-and-appliance-contractors/serious-shortage-protocols-ssps,2026-09-22T14:33:43.053670
GB,United Kingdom,MHRA,NHSBSA (Serious Shortage Protocol),Estradot® 50mcg patches,,,,,SSP048,,,2023-01-25,2023-02-24,2023-02-24,,resolved,,,2023-02-16,https://www.nhsbsa.nhs.uk/pharmacies-gp-practices-and-appliance-contractors/serious-shortage-protocols-ssps,2026-09-22T14:33:43.053710
GB,United Kingdom,MHRA,NHSBSA (Serious Shortage Protocol),Phenoxymethylpenicillin 250mg tablets,,,tablets,,SSP047,,,2022-12-16,2023-05-12,2023-05-12,,resolved,,,2023-01-31,https://www.nhsbsa.nhs.uk/pharmacies-gp-practices-and-appliance-contractors/serious-shortage-protocols-ssps,2026-09-22T14:33:43.053741
GB,United Kingdom,MHRA,NHSBSA (Serious Shortage Protocol),Phenoxymethylpenicillin 250mg/5ml oral solution sugar free,,,oral solution,,SSP046,,,2022-12-16,2023-05-12,2023-05-12,,resolved,,,2023-01-31,https://www.nhsbsa.nhs.uk/pharmacies-gp-practices-and-appliance-contractors/serious-shortage-protocols-ssps,2026-09-22T14:33:43.053772
GB,United Kingdom,MHRA,NHSBSA (Serious Shortage Protocol),Phenoxymethylpenicillin 250mg/5ml oral solution,,,oral solution,,SSP045,,,2022-12-16,2023-05-12,2023-05-12,,resolved,,,2023-01-31,https://www.nhsbsa.nhs.uk/pharmacies-gp-practices-and-appliance-contractors/serious-shortage-protocols-ssps,2026-09-22T14:33:43.053803
GB,United Kingdom,MHRA,NHSBSA (Serious Shortage Protocol),Phenoxymethylpenicillin 125mg/5ml oral solution sugar free,,,oral solution,,SSP044,,,2022-12-16,2023-05-12,2023-05-12,,resolved,,,2023-01-31,https://www.nhsbsa.nhs.uk/pharmacies-gp-practices-and-appliance-contractors/serious-shortage-protocols-ssps,2026-09-22T14:33:43.053833
GB,United Kingdom,MHRA,NHSBSA (Serious Shortage Protocol),Phenoxymethylpenicillin 125mg/5ml oral solution,,,oral solution,,SSP043,,,2022-12-16,2023-05-12,2023-05-12,,resolved,,,2023-01-31,https://www.nhsbsa.nhs.uk/pharmacies-gp-practices-and-appliance-contractors/serious-shortage-protocols-ssps,2026-09-22T14:33:43.053862
GB,United Kingdom,MHRA,NHSBSA (Serious Shortage Protocol),Phenoxymethylpenicillin 250mg/5ml oral solution,,,oral solution,,SSP042,,,2022-12-15,2023-05-12,2023-05-12,,resolved,,,,https://www.nhsbsa.nhs.uk/pharmacies-gp-practices-and-appliance-contractors/serious-shortage-protocols-ssps,2026-09-22T14:33:43.053891
GB,United Kingdom,MHRA,NHSBSA (Serious Shortage Protocol),Phenoxymethylpenicillin 250mg/5ml oral solution sugar free,,,oral solution,,SSP041,,,2022-12-15,2023-05-12,2023-05-12,,resolved,,,,https://www.nhsbsa.nhs.uk/pharmacies-gp-practices-and-appliance-contractors/serious-shortage-protocols-ssps,2026-09-22T14:33:43.053908
GB,United Kingdom,MHRA,NHSBSA (Serious Shortage Protocol),Phenoxymethylpenicillin 125mg/5ml oral solution sugar free,,,oral solution,,SSP040,,,2022-12-15,2023-05-12,2023-05-12,,resolved,,,,https://www.nhsbsa.nhs.uk/pharmacies-gp-practices-and-appliance-contractors/serious-shortage-protocols-ssps,2026-09-22T14:33:43.053926
GB,United Kingdom,MHRA,NHSBSA (Serious Shortage Protocol),atorvastatin (Lipitor® )20mg chewable tablets,,,tablets,,SSP039,,,2022-11-23,2023-02-03,2023-02-03,2023-01-27,resolved,,SSP withdrawn early,,https://www.nhsbsa.nhs.uk/pharmacies-gp-practices-and-appliance-contractors/serious-shortage-protocols-ssps,2026-09-22T14:33:43.053946
GB,United Kingdom,MHRA,NHSBSA (Serious Shortage Protocol),Estraderm MX® 75mcg patches substitution,,,,,SSP038,,,2022-11-15,2023-01-27,2023-01-27,,resolved,,,,https://www.nhsbsa.nhs.uk/pharmacies-gp-practices-and-appliance-contractors/serious-shortage-protocols-ssps,2026-09-22T14:33:43.053978
GB,United Kingdom,MHRA,NHSBSA (Serious Shortage Protocol),Estraderm MX® 50mcg patches substitution,,,,,SSP037,,,2022-11-15,2023-01-13,2023-01-13,2022-11-23,resolved,,SSP withdrawn early,,https://www.nhsbsa.nhs.uk/pharmacies-gp-practices-and-appliance-contractors/serious-shortage-protocols-ssps,2026-09-22T14:33:43.054000
GB,United Kingdom,MHRA,NHSBSA (Serious Shortage Protocol),Estraderm MX® 100mcg patches,,,,,SSP036,,,2022-09-08,2023-01-27,2023-01-27,,resolved,,,,https://www.nhsbsa.nhs.uk/pharmacies-gp-practices-and-appliance-contractors/serious-shortage-protocols-ssps,2026-09-22T14:33:43.054035
GB,United Kingdom,MHRA,NHSBSA (Serious Shortage Protocol),Estraderm MX® 25mcg patches,,,,,SSP035,,,2022-09-08,2022-10-14,2022-10-14,,resolved,,,,https://www.nhsbsa.nhs.uk/pharmacies-gp-practices-and-appliance-contractors/serious-shortage-protocols-ssps,2026-09-22T14:33:43.054056
GB,United Kingdom,MHRA,NHSBSA (Serious Shortage Protocol),Combisal® 125mcg/25mcg inhalers,,,inhaler,,SSP034,,,2022-07-22,2022-10-07,2022-10-07,,resolved,,,,https://www.nhsbsa.nhs.uk/pharmacies-gp-practices-and-appliance-contractors/serious-shortage-protocols-ssps,2026-09-22T14:33:43.054091
GB,United Kingdom,MHRA,NHSBSA (Serious Shortage Protocol),Paracetamol 120mg suppositories,,,suppositories,,SSP033,,,2022-05-31,2022-08-26,2022-08-26,,resolved,,,,https://www.nhsbsa.nhs.uk/pharmacies-gp-practices-and-appliance-contractors/serious-shortage-protocols-ssps,2026-09-22T14:33:43.054128
GB,United Kingdom,MHRA,NHSBSA (Serious Shortage Protocol),Atorvastatin (Lipitor® ) 10mg chewable tablets,,,tablets,,SSP032,,,2022-05-31,2023-05-12,2023-05-12,,resolved,,,,https://www.nhsbsa.nhs.uk/pharmacies-gp-practices-and-appliance-contractors/serious-shortage-protocols-ssps,2026-09-22T14:33:43.054166
GB,United Kingdom,MHRA,NHSBSA (Serious Shortage Protocol),Estradiol (Sandrena® ) 0.5mg and 1mg gel sachets substitution and restriction,,,sachets,,SSP031,,,2022-05-19,2023-05-12,2023-05-12,,resolved,,,,https://www.nhsbsa.nhs.uk/pharmacies-gp-practices-and-appliance-contractors/serious-shortage-protocols-ssps,2026-09-22T14:33:43.054203
GB,United Kingdom,MHRA,NHSBSA (Serious Shortage Protocol),Estradiol (Sandrena® ) 0.5mg and 1mg gel sachets substitution,,,sachets,,SSP030,,,2022-05-19,2023-05-12,2023-05-12,,resolved,,,,https://www.nhsbsa.nhs.uk/pharmacies-gp-practices-and-appliance-contractors/serious-shortage-protocols-ssps,2026-09-22T14:33:43.054238
GB,United Kingdom,MHRA,NHSBSA (Serious Shortage Protocol),Estradiol (Sandrena® ) 0.5mg and 1mg gel sachets restriction,,,sachets,,SSP029,,,2022-05-19,2023-05-12,2023-05-12,,resolved,,,,https://www.nhsbsa.nhs.uk/pharmacies-gp-practices-and-appliance-contractors/serious-shortage-protocols-ssps,2026-09-22T14:33:43.054259
GB,United Kingdom,MHRA,NHSBSA (Serious Shortage Protocol),Estradiol (Lenzetto® )1.53mg/dose transdermal spray substitution and restriction,,,,,SSP028,,,2022-05-19,2023-01-13,2023-01-13,,resolved,,,,https://www.nhsbsa.nhs.uk/pharmacies-gp-practices-and-appliance-contractors/serious-shortage-protocols-ssps,2026-09-22T14:33:43.054279
GB,United Kingdom,MHRA,NHSBSA (Serious Shortage Protocol),Estradiol (Lenzetto® )1.53mg/dose transdermal spray substitution,,,,,SSP027,,,2022-05-19,2023-01-13,2023-01-13,,resolved,,,,https://www.nhsbsa.nhs.uk/pharmacies-gp-practices-and-appliance-contractors/serious-shortage-protocols-ssps,2026-09-22T14:33:43.054300
GB,United Kingdom,MHRA,NHSBSA (Serious Shortage Protocol),Estradiol (Lenzetto® )1.53mg/dose transdermal spray restriction,,,,,SSP026,,,2022-05-19,2023-01-13,2023-01-13,,resolved,,,,https://www.nhsbsa.nhs.uk/pharmacies-gp-practices-and-appliance-contractors/serious-shortage-protocols-ssps,2026-09-22T14:33:43.054321
GB,United Kingdom,MHRA,NHSBSA (Serious Shortage Protocol),Estriol (Ovestin® 1mg cream) 0.1% cream substitution and restriction,,,cream,,SSP025,,,2022-05-19,2022-11-30,2022-11-30,,resolved,,,,https://www.nhsbsa.nhs.uk/pharmacies-gp-practices-and-appliance-contractors/serious-shortage-protocols-ssps,2026-09-22T14:33:43.054342
GB,United Kingdom,MHRA,NHSBSA (Serious Shortage Protocol),Estriol (Ovestin® 1mg cream) 0.1% cream substitution,,,cream,,SSP024,,,2022-05-19,2022-11-30,2022-11-30,,resolved,,,,https://www.nhsbsa.nhs.uk/pharmacies-gp-practices-and-appliance-contractors/serious-shortage-protocols-ssps,2026-09-22T14:33:43.054363
GB,United Kingdom,MHRA,NHSBSA (Serious Shortage Protocol),Estradiol (Oestrogel® Pump-Pack 0.06% gel) 0.06% gel (750microgram per actuation) substitution and restriction,,,,,SSP023,,,2022-05-19,2022-11-30,2022-11-30,,resolved,,,,https://www.nhsbsa.nhs.uk/pharmacies-gp-practices-and-appliance-contractors/serious-shortage-protocols-ssps,2026-09-22T14:33:43.054385
GB,United Kingdom,MHRA,NHSBSA (Serious Shortage Protocol),Estradiol (Oestrogel® Pump-Pack 0.06% gel) 0.06% gel (750microgram per actuation) substitution,,,,,SSP022,,,2022-05-19,2022-11-30,2022-11-30,,resolved,,,,https://www.nhsbsa.nhs.uk/pharmacies-gp-practices-and-appliance-contractors/serious-shortage-protocols-ssps,2026-09-22T14:33:43.054408
GB,United Kingdom,MHRA,NHSBSA (Serious Shortage Protocol),Premique® low dose 0.3mg/1.5mg modified-release tablets,,,modified-release tablets,,SSP021,,,2022-04-29,2022-07-29,2022-07-29,,resolved,,,,https://www.nhsbsa.nhs.uk/pharmacies-gp-practices-and-appliance-contractors/serious-shortage-protocols-ssps,2026-09-22T14:33:43.054430
GB,United Kingdom,MHRA,NHSBSA (Serious Shortage Protocol),Ovestin® 1mg cream restriction,,,cream,,SSP020,,,2022-04-29,2022-11-30,2022-11-30,,resolved,,,,https://www.nhsbsa.nhs.uk/pharmacies-gp-practices-and-appliance-contractors/serious-shortage-protocols-ssps,2026-09-22T14:33:43.054450
GB,United Kingdom,MHRA,NHSBSA (Serious Shortage Protocol),Oestrogel® Pump-Pack 0.06% gel restriction,,,,,SSP019,,,2022-04-29,2022-11-30,2022-11-30,,resolved,,,,https://www.nhsbsa.nhs.uk/pharmacies-gp-practices-and-appliance-contractors/serious-shortage-protocols-ssps,2026-09-22T14:33:43.054471
GB,United Kingdom,MHRA,NHSBSA (Serious Shortage Protocol),Salazopyrin® 500mg tablets,,,tablets,,SSP018,,,2022-03-16,2022-03-25,2022-03-25,,resolved,,,,https://www.nhsbsa.nhs.uk/pharmacies-gp-practices-and-appliance-contractors/serious-shortage-protocols-ssps,2026-09-22T14:33:43.054491
GB,United Kingdom,MHRA,NHSBSA (Serious Shortage Protocol),Atorvastatin (Lipitor® ) 20mg chewable tablets,,,tablets,,SSP017,,,2022-02-15,2022-04-05,2022-04-05,,resolved,,,,https://www.nhsbsa.nhs.uk/pharmacies-gp-practices-and-appliance-contractors/serious-shortage-protocols-ssps,2026-09-22T14:33:43.054510
GB,United Kingdom,MHRA,NHSBSA (Serious Shortage Protocol),Atorvastatin (Lipitor® ) 10mg chewable tablets,,,tablets,,SSP016,,,2022-02-15,2022-03-18,2022-03-18,,resolved,,,,https://www.nhsbsa.nhs.uk/pharmacies-gp-practices-and-appliance-contractors/serious-shortage-protocols-ssps,2026-09-22T14:33:43.054529
GB,United Kingdom,MHRA,NHSBSA (Serious Shortage Protocol),Paracetamol 120mg and 240mg suppositories,,,suppositories,,SSP015,,,2022-01-25,2022-03-04,2022-03-04,,resolved,,,,https://www.nhsbsa.nhs.uk/pharmacies-gp-practices-and-appliance-contractors/serious-shortage-protocols-ssps,2026-09-22T14:33:43.054549
GB,United Kingdom,MHRA,NHSBSA (Serious Shortage Protocol),Salazopyrin® 500mg EN tablets,,,tablets,,SSP014,,,2022-02-28,2022-04-01,2022-04-01,,resolved,,,,https://www.nhsbsa.nhs.uk/pharmacies-gp-practices-and-appliance-contractors/serious-shortage-protocols-ssps,2026-09-22T14:33:43.054570
GB,United Kingdom,MHRA,NHSBSA (Serious Shortage Protocol),Salazopyrin® 500mg EN tablets,,,tablets,,SSP014,,,2021-11-26,2022-01-21,2022-01-21,,resolved,,,,https://www.nhsbsa.nhs.uk/pharmacies-gp-practices-and-appliance-contractors/serious-shortage-protocols-ssps,2026-09-22T14:33:43.054591
GB,United Kingdom,MHRA,NHSBSA (Serious Shortage Protocol),Atorvastatin (Lipitor® ) 20mg chewable tablets,,,tablets,,SSP013,,,2021-11-18,2022-01-12,2022-01-12,,resolved,,,,https://www.nhsbsa.nhs.uk/pharmacies-gp-practices-and-appliance-contractors/serious-shortage-protocols-ssps,2026-09-22T14:33:43.054610
GB,United Kingdom,MHRA,NHSBSA (Serious Shortage Protocol),Estradot® 75microgram patches,,,,,SSP012,,,2021-04-29,2021-06-11,2021-06-11,,resolved,,,,https://www.nhsbsa.nhs.uk/pharmacies-gp-practices-and-appliance-contractors/serious-shortage-protocols-ssps,2026-09-22T14:33:43.054630
GB,United Kingdom,MHRA,NHSBSA (Serious Shortage Protocol),Competact 15mg/850mg tablets,,,tablets,,SSP011,,,2021-03-24,2021-05-14,2021-05-14,,resolved,,,,https://www.nhsbsa.nhs.uk/pharmacies-gp-practices-and-appliance-contractors/serious-shortage-protocols-ssps,2026-09-22T14:33:43.054650
GB,United Kingdom,MHRA,NHSBSA (Serious Shortage Protocol),Levothyroxine 12.5microgram tablets,,,tablets,,SSP010,,,2021-02-03,2021-04-01,2021-04-01,,resolved,,,,https://www.nhsbsa.nhs.uk/pharmacies-gp-practices-and-appliance-contractors/serious-shortage-protocols-ssps,2026-09-22T14:33:43.054667
GB,United Kingdom,MHRA,NHSBSA (Serious Shortage Protocol),Fluoxetine 40mg capsules,,,capsules,,SSP009,,,2021-01-29,2021-05-17,2021-05-17,,resolved,,,,https://www.nhsbsa.nhs.uk/pharmacies-gp-practices-and-appliance-contractors/serious-shortage-protocols-ssps,2026-09-22T14:33:43.054687
GB,United Kingdom,MHRA,NHSBSA (Serious Shortage Protocol),Salazopyrin 500mg EN tablets,,,tablets,,SSP008,,,2020-10-20,2021-03-08,2021-03-08,,resolved,,,,https://www.nhsbsa.nhs.uk/pharmacies-gp-practices-and-appliance-contractors/serious-shortage-protocols-ssps,2026-09-22T14:33:43.054704
GB,United Kingdom,MHRA,NHSBSA (Serious Shortage Protocol),Fluoxetine 30mg capsules,,,capsules,,SSP007,,,2020-10-20,2021-07-28,2021-07-28,,resolved,,,,https://www.nhsbsa.nhs.uk/pharmacies-gp-practices-and-appliance-contractors/serious-shortage-protocols-ssps,2026-09-22T14:33:43.054723
GB,United Kingdom,MHRA,NHSBSA (Serious Shortage Protocol),Fluoxetine 40mg capsules,,,capsules,,SSP06,,,2020-05-20,2020-10-02,2020-10-02,,resolved,,,,https://www.nhsbsa.nhs.uk/pharmacies-gp-practices-and-appliance-contractors/serious-shortage-protocols-ssps,2026-09-22T14:33:43.054741
GB,United Kingdom,MHRA,NHSBSA (Serious Shortage Protocol),Fluoxetine 10mg tablets,,,tablets,,SSP005,,,2020-03-12,2023-03-31,2023-03-31,,resolved,,,,https://www.nhsbsa.nhs.uk/pharmacies-gp-practices-and-appliance-contractors/serious-shortage-protocols-ssps,2026-09-22T14:33:43.054757
GB,United Kingdom,MHRA,NHSBSA (Serious Shortage Protocol),Haloperidol (Serenace) 500 microgram (mcg) capsules,,,capsules,,SSP04,,,2019-12-23,2020-03-23,2020-03-23,,resolved,,,,https://www.nhsbsa.nhs.uk/pharmacies-gp-practices-and-appliance-contractors/serious-shortage-protocols-ssps,2026-09-22T14:33:43.054776
GB,United Kingdom,MHRA,NHSBSA (Serious Shortage Protocol),Fluoxetine 40mg capsules,,,capsules,,SSP03,,,2019-10-03,2019-11-20,2019-11-20,,resolved,,,,https://www.nhsbsa.nhs.uk/pharmacies-gp-practices-and-appliance-contractors/serious-shortage-protocols-ssps,2026-09-22T14:33:43.054796
GB,United Kingdom,MHRA,NHSBSA (Serious Shortage Protocol),Fluoxetine 30mg capsules,,,capsules,,SSP02,,,2019-10-03,2019-12-18,2019-12-18,,resolved,,,,https://www.nhsbsa.nhs.uk/pharmacies-gp-practices-and-appliance-contractors/serious-shortage-protocols-ssps,2026-09-22T14:33:43.054815
GB,United Kingdom,MHRA,NHSBSA (Serious Shortage Protocol),Fluoxetine 10mg capsules,,,capsules,,SSP01,,,2019-10-03,2019-10-25,2019-10-25,,resolved,,,,https://www.nhsbsa.nhs.uk/pharmacies-gp-practices-and-appliance-contractors/serious-shortage-protocols-ssps,2026-09-22T14:33:43.054840
GB,United Kingdom,MHRA,MHRA CAS (National Patient Safety Alert - DHSC),"dinoprostone 3mg vaginal tablets and 1mg/2.5ml, 2mg/2.5ml vaginal gel",,,vaginal gel,,NatPSA/2026/003/DHSC,,,2026-04-08,,,,shortage,,,,https://www.cas.mhra.gov.uk/ViewandAcknowledgment/ViewAlert.aspx?AlertID=103276,2026-09-22T14:33:43.692046
GB,United Kingdom,MHRA,MHRA CAS (National Patient Safety Alert - DHSC),"Steriflex No. 109 (1L) and No. 171 (2L): Potassium Chloride 0.15%, Sodium Chloride 0.45%, Glucose 2.5% Bags",,,,,NatPSA/2026/001/DHSC,,,2026-01-14,,,,shortage,,,,https://www.cas.mhra.gov.uk/ViewandAcknowledgment/ViewAlert.aspx?AlertID=103273,2026-09-22T14:33:43.692558
GB,United Kingdom,MHRA,MHRA CAS (National Patient Safety Alert - DHSC),Licensed and Unlicensed Epidural Infusion Bags,,,infusion,,NatPSA/2025/007/DHSC,,,2025-12-02,,,,shortage,,,,https://www.cas.mhra.gov.uk/ViewandAcknowledgment/ViewAlert.aspx?AlertID=103271,2026-09-22T14:33:43.786499
GB,United Kingdom,MHRA,MHRA CAS (National Patient Safety Alert - DHSC),Antimicrobial Agents Used in Tuberculosis (TB) Treatment,,,,,NatPSA/2025/004/MVA,,,2025-07-29,,,,shortage,,,,https://www.cas.mhra.gov.uk/ViewandAcknowledgment/ViewAlert.aspx?AlertID=103267,2026-09-22T14:33:43.786608
GB,United Kingdom,MHRA,MHRA CAS (National Patient Safety Alert - DHSC),bumetanide 1mg tablets,,,tablets,,NatPSA/2025/003/DHSC,,,2025-07-03,,,,shortage,,,,https://www.cas.mhra.gov.uk/ViewandAcknowledgment/ViewAlert.aspx?AlertID=103264,2026-09-22T14:33:43.786690
GB,United Kingdom,MHRA,MHRA CAS (National Patient Safety Alert - DHSC),Promixin (colistimethate) 1-million unit powder for nebuliser solution unit dose vials,,,,,NatPSA/2025/001/DHSC,,,2025-03-17,,,,shortage,,,,https://www.cas.mhra.gov.uk/ViewandAcknowledgment/ViewAlert.aspx?AlertID=103261,2026-09-22T14:33:43.786765
GB,United Kingdom,MHRA,MHRA CAS (National Patient Safety Alert - DHSC),Pancreatic enzyme replacement therapy (PERT) - Additional actions,,,,,NatPSA/2024/013/DHSC,,,2024-12-18,,,,shortage,,,,https://www.cas.mhra.gov.uk/ViewandAcknowledgment/ViewAlert.aspx?AlertID=103260,2026-09-22T14:33:43.879259
GB,United Kingdom,MHRA,MHRA CAS (National Patient Safety Alert - DHSC),Molybdenum-99/Technetium99m generators,,,,,NatPSA/2024/012/DHSC,,,2024-10-25,,,,shortage,,,,https://www.cas.mhra.gov.uk/ViewandAcknowledgment/ViewAlert.aspx?AlertID=103258,2026-09-22T14:33:43.879323
GB,United Kingdom,MHRA,MHRA CAS (National Patient Safety Alert - DHSC),UPDATE: Discontinuation of Kay-Cee-L (potassium chloride 375mg/ml) (potassium chloride 5mmol/5ml) syrup,,,,,NatPSA/2024/011/DHSC,,,2024-10-21,,,,shortage,,,,https://www.cas.mhra.gov.uk/ViewandAcknowledgment/ViewAlert.aspx?AlertID=103257,2026-09-22T14:33:43.879370
GB,United Kingdom,MHRA,MHRA CAS (National Patient Safety Alert - DHSC),Human Albumin 4.5% and 5% dose vials,,,,,NatPSA/2024/009/DHSC,,,2024-07-30,,,,shortage,,,,https://www.cas.mhra.gov.uk/ViewandAcknowledgment/ViewAlert.aspx?AlertID=103255,2026-09-22T14:33:43.879417
GB,United Kingdom,MHRA,MHRA CAS (National Patient Safety Alert - DHSC),Kay-Cee-L (potassium chloride 375mg/5ml) (potassium chloride 5mmol/5ml) syrup,,,,,NatPSA/2024/008/DHSC,,,2024-07-26,,,,shortage,,,,https://www.cas.mhra.gov.uk/ViewandAcknowledgment/ViewAlert.aspx?AlertID=103254,2026-09-22T14:33:44.185040
GB,United Kingdom,MHRA,MHRA CAS (National Patient Safety Alert - DHSC),Pancreatic enzyme replacement therapy (PERT),,,,,NatPSA/2024/007/DHSC,,,2024-05-24,,,,shortage,,,,https://www.cas.mhra.gov.uk/ViewandAcknowledgment/ViewAlert.aspx?AlertID=103253,2026-09-22T14:33:44.185230
GB,United Kingdom,MHRA,MHRA CAS (National Patient Safety Alert - DHSC),Orencia ClickJect (abatacept) 125mg/1ml solution for injection pre-filled pens,,,solution for injection,,NatPSA/2024/006/DHSC,,,2024-05-23,,,,shortage,,,,https://www.cas.mhra.gov.uk/ViewandAcknowledgment/ViewAlert.aspx?AlertID=103252,2026-09-22T14:33:44.185303
GB,United Kingdom,MHRA,MHRA CAS (National Patient Safety Alert - DHSC),Erelzi (etanercept) 50mg solution for injection in pre-filled pen,,,solution for injection,,NatPSA/2024/005/MVA,,,2024-05-03,,,,shortage,,,,https://www.cas.mhra.gov.uk/ViewandAcknowledgment/ViewAlert.aspx?AlertID=103251,2026-09-22T14:33:44.185364
GB,United Kingdom,MHRA,MHRA CAS (National Patient Safety Alert - DHSC),salbutamol 2.5mg/2.5ml and 5mg/2.5ml nebuliser liquid unit dose vials,,,,,NatPSA/2024/003/DHSC_MVA,,,2024-02-26,,,,shortage,,,,https://www.cas.mhra.gov.uk/ViewandAcknowledgment/ViewAlert.aspx?AlertID=103248,2026-09-22T14:33:44.185433
GB,United Kingdom,MHRA,MHRA CAS (National Patient Safety Alert - DHSC),GLP-1 receptor agonists (GLP-1 RA) update,,,,,NatPSA/2024/001/DHSC,,,2024-01-03,,,,shortage,,,,https://www.cas.mhra.gov.uk/ViewandAcknowledgment/ViewAlert.aspx?AlertID=103245,2026-09-22T14:33:44.185488
GB,United Kingdom,MHRA,MHRA CAS (National Patient Safety Alert - DHSC),Potential for inappropriate dosing of insulin when switching insulin degludec (Tresiba) products,,,,,NatPSA/2023/016/DHSC,,,2023-12-08,,,,shortage,,,,https://www.cas.mhra.gov.uk/ViewandAcknowledgment/ViewAlert.aspx?AlertID=103242,2026-09-22T14:33:44.185545
GB,United Kingdom,MHRA,MHRA CAS (National Patient Safety Alert - DHSC),verteporfin 15mg powder for solution for injection,,,powder for solution for injection,,NatPSA/2023/012/DHSC,,,2023-09-28,,,,shortage,,,,https://www.cas.mhra.gov.uk/ViewandAcknowledgment/ViewAlert.aspx?AlertID=103239,2026-09-22T14:33:44.185601
GB,United Kingdom,MHRA,MHRA CAS (National Patient Safety Alert - DHSC),"methylphenidate prolonged-release capsules and tablets, lisdexamfetamine capsules, and guanfacine prolonged-release tablets",,,prolonged-release tablets,,NatPSA/2023/011/DHSC,,,2023-09-27,,,,shortage,,,,https://www.cas.mhra.gov.uk/ViewandAcknowledgment/ViewAlert.aspx?AlertID=103238,2026-09-22T14:33:44.185657
GB,United Kingdom,MHRA,MHRA CAS (National Patient Safety Alert - DHSC),GLP-1 receptor agonists,,,,,NatPSA/2023/008/DHSC,,,2023-07-18,,,,shortage,,,,https://www.cas.mhra.gov.uk/ViewandAcknowledgment/ViewAlert.aspx?AlertID=103235,2026-09-22T14:33:44.310594
GB,United Kingdom,MHRA,MHRA CAS (National Patient Safety Alert - DHSC),pyridostigmine 60mg tablets,,,tablets,,NatPSA/2023/006/DHSC,,,2023-05-24,,,,shortage,,,,https://www.cas.mhra.gov.uk/ViewandAcknowledgment/ViewAlert.aspx?AlertID=103233,2026-09-22T14:33:44.574890
GB,United Kingdom,MHRA,MHRA CAS (National Patient Safety Alert - DHSC),Licensed and Unlicensed Epidural Infusion Bags,,,infusion,,NatPSA/2023/002/CMU,,,2023-01-23,,,,shortage,,,,https://www.cas.mhra.gov.uk/ViewandAcknowledgment/ViewAlert.aspx?AlertID=103224,2026-09-22T14:33:44.575093
GB,United Kingdom,MHRA,MHRA CAS (National Patient Safety Alert - DHSC),alteplase and tenecteplase injections,,,injection,,NatPSA/2022/006/DHSC,,,2022-08-03,,,,shortage,,,,https://www.cas.mhra.gov.uk/ViewandAcknowledgment/ViewAlert.aspx?AlertID=103211,2026-09-22T14:33:44.575186
