country_code,country_name,source,product_no,medicine_name,atc_code,active_substance,package_size,strength,marketing_auth_holder,shortage_start,estimated_end,reason,notes,status,scraped_at,prk
GR,Greece,EOF,2801961802010,SALOFALK REC.SUS 4G/SINGLE DOSE BT X 7 FL X 60 ML,A07EC02,MESALAZINE,,,GALENICA ΑΕ,2026-09-04,2026-11-02,Καθυστέρηση παράδοσης,Εναλλακτικά άλλα σκευάσματα της ίδιας δραστικής και μορφής,shortage,2026-09-23T20:59:50.657974,24562
GR,Greece,EOF,2801961812040,SALOFALK GRANU-STIX PR.GRAN 3G/SACHET BTx30 (Sachets Polyester/Alu/PE),A07EC02,MESALAZINE,,,GALENICA ΑΕ,2026-10-30,2026-11-30,Προβλήματα στην παραγωγική διαδικασία,"Εναλλακτικά άλλα σκευάσματα της ίδιας δραστικής, ίδιας ή/και διαφορετικής μορφής και περιεκτικότητας",shortage,2026-09-23T20:59:50.657989,98353
GR,Greece,EOF,2802345701035,XENICAL CAPS 120MG/CAP BTX84(BLISTERS),A08AB01,ORLISTAT,,,"CHEPLAPHARM ARZNEIMITTEL GMBH, GREIFSWALD, GERMANY",2026-09-01,2026-10-15,Καθυστέρηση παράδοσης,,shortage,2026-09-23T20:59:50.657998,51535
GR,Greece,EOF,2802694103030,DIALOSA TABLET 3MG/TAB BTx 30 σε BLISTER PVC/ALUMINIUM,A10BB12,GLIMEPIRIDE,,,PHARMAPATH ABEE,2026-02-10,2026-10-15,Καθυστέρηση παράδοσης,"Εναλλακτικά άλλα σκευάσματα της ίδιας δραστικής, μορφής και περιεκτικότητας",shortage,2026-09-23T20:59:50.658006,44458
GR,Greece,EOF,2802694104037,DIALOSA TABLET 4MG/TAB BTx 30 σε BLISTER PVC/ALUMINIUM,A10BB12,GLIMEPIRIDE,,,PHARMAPATH ABEE,2026-09-01,2026-10-31,Καθυστέρηση παράδοσης,"Εναλλακτικά άλλα σκευάσματα της ίδιας δραστικής, μορφής και περιεκτικότητας",shortage,2026-09-23T20:59:50.658013,44466
GR,Greece,EOF,2803256102034,SITAGLIPTIN+METFORMIN/PHARMAZAC F.C.TAB (50+1000)MG/TAB BT X 56 TABS ΣΕ PVC/PE/PVDC//ALU BLISTERS,A10BD07,"SITAGLIPTIN HYDROCHLORIDE MONOHYDRATE, METFORMIN HYDROCHLORIDE",,,PHARMAZAC AE,2025-08-26,2026-09-30,Καθυστέρηση παράδοσης,"Εναλλακτικά άλλα σκευάσματα των ίδιων δραστικών, της ίδιας μορφής και ίδιων περιεκτικοτήτων",shortage,2026-09-23T20:59:50.658020,218154
GR,Greece,EOF,2803256101037,SITAGLIPTIN+METFORMIN/PHARMAZAC F.C.TAB (50+850)MG/TAB BT X 56 TABS ΣΕ PVC/PE/PVDC//ALU BLISTERS,A10BD07,"SITAGLIPTIN HYDROCHLORIDE MONOHYDRATE, METFORMIN HYDROCHLORIDE",,,PHARMAZAC AE,2024-11-13,2026-09-30,Προβλήματα στην παραγωγική διαδικασία,"Εναλλακτικά άλλα σκευάσματα των ίδιων δραστικών, της ίδιας μορφής και ίδιων περιεκτικοτήτων",shortage,2026-09-23T20:59:50.658027,218162
GR,Greece,EOF,2803226102026,VEDFA® F.C.TAB (50+1000)MG/TAB BT X 60 TABS (ΣΕ BLISTER PVC/PCTFE TRASPARENT-ALU),A10BD08,"VILDAGLIPTIN, METFORMIN HYDROCHLORIDE",,,ΦΑΡΜΑΤΕΝ ΑΒΕΕ,2025-12-16,2026-09-30,Αυξημένη ζήτηση,"Εναλλακτικά άλλα σκευάσματα των ίδιων δραστικών, της ίδιας μορφής και ίδιων περιεκτικοτήτων",shortage,2026-09-23T20:59:50.658034,85952
GR,Greece,EOF,2803226101029,VEDFA® F.C.TAB (50+850)MG/TAB BT X 60 TABS (ΣΕ BLISTER PVC/PCTFE TRASPARENT-ALU),A10BD08,"VILDAGLIPTIN, METFORMIN HYDROCHLORIDE",,,ΦΑΡΜΑΤΕΝ ΑΒΕΕ,2025-06-30,2026-09-30,Αυξημένη ζήτηση,"Εναλλακτικά άλλα σκευάσματα των ίδιων δραστικών, της ίδιας μορφής και ίδιων περιεκτικοτήτων",shortage,2026-09-23T20:59:50.658083,85960
GR,Greece,EOF,2800194302021,"SOPALAMIN-3B F.C.TAB (250+125+0,250)MG/TAB BTx30 (BLIST 3x10)",A11DB,"THIAMINE HYDROCHLORIDE, PYRIDOXINE HYDROCHLORIDE, CYANOCOBALAMINE",,,IASIS PHARMA,2026-07-02,2026-09-30,Προβλήματα στην παραγωγική διαδικασία,"Εναλλακτικά άλλα σκευάσματα της ίδιας δραστικής, μορφής και περιεκτικότητας",shortage,2026-09-23T20:59:50.658095,
GR,Greece,EOF,2802233901059,CALCIORAL CHW.TAB 500MG/TAB FL x 60 (σε πλαστικό φιαλίδιο),A12AA04,CALCIUM CARBONATE,,,"CHEPLAPHARM ARZNEIMITTEL GMBH, GREIFSWALD, GERMANY",2026-07-24,2026-09-30,Καθυστέρηση παράδοσης,"Εναλλακτικά άλλα σκευάσματα της ίδιας δραστικής, μορφής και περιεκτικότητας",shortage,2026-09-23T20:59:50.658103,39632
GR,Greece,EOF,2802237102032,"CALCIFORM EF.TAB 1,25(0,5)G/TAB BTx60 (3 Σωληνάρια x 20)",A12AA04,CALCIUM CARBONATE,,,IASIS PHARMA,2026-07-31,2026-10-31,Αυξημένη ζήτηση,"Εναλλακτικά άλλα σκευάσματα της ίδιας δραστικής, μορφής και περιεκτικότητας",shortage,2026-09-23T20:59:50.658110,27812
GR,Greece,EOF,2802859001010,CALCIFORM D3/IASIS EF.TAB (1000MG+880 IU)/TAB BTx30 (TUB3x10),A12AX,"CALCIUM CARBONATE, CHOLECALCIFEROL",,,IASIS PHARMA,2026-07-31,2026-10-31,Αυξημένη ζήτηση,"Εναλλακτικά άλλα σκευάσματα των ίδιων δραστικών, της ίδιας μορφής, ίδιων ή/και διαφορετικών περιεκτικοτήτων",shortage,2026-09-23T20:59:50.658116,
GR,Greece,EOF,2803195701022,OVERMAG® ORAL.SOL 324.43(24.3Mg++)MG/ML BTx1 bottle,,νM)xA2G0N0E.0SmIUlM,,,PROMOPHARMA A.E./PROMOPHARMA S.A.,2025-12-15,2027-08-31,Προβλήματα στην παραγωγική διαδικασία,"Εναλλακτικά άλλο σκεύασμα της ίδιας δραστικής, αλλά διαφορετικής μορφής",shortage,2026-09-23T20:59:50.658123,
GR,Greece,EOF,2801964111027,"CLEXANE INJ.SOL 15000anti-XaIU/1,0ML PF.SYR BT x10PF.SYR.x1,0ML",B01AB05,ENOXAPARIN SODIUM,,,SANOFI,2026-08-12,2026-09-12,Καθυστέρηση παράδοσης,Εναλλακτικά άλλα σκευάσματα της ίδιας δραστικής και μορφής,shortage,2026-09-23T20:59:50.658129,
GR,Greece,EOF,2802885501058,THROIMPER F.C.TAB 75MG/TAB BT X 30 X75MG (BLISTERS PVC/PE/PVDC 3X10),B01AC04,CLOPIDOGREL HYDROGEN SULPHATE,,,MEDIAPHARM ΕΠΕ,2025-05-15,2026-09-30,Καθυστέρηση παράδοσης,"Εναλλακτικά άλλα σκευάσματα της ίδιας δραστικής, μορφής και περιεκτικότητας",shortage,2026-09-23T20:59:50.658135,124559
GR,Greece,EOF,2800436902026,PERSANTIN C.TAB 75MG/TAB BTX30 (BLIST 2X15) (PVC/PVDC),B01AC07,DIPYRIDAMOLE,,,"GLENWOOD GESELLSCHAFT MIT BESCHRANKTER HAFTUNG PHARMAZEUTISCHE ERZEUGNISSE, GERMANY",2026-05-12,2027-12-31,Καθυστέρηση παράδοσης,Εναλλακτικά το ίδιο φάρμακο μέσω έκτακτης εισαγωγής με ξενόγλωσση συσκευασία,shortage,2026-09-23T20:59:50.658142,
GR,Greece,EOF,2803022001011,AGGRAFIBAN C/S.SOL.IN 0.25MG/ML 1 BOTTLE x 50 ML,B01AC17,TIROFIBAN HYDROCHLORIDE MONOHYDRATE,,,"WIN MEDICA A.E., ΕΛΛΑΔΑ",2026-05-20,2026-09-15,Καθυστέρηση παράδοσης,Εναλλακτικά μέσω έκτακτης εισαγωγής,shortage,2026-09-23T20:59:50.658148,58742
GR,Greece,EOF,2802433302014,"AGGRASTAT C/S.SOL.IN 0,25MG/ML(0,025%) BTx1VIALx50ML",B01AC17,TIROFIBAN HYDROCHLORIDE MONOHYDRATE,,,ΒΙΑΝΕΞ Α.Ε.,2026-07-23,2026-09-18,Καθυστέρηση παράδοσης,Εναλλακτικά μέσω έκτακτης εισαγωγής,shortage,2026-09-23T20:59:50.658153,58742
GR,Greece,EOF,2803053101018,CILOSTAZOL/GALENICA TABLET 100MG/TAB BTx56 (PVC/Alu blisters),B01AC23,CILOSTAZOL,,,GALENICA ΑΕ,2026-09-30,2026-10-30,Ποιοτικό πρόβλημα - Δραστική ουσία,"Εναλλακτικά άλλα σκευάσματα της ίδιας δραστικής, μορφής και περιεκτικότητας",shortage,2026-09-23T20:59:50.658159,
GR,Greece,EOF,2803317602077,DABIGATRAN ETEXILATE/VIATRIS CAPS 110MG/CAP BT X 60 X 1 CAPS ΣΕ ALUMINIUM-OPA/ALU/PVC PERFORATED UNIT DOSE BLISTERS - PACKS,B01AE07,DABIGATRAN ETEXILATE MESILATE,,,"VIATRIS LIMITED, IRELAND",2026-07-01,2026-10-31,Καθυστέρηση παράδοσης,"Εναλλακτικά άλλα σκευάσματα της ίδιας δραστικής, μορφής και περιεκτικότητας",shortage,2026-09-23T20:59:50.658165,86991
GR,Greece,EOF,2803153901310,RIVAROXABAN/SANDOZ F.C.TAB 10MG/TAB BTx10 tabs (10x1) σε blister (PVC/PVDC/AL),B01AF01,RIVAROXABAN,,,"SANDOZ PHARMACEUTICALS D.D. (ABBR. SANDOZ D.D.), SLOVENIA",2026-07-03,2026-10-31,Καθυστέρηση παράδοσης,"Εναλλακτικά το ίδιο φάρμακο σε διαφορετική συσκευασία. Εναλλακτικά άλλα σκευάσματα της ίδιας δραστικής, μορφής και περιεκτικότητας",shortage,2026-09-23T20:59:50.658171,88862
GR,Greece,EOF,2803101201011,FIBCLOT P.SV.INJ.F 1.5G/100ML BTx1 VIAL (POWDER) + 1 VIAL (SOLVENT) x 100ML + TRANSFER SYSTEM + σετ έγχυσης,B02BB01,HUMAN FIBRINOGEN,,,LAB.FRANCAIS DU FRACTIONNEMENT ET DES BIOTECHNOLOGIES (LFB),2026-07-06,2026-12-31,Καθυστέρηση παράδοσης,Εναλλακτικά μέσω έκτακτης εισαγωγής,shortage,2026-09-23T20:59:50.658177,229229
GR,Greece,EOF,2802646506018,ADVATE PS.INJ.SOL 3000IU/VIAL BTx1VIAL+1VIAL x5ML SOLV+ΣΥΣΚΕΥΗ ΑΝΑΣΥΣΤΑΣΗΣ,B02BD02,OCTOCOG ALFA,,,"TAKEDA MANUFACTURING AUSTRIA AG, AUSTRIA",2026-10-13,2026-12-31,Καθυστέρηση παράδοσης,"Εναλλακτικά άλλα σκευάσματα της ίδιας δραστικής, μορφής και περιεκτικότητας",shortage,2026-09-23T20:59:50.658183,
GR,Greece,EOF,2803106204017,RIXUBIS PS.INJ.SOL 2000 IU/VIAL BTx1 VIAL + 1 VIAL x 5ml SOLV +1 συσκευή για ανασύσταση BAXJECTII,B02BD04,NONACOG GAMMA,,,"BAXALTA INNOVATIONS GMBH, AUSTRIA",2026-10-01,2026-12-31,Καθυστέρηση παράδοσης,"Εναλλακτικά άλλα σκευάσματα της ίδιας δραστικής, μορφής και περιεκτικότητας",shortage,2026-09-23T20:59:50.658189,129070
GR,Greece,EOF,2803106203010,RIXUBIS PS.INJ.SOL 1000 IU/VIAL BTx1 VIAL + 1 VIAL x 5ml SOLV +1 συσκευή για ανασύσταση BAXJECTII,B02BD04,NONACOG GAMMA,,,"BAXALTA INNOVATIONS GMBH, AUSTRIA",2026-10-13,2026-12-31,Καθυστέρηση παράδοσης,"Εναλλακτικά άλλα σκευάσματα της ίδιας δραστικής, μορφής και περιεκτικότητας",shortage,2026-09-23T20:59:50.658195,129062
GR,Greece,EOF,2802988602010,ZAOFER EF.TAB 695MG (80.5 MGFE++)/TAB BTX1 (TUBX10),B03AA03,FERROUS GLUCONATE,,,PHARMAZAC AE,2025-06-26,2026-09-07,Ποιοτικό πρόβλημα - Δραστική ουσία,"Εναλλακτικά άλλα σκευάσματα της ίδιας δραστικής ουσίας, μορφής και περιεκτικότητας",shortage,2026-09-23T20:59:50.658201,39942
GR,Greece,EOF,2802988602034,ZAOFER EF.TAB 695MG (80.5 MGFE++)/TAB BTX3 (TUBX10),B03AA03,FERROUS GLUCONATE,,,PHARMAZAC AE,2025-02-12,2026-09-07,Καθυστέρηση παράδοσης,"Εναλλακτικά άλλα σκευάσματα της ίδιας δραστικής ουσίας, μορφής και περιεκτικότητας",shortage,2026-09-23T20:59:50.658207,39942
GR,Greece,EOF,2802988601020,"ZAOFER PD.ORA.SOL 300MG (37,5MG FE++)/SACHET BTX20 SACHETS",B03AA03,FERROUS GLUCONATE,,,PHARMAZAC AE,2025-02-12,2026-09-07,Καθυστέρηση παράδοσης,"Εναλλακτικά άλλα σκευάσματα της ίδιας δραστικής, μορφής και περιεκτικότητας",shortage,2026-09-23T20:59:50.796226,39942
GR,Greece,EOF,2803115203049,"EPOETIN ALFA HEXAL INJ.SO.PFS 3000 IU/0,3 ML BTx6 PF.SYR x 0,3 ML με προστατευτικό κάλυμμα βελόνης",B03XA01,EPOETIN ALFA (RECOMBINANT),,,HEXAL AG GERMANY,2026-05-08,2026-09-18,Προβλήματα στην παραγωγική διαδικασία,"Εναλλακτικά άλλα σκευάσματα της ίδιας δραστικής, μορφής και περιεκτικότητας",shortage,2026-09-23T20:59:50.796236,43001
GR,Greece,EOF,2802859507024,"ABSEAMED INJ.SO.PFS 8000IU/0,8ML PF.SYR BTx 6 PF.SYR",B03XA01,EPOETIN ALFA (RECOMBINANT),,,"MEDICE ARZNEIMITTEL PUTTER GMBH & CO KG, ISERLOHN, GERMANY",2026-06-04,2026-12-31,Καθυστέρηση παράδοσης,"Εναλλακτικά άλλα σκευάσματα της ίδιας δραστικής, μορφής και περιεκτικότητας",shortage,2026-09-23T20:59:50.796243,58424
GR,Greece,EOF,2802859503026,"ABSEAMED INJ.SO.PFS 3000IU/0,3ML PF.SYR BTx 6 PF.SYR",B03XA01,EPOETIN ALFA (RECOMBINANT),,,"MEDICE ARZNEIMITTEL PUTTER GMBH & CO KG, ISERLOHN, GERMANY",2026-06-24,2026-12-31,Καθυστέρηση παράδοσης,Εναλλακτικά άλλα σκευάσματα της ίδιας δραστικής και μορφής,shortage,2026-09-23T20:59:50.796250,43001
GR,Greece,EOF,2802843503025,"BINOCRIT INJ.SO.PFS 3000IU/0,3ML PF.SYR BT x 6",B03XA01,EPOETIN ALFA (RECOMBINANT),,,"SANDOZ GMBH, KUNDL, AUSTRIA",2026-06-30,2026-09-15,Προβλήματα στην παραγωγική διαδικασία,Εναλλακτικά άλλα σκευάσματα της ίδιας δραστικής και μορφής,shortage,2026-09-23T20:59:50.796256,
GR,Greece,EOF,2802859508021,"ABSEAMED INJ.SO.PFS 10000IU/1,0ML PF.SYR BTx 6 PF.SYR",B03XA01,EPOETIN ALFA (RECOMBINANT),,,"MEDICE ARZNEIMITTEL PUTTER GMBH & CO KG, ISERLOHN, GERMANY",2026-07-06,2026-09-30,Καθυστέρηση παράδοσης,"Εναλλακτικά άλλα σκευάσματα της ίδιας δραστικής, μορφής και περιεκτικότητας",shortage,2026-09-23T20:59:50.796263,43036
GR,Greece,EOF,2802843507023,"BINOCRIT INJ.SO.PFS 8000IU/0,8ML PF.SYR BT x 6",B03XA01,EPOETIN ALFA (RECOMBINANT),,,"SANDOZ GMBH, KUNDL, AUSTRIA",2026-07-20,2026-09-15,Προβλήματα στην παραγωγική διαδικασία,Εναλλακτικά άλλα σκευάσματα της ίδιας δραστικής και μορφής,shortage,2026-09-23T20:59:50.796269,
GR,Greece,EOF,2803115208044,"EPOETIN ALFA HEXAL INJ.SO.PFS 10000 IU/1,0 ML BTx6 PF.SYR x 1,0 ML με προστατευτικό κάλυμμα βελόνης",B03XA01,EPOETIN ALFA (RECOMBINANT),,,HEXAL AG GERMANY,2026-08-17,2026-10-31,Προβλήματα στην παραγωγική διαδικασία,"Εναλλακτικά άλλα σκευάσματα της ίδιας δραστικής, μορφής και περιεκτικότητας",shortage,2026-09-23T20:59:50.796275,43036
GR,Greece,EOF,2802859506027,"ABSEAMED INJ.SO.PFS 6000IU/0,6ML PF.SYR BTx 6 PF.SYR",B03XA01,EPOETIN ALFA (RECOMBINANT),,,"MEDICE ARZNEIMITTEL PUTTER GMBH & CO KG, ISERLOHN, GERMANY",2026-07-16,2026-12-31,Καθυστέρηση παράδοσης,"Εναλλακτικά άλλα σκευάσματα της ίδιας δραστικής, μορφής και περιεκτικότητας",shortage,2026-09-23T20:59:50.796281,58416
GR,Greece,EOF,2802859504023,"ABSEAMED INJ.SO.PFS 4000IU/0,4ML PF.SYR BTx 6 PF.SYR",B03XA01,EPOETIN ALFA (RECOMBINANT),,,"MEDICE ARZNEIMITTEL PUTTER GMBH & CO KG, ISERLOHN, GERMANY",2026-07-20,2026-12-31,Καθυστέρηση παράδοσης,"Εναλλακτικά άλλα σκευάσματα της ίδιας δραστικής, μορφής και περιεκτικότητας",shortage,2026-09-23T20:59:50.796287,86347
GR,Greece,EOF,2802587601018,ALBUMINE LFB SOL.INF 20% BTx1 VIALx50 ML,B05AA01,ALBUMIN HUMAN,,,ΒΙΑΝΕΞ Α.Ε.,2026-02-26,2026-10-31,Καθυστέρηση παράδοσης,"Εναλλακτικά άλλα σκευάσματα της ίδιας δραστικής, μορφής και περιεκτικότητας",shortage,2026-09-23T20:59:50.796293,69671
GR,Greece,EOF,2802334901033,"GELOFUSINE SOL.IV.INF 4%+0,701%+0,136% BTX10ECOFLAC ΤΩΝ 500ML",B05AA06,GELATIN AGENTS,,,ΒΙΟΣΕΡ Α.Ε.,2026-05-11,2026-10-31,Προβλήματα στην παραγωγική διαδικασία,Εναλλακτικά μέσω έκτακτης εισαγωγής με ξενόγλωσση συσκευασία,shortage,2026-09-23T20:59:50.796300,47074
GR,Greece,EOF,2801757301017,"LACTATED RINGER`S INJECTION/FRESENIUS SOL.INF (3,1+0,3+6+0,2)G BOTTLE (PP x1000 ML)",B05BB01,CALCIUM CHLORIDE DIHYDRATE,,,"FRESENIUS KABI HELLAS ΜΟΝΟΠΡΟΣΩΠΗ Α.Ε., ΕΛΛΑΔΑ",2026-03-12,2026-09-30,Καθυστέρηση παράδοσης,Εναλλακτικά άλλα όμοια σκευάσματα με τις ίδιες ενδείξεις,shortage,2026-09-23T20:59:50.796306,46418
GR,Greece,EOF,2801757301031,"LACTATED RINGER`S INJECTION/FRESENIUS SOL.INF (3,1+0,3+6+0,2)G BOTTLE (PP x500 ML)",B05BB01,CALCIUM CHLORIDE DIHYDRATE,,,"FRESENIUS KABI HELLAS ΜΟΝΟΠΡΟΣΩΠΗ Α.Ε., ΕΛΛΑΔΑ",2026-03-12,2026-09-30,Καθυστέρηση παράδοσης,Εναλλακτικά άλλα όμοια σκευάσματα με τις ίδιες ενδείξεις,shortage,2026-09-23T20:59:50.796312,46426
GR,Greece,EOF,2800227901016,SOLUVIT PD.SOL.INF BTX10 VIALS X 10 ML & 10 ΠΛΑΣΤΙΚΈΣ ΘΗΚΕΣ ΓΙΑ ΤΗΝ ΠΡΟΣΤΑΣΊΑ ΤΟΥ ΑΝΑΣΥΣΤΑΘΕΝΤΟΣ ΔΙΑΛΥΜΑΤΟΣ ΑΠΟ ΤΟ ΦΩΣ,B05XC,"RIBOFLAVINE-5- PHOSPHATE, SODIUM SALT",,,"FRESENIUS KABI HELLAS ΜΟΝΟΠΡΌΣΩΠΗ Α.Ε., ΕΛΛΑΔΑ",2026-01-19,2026-12-31,Προβλήματα στην παραγωγική διαδικασία,Εναλλακτικά όμοιο προϊόν μέσω έκτακτης εισαγωγής,shortage,2026-09-23T20:59:50.796319,
GR,Greece,EOF,2803343201015,OXBRYTA F.C.TAB 500 MG/TAB BT X 1 ΦΙΑΛΗ (HDPE) X 90 ΔΙΣΚΙΑ,B06AX03,VOXELOTOR,,,"PFIZER EUROPE MA EEIG, BELGIUM",2024-09-24,2026-10-31,Πρόβλημα ασφάλειας χρήσης φαρμάκου,Εναλλακτικά μέσω έκτακτης εισαγωγής,shortage,2026-09-23T20:59:50.796325,
GR,Greece,EOF,2803176701010,DIGOXIN/JUVISE TABLET 0.25MG/TAB ΒΤΧ25,C01AA05,DIGOXIN,,,"LABORATOIRES JUVISE PHARMACEUTICALS, FRANCE",2026-10-15,2026-11-15,Καθυστέρηση παράδοσης,Εναλλακτικά μέσω έκτακτης εισαγωγής,shortage,2026-09-23T20:59:50.796331,5932
GR,Greece,EOF,2801723502011,INOTREX SOL.INF 250MG/20ML VIAL BTx1VIALx20ML,C01CA07,DOBUTAMINE HYDROCHLORIDE,,,"ΦΑΡΜΑΣΕΡΒ ΕΛΛΑΣ Α.Ε.Β.Ε., ΕΛΛΑΔΑ",2026-05-21,2026-09-30,Καθυστέρηση παράδοσης,Εναλλακτικά άλλο σκεύασμα της ίδιας δραστικής και μορφής,shortage,2026-09-23T20:59:50.796338,45241
GR,Greece,EOF,2803110901018,ADRENALINE/ARITI INJ.SOL 1MG/ML AMP BTx5 (AMP x1 ML) (Σκουρόχρωμες υάλινες φύσιγγες ) (ύαλος τυπου Ι)),C01CA24,EPINEPHRINE,,,ΑΡΗΤΗ A.E.,2026-06-15,2026-11-01,Προβλήματα στην παραγωγική διαδικασία,"Εναλλακτικά άλλα σκευάσματα της ίδιας δραστικής, μορφής και περιεκτικότητας",shortage,2026-09-23T20:59:50.796344,145416
GR,Greece,EOF,2803289801010,LEVOSIMENDAN/WIN MEDICA C/S.SOL.IN 2.5MG/ML BT X 1 VIAL X 5ML,C01CX08,LEVOSIMENDAN,,,"WIN MEDICA A.E., ΕΛΛΑΔΑ",2026-04-17,2026-12-01,Προβλήματα στην παραγωγική διαδικασία,"Εναλλακτικά άλλο σκεύασμα της ίδιας δραστικής, μορφής και περιεκτικότητας",shortage,2026-09-23T20:59:50.796351,210307
GR,Greece,EOF,2800219102032,"CATAPRESAN TABLET 0,150MG/TAB BTX30 (BLIST 3X10) ΣΕ BLISTERS WHITE OPAQUE PVC/PVDC-ALU",C02AC01,CLONIDINE HYDROCHLORIDE,,,"GLENWOOD GESELLSCHAFT MIT BESCHRANKTER HAFTUNG PHARMAZEUTISCHE ERZEUGNISSE, GERMANY",2026-04-27,2027-12-31,Καθυστέρηση παράδοσης,Εναλλακτικά μέσω έκτακτης εισαγωγής,shortage,2026-09-23T20:59:50.796357,4324
GR,Greece,EOF,2802258901058,"FISIOTENS F.C.TAB 0,2MG/TAB BT x 28 (BLIST 2 x14)",C02AC05,MOXONIDINE,,,"VIATRIS HEALTHCARE LIMITED, IRELAND",2026-07-01,2026-09-15,Καθυστέρηση παράδοσης,"Εναλλακτικά το ίδιο ή διαφορετικό σκεύασμα της ίδιας μορφής, διαφορετικής περιεκτικότητας",shortage,2026-09-23T20:59:50.796364,42617
GR,Greece,EOF,2802232001026,"CYNT F.C.TAB 0,2MG/TAB BTx20 (BLIST 1x20)",C02AC05,MOXONIDINE,,,"VIATRIS HEALTHCARE LIMITED, IRELAND",2026-07-01,2026-09-15,Καθυστέρηση παράδοσης,"Εναλλακτικά το ίδιο ή διαφορετικό σκεύασμα της ίδιας μορφής, διαφορετικής περιεκτικότητας",shortage,2026-09-23T20:59:50.796370,42617
GR,Greece,EOF,2801265402015,ALDACTONE F.C.TAB 100MG/TAB ΒΤ x 20,C03DA01,SPIRONOLACTONE,,,PFIZER ΕΛΛΑΣ Α.Ε.,2026-09-07,2026-09-25,Καθυστέρηση παράδοσης,Εναλλακτικά άλλα σκευάσματα της ίδιας κατηγορίας C03DA-Ανταγωνιστές αλδοστερόνης με τις ίδιες ενδείξεις,shortage,2026-09-23T20:59:50.796377,3778
GR,Greece,EOF,2802650002025,INSPRA F.C.TAB 50MG/TAB BTx20 (σε Blisters PVC/AL),C03DA04,EPLERENONE,,,"VIATRIS HELLAS LTD, ΕΛΛΑΔΑ",2026-08-31,2026-10-20,Καθυστέρηση παράδοσης,"Εναλλακτικά άλλα σκευάσματα της ίδιας δραστικής, μορφής και περιεκτικότητας",shortage,2026-09-23T20:59:50.796383,73458
GR,Greece,EOF,2803382705031,POKYDY TABLET 90MG/TAB BT X 56 TABS (4 ΚΥΨΕΛΕΣ ΜΕ 7 Χ 30MG TABS ΚΑΙ 7 Χ 90MG TABS) ΣΕ ΚΥΨΕΛΕΣ ALU/PVC/ALU/OPA,C03XA01,TOLVAPTAN,,,"EXCESS MED, ΕΛΛΑΔΑ",2026-07-02,2026-09-15,Καθυστέρηση παράδοσης,"Εναλλακτικά άλλο σκεύασμα της ίδιας δραστικής, μορφής και περιεκτικότητας",shortage,2026-09-23T20:59:50.796389,
GR,Greece,EOF,2803382704034,POKYDY TABLET 60MG/TAB BT X 56 TABS (4 ΚΥΨΕΛΕΣ ΜΕ 7 Χ 30MG TABS ΚΑΙ 7 Χ 60MG TABS) ΣΕ ΚΥΨΕΛΕΣ ALU/PVC/ALU/OPA,C03XA01,TOLVAPTAN,,,"EXCESS MED, ΕΛΛΑΔΑ",2026-07-02,2026-09-15,Καθυστέρηση παράδοσης,"Εναλλακτικά άλλο σκεύασμα της ίδιας δραστικής, μορφής και περιεκτικότητας",shortage,2026-09-23T20:59:50.796395,
GR,Greece,EOF,2803382703037,POKYDY TABLET 45MG/TAB BT X 56 TABS (4 ΚΥΨΕΛΕΣ ΜΕ 7 Χ 15MG TABS ΚΑΙ 7 Χ 45MG TABS) ΣΕ ΚΥΨΕΛΕΣ ALU/PVC/ALU/OPA,C03XA01,TOLVAPTAN,,,"EXCESS MED, ΕΛΛΑΔΑ",2026-07-02,2026-09-15,Καθυστέρηση παράδοσης,"Εναλλακτικά άλλο σκεύασμα της ίδιας δραστικής, μορφής και περιεκτικότητας",shortage,2026-09-23T20:59:50.796402,
GR,Greece,EOF,2802609101038,"DOLOPROCT RECT.CREAM 0,1%+2% (W/W) TUBx30 G",C05AA08,"FLUOCORTOLONE PIVALATE, LIDOCAINE HYDROCHLORIDE",,,"KARO HEALTHCARE AB, SWEDEN",2026-08-01,2026-12-31,Καθυστέρηση παράδοσης,"Εναλλακτικά άλλα σκευάσματα των ίδιων δραστικών, της ίδιας μορφής και ίδιων περιεκτικοτήτων",shortage,2026-09-23T20:59:50.796408,
GR,Greece,EOF,2803102601032,SOTALOL/MYLAN TABLET 80MG/TAB ΒΤx30 (BLISTERS),C07AA07,SOTALOL HYDROCHLORIDE,,,"MYLAN PHARMACEUTICALS LIMITED, IRELAND",2026-08-10,2026-10-20,Καθυστέρηση παράδοσης,Εναλλακτικά το ίδιο φάρμακο σε διαφορετική περιεκτικότητα,shortage,2026-09-23T20:59:50.796414,2879
GR,Greece,EOF,2803268101049,"METAZERO® XR PR.TAB 23,75MG/TAB BT X 30 TAB PVC/PE/PVDC-ΦΥΛΛΟ ΑΛΟΥΜΙΝΙΟΥ",C07AB02,METOPROLOL SUCCINATE,,,"KRKA D.D. NOVO MESTO, SLOVENIA",2025-12-05,2027-01-10,Αυξημένη ζήτηση,Εναλλακτικά το ίδιο φάρμακο σε διαφορετική περιεκτικότητα. Εναλλακτικά άλλο σκεύασμα της ίδιας δραστικής και μορφής,shortage,2026-09-23T20:59:50.796420,81043
GR,Greece,EOF,2802042603014,BREVIBLOC SOL.INF 10MG/ML BTx1 BAG(INTRAVIA)x250 ML,C07AB09,ESMOLOL HYDROCHLORIDE,,,BAXTER HELLAS ΕΠΕ,2026-09-10,2027-12-31,Προβλήματα στην παραγωγική διαδικασία,"Εναλλακτικά άλλα σκευάσματα της ίδιας δραστικής, μορφής και περιεκτικότητας",shortage,2026-09-23T20:59:50.796427,
GR,Greece,EOF,2801978901027,PLENDIL PR.TAB 10MG/TAB ΒΤ X 28 (ΣΕ CALENDAR BLISTER),C08CA02,FELODIPINE,,,"GLENWOOD GESELLSCHAFT MIT BESCHRANKTER HAFTUNG PHARMAZEUTISCHE ERZEUGNISSE, GERMANY",2026-05-12,2026-12-31,Καθυστέρηση παράδοσης,Εναλλακτικά όμοιο προϊόν μέσω έκτακτης εισαγωγής,shortage,2026-09-23T20:59:50.912818,30937
GR,Greece,EOF,2801978902024,PLENDIL PR.TAB 5MG/TAB ΒΤX 28 (ΣΕ CALENDAR BLISTER),C08CA02,FELODIPINE,,,"GLENWOOD GESELLSCHAFT MIT BESCHRANKTER HAFTUNG PHARMAZEUTISCHE ERZEUGNISSE, GERMANY",2026-05-12,2026-12-31,Καθυστέρηση παράδοσης,Εναλλακτικά όμοιο προϊόν μέσω έκτακτης εισαγωγής,shortage,2026-09-23T20:59:50.912829,30929
GR,Greece,EOF,2802814102028,"PIRAMIL TABLET 2,5MG/TAB BTx30",C09AA05,RAMIPRIL,,,"SANDOZ GMBH, KUNDL, AUSTRIA",2026-08-24,2026-09-21,Καθυστέρηση παράδοσης,"Εναλλακτικά άλλο σκεύασμα της ίδιας δραστικής, μορφής και περιεκτικότητας",shortage,2026-09-23T20:59:50.912836,50555
GR,Greece,EOF,2803072604125,OLMESARTAN+HCTZ/SANDOZ F.C.TAB (40+25)MG/TAB BTx30 tabs (blister PVC/PVDC/AL),C09DA08,"OLMESARTAN MEDOXOMIL, HYDROCHLOROTHIAZID E",,,"SANDOZ PHARMACEUTICALS D.D. (ABBR. SANDOZ D.D.), SLOVENIA",2026-06-29,2026-10-31,Καθυστέρηση παράδοσης,"Εναλλακτικά άλλα σκευάσματα των ίδιων δραστικών, της ίδιας μορφής και ίδιων περιεκτικοτήτων",shortage,2026-09-23T20:59:50.912842,93742
GR,Greece,EOF,2802793801028,SEVIKAR F.C.TAB (20+5)MG/TAB BTx28,C09DB02,"OLMESARTAN MEDOXOMIL, AMLODIPINE BESYLATE",,,"ΦΑΡΜΑΣΕΡΒ ΕΛΛΑΣ Α.Ε.Β.Ε., ΕΛΛΑΔΑ",2026-07-31,2026-09-30,Καθυστέρηση παράδοσης,"Εναλλακτικά άλλα σκευάσματα της ίδιας δραστικής, μορφής και περιεκτικότητας",shortage,2026-09-23T20:59:50.912849,123722
GR,Greece,EOF,2803204305012,OLMEDIPIN PLUS® F.C.TAB (40+10+25.0)MG/TAB BTx28 TABS σε κυψέλες ALU/ALU,C09DX03,"OLMESARTAN MEDOXOMIL, AMLODIPINE, HYDROCHLOROTHIAZID E",,,"VIATRIS LIMITED, IRELAND",2026-06-01,2026-10-30,Καθυστέρηση παράδοσης,"Εναλλακτικά άλλα σκευάσματα των ίδιων δραστικών, της ίδιας μορφής και ίδιων περιεκτικοτήτων",shortage,2026-09-23T20:59:50.912855,123714
GR,Greece,EOF,2803204403022,COMPRELAN PLUS® F.C.TAB (40+5+25)MG/TAB BTx28 tabs σε blister (AL/AL),C09DX03,"OLMESARTAN MEDOXOMIL, AMLODIPINE, HYDROCHLOROTHIAZID E",,,RAFARM A.E.B.E.,2026-05-04,2026-10-15,Καθυστέρηση παράδοσης,"Εναλλακτικά άλλα σκευάσματα των ίδιων δραστικών, της ίδιας μορφής και ίδιων περιεκτικοτήτων",shortage,2026-09-23T20:59:50.912861,123692
GR,Greece,EOF,2803204402025,COMPRELAN PLUS® F.C.TAB (40+5+12.5)MG/TAB BTx28 tabs σε blister (AL/AL),C09DX03,"OLMESARTAN MEDOXOMIL, AMLODIPINE BESYLATE, HYDROCHLOROTHIAZID E",,,RAFARM A.E.B.E.,2026-07-30,2026-10-15,Καθυστέρηση παράδοσης,"Εναλλακτικά άλλα σκευάσματα των ίδιων δραστικών, της ίδιας μορφής και ίδιων περιεκτικοτήτων",shortage,2026-09-23T20:59:50.912868,123684
GR,Greece,EOF,2802964203033,NELIBAT F.C.TAB 40MG/TAB BTx30 (BLIST 3x10),C10AA05,ATORVASTATIN,,,LIBYTEC A.E.,2026-04-01,2026-09-30,Καθυστέρηση παράδοσης,"Εναλλακτικά άλλα σκευάσματα της ίδιας δραστικής, μορφής και περιεκτικότητας",shortage,2026-09-23T20:59:50.912874,98620
GR,Greece,EOF,2802922002067,ATORVASTATIN/SANDOZ F.C.TAB 20MG/TAB BTx30 TABS (ALU/ALU BLISTERS),C10AA05,ATORVASTATIN CALCIUM TRIHYDRATE,,,"SANDOZ GMBH, KUNDL, AUSTRIA",2026-07-23,2026-09-18,Προβλήματα στην παραγωγική διαδικασία,"Εναλλακτικά άλλα σκευάσματα της ίδιας δραστικής, μορφής και περιεκτικότητας",shortage,2026-09-23T20:59:50.912880,98612
GR,Greece,EOF,2802611102023,ATROSTEROL F.C.TAB 20MG/TAB BTx28 (BLIST4x7),C10AA05,ATORVASTATIN CALCIUM TRIHYDRATE,,,ΒΙΑΝΕΞ Α.Ε.,2026-09-01,2026-09-23,Καθυστέρηση παράδοσης,"Εναλλακτικά άλλα σκευάσματα της ίδιας δραστικής, μορφής και περιεκτικότητας",shortage,2026-09-23T20:59:50.912886,98612
GR,Greece,EOF,2803112002034,ROSUVASTATIN/MYLAN F.C.TAB 10MG/TAB BTx28 (Polyamide/Al/LDPE DESICCANT-HDPE/Al/ blister),C10AA07,ROSUVASTATIN CALCIUM,,,"MYLAN PHARMACEUTICALS LIMITED, IRELAND",2026-04-01,2026-11-30,Καθυστέρηση παράδοσης,"Εναλλακτικά άλλα σκευάσματα της ίδιας δραστικής, μορφής και περιεκτικότητας",shortage,2026-09-23T20:59:50.912893,201049
GR,Greece,EOF,2803112004038,ROSUVASTATIN/MYLAN F.C.TAB 40MG/TAB BTx28 (Polyamide/Al/LDPE DESICCANT-HDPE/Al/ blister),C10AA07,ROSUVASTATIN CALCIUM,,,"MYLAN PHARMACEUTICALS LIMITED, IRELAND",2026-04-01,2027-03-31,Καθυστέρηση παράδοσης,"Εναλλακτικά άλλα σκευάσματα της ίδιας δραστικής, μορφής και περιεκτικότητας",shortage,2026-09-23T20:59:50.912899,201065
GR,Greece,EOF,2803112001037,ROSUVASTATIN/MYLAN F.C.TAB 5MG/TAB BTX28 (POLYAMIDE/AL/LDPE DESICCANT-HDPE/AL/ BLISTER),C10AA07,ROSUVASTATIN CALCIUM,,,"MYLAN PHARMACEUTICALS LIMITED, IRELAND",2025-12-12,2027-03-31,Καθυστέρηση παράδοσης,"Εναλλακτικά άλλα σκευάσματα της ίδιας δραστικής, μορφής και περιεκτικότητας",shortage,2026-09-23T20:59:50.912906,201030
GR,Greece,EOF,2803112003031,ROSUVASTATIN/MYLAN F.C.TAB 20MG/TAB BTx28 (Polyamide/Al/LDPE DESICCANT-HDPE/Al/ blister),C10AA07,ROSUVASTATIN CALCIUM,,,"MYLAN PHARMACEUTICALS LIMITED, IRELAND",2026-06-15,2027-01-31,Καθυστέρηση παράδοσης,"Εναλλακτικά άλλα σκευάσματα της ίδιας δραστικής, μορφής και περιεκτικότητας",shortage,2026-09-23T20:59:50.912912,201057
GR,Greece,EOF,2803076101064,EZETIMIBE+SIMVASTATIN/MYLAN TABLET (10+10)MG/TAB BTX(28 X 1) TABS ΣΕ BLISTER (UNIT DOSE),C10BA02,"SIMVASTATIN, EZETIMIBE",,,"MYLAN PHARMACEUTICALS LIMITED, IRELAND",2026-01-30,2027-03-31,Καθυστέρηση παράδοσης,"Εναλλακτικά άλλα σκευάσματα των ίδιων δραστικών, της ίδιας μορφής και ίδιων περιεκτικοτήτων",shortage,2026-09-23T20:59:50.912919,197092
GR,Greece,EOF,2803186202057,SIMVEZOR TABLET (10+20)MG/TAB BTX30 TABS ΣΕ BLISTER (AL-OPA/AL),C10BA02,"SIMVASTATIN, EZETIMIBE",,,VOCATE ΦΑΡΜΑΚΕΥΤΙΚΗ Α.Ε.,2025-10-01,2026-09-21,Προβλήματα στην παραγωγική διαδικασία,"Εναλλακτικά άλλα σκευάσματα των ίδιων δραστικών, της ίδιας μορφής και ίδιων περιεκτικοτήτων",shortage,2026-09-23T20:59:50.912925,77038
GR,Greece,EOF,2803076102078,EZETIMIBE+SIMVASTATIN/MYLAN TABLET (10+20)MG/TAB BTX(28 X 1) TABS ( PVC/PVDC-ALU BLISTER-UNIT DOSE),C10BA02,"SIMVASTATIN, EZETIMIBE",,,"MYLAN PHARMACEUTICALS LIMITED, IRELAND",2026-02-23,2026-10-31,Καθυστέρηση παράδοσης,"Εναλλακτικά άλλα σκευάσματα των ίδιων δραστικών, της ίδιας μορφής και ίδιων περιεκτικοτήτων",shortage,2026-09-23T20:59:50.912931,77038
GR,Greece,EOF,2803186201050,SIMVEZOR TAB (10+10)MG/TAB BTX30 TABS ΣΕ BLISTER (AL-OPA/AL),C10BA02,"SIMVASTATIN, EZETIMIBE",,,VOCATE ΦΑΡΜΑΚΕΥΤΙΚΗ Α.Ε.,2025-05-15,2026-09-21,Προβλήματα στην παραγωγική διαδικασία,"Εναλλακτικά άλλα σκευάσματα της ίδιας δραστικής, μορφής και περιεκτικότητας",shortage,2026-09-23T20:59:50.912938,197092
GR,Greece,EOF,2803076103075,EZETIMIBE+SIMVASTATIN/MYLAN TABLET (10+40)MG/TAB BTx(28 x 1) tabs ( PVC/PVDC-Alu blister-unit dose),C10BA02,"EZETIMIBE, SIMVASTATIN",,,"MYLAN PHARMACEUTICALS LIMITED, IRELAND",2026-08-20,2026-11-30,Καθυστέρηση παράδοσης,"Εναλλακτικά άλλα σκευάσματα των ίδιων δραστικών, της ίδιας μορφής και ίδιων περιεκτικοτήτων",shortage,2026-09-23T20:59:50.912944,77046
GR,Greece,EOF,2800599806018,PEVARYL CREAM 1% W/W BTx30G,D01AC03,ECONAZOLE NITRATE,,,"KARO HEALTHCARE AB, SWEDEN",2026-05-11,2027-12-31,Καθυστέρηση παράδοσης,Εναλλακτικά άλλα σκευάσματα της ίδιας κατηγορίας D01AC με τις ίδιες ενδείξεις,shortage,2026-09-23T20:59:50.912950,
GR,Greece,EOF,2801850902012,FUNGORAL CREAM 2% TUBX30 G,D01AC08,KETOCONAZOLE,,,"KARO HEALTHCARE AB, SWEDEN",2025-12-15,2026-12-31,Καθυστέρηση παράδοσης,Εναλλακτικά άλλα σκευάσματα της ίδιας κατηγορίας D01AC -Παράγωγα ιμιδαζολίου και τριαζολίου με τις ίδιες ενδείξεις,shortage,2026-09-23T20:59:50.912956,
GR,Greece,EOF,2803182901015,FUSIDIC ACID/PROMOPHARMA CREAM 2% TUBX15G,D06AX01,FUSIDIC ACID,,,PROMOPHARMA A.E./PROMOPHARMA S.A.,2025-01-28,2027-01-28,Καθυστέρηση παράδοσης,"Εναλλακτικά άλλα σκευάσματα της ίδιας δραστικής, μορφής και περιεκτικότητας",shortage,2026-09-23T20:59:50.912965,16705
GR,Greece,EOF,2803013501018,QUIMODIA CREAM 5% W/W BTx12 (SACHET x250MG),D06BB10,IMIQUIMOD,,,ΝΕΣΤΟΡΑΣ ΒΛΑΧΟΣ Ι.Κ.Ε. Δ.Τ. EPSILON HEALTH,2026-09-01,2026-10-05,Καθυστέρηση παράδοσης,"Εναλλακτικά άλλα σκευάσματα της ίδιας δραστικής, μορφής και περιεκτικότητας",shortage,2026-09-23T20:59:50.912971,55050
GR,Greece,EOF,2802013801012,"ROBAZ GEL.EXT.US 0,75% W/W TUB X 30 G",D06BX01,METRONIDAZOLE,,,"GALDERMA INTERNATIONAL, FRANCE",2024-05-13,2026-12-31,Καθυστέρηση παράδοσης,"Εναλλακτικά άλλο σκεύασμα της ίδιας δραστικής, μορφής και περιεκτικότητας",shortage,2026-09-23T20:59:50.912977,33480
GR,Greece,EOF,2802685401039,"CHIRO DES CUT.SOL (0,6314+0,1430)g/g Πλαστ.δοχείο x1000ML",D08AX53,"ISOPROPYL ALCOHOL, N-PROPYL ALCOHOL",,,ΠΕΤΡΟΣ ΧΑΡ. ΚΟΣΜΙΔΗΣ & ΣΙΑ Ε.Ε.,2026-08-25,2026-10-31,Καθυστέρηση παράδοσης,Εναλλακτικά άλλα σκευάσματα της ίδιας δραστικής και μορφής με τις ίδιες ενδείξεις,shortage,2026-09-23T20:59:50.912983,25615
GR,Greece,EOF,2803277101030,SELGAMIS® CREAM 50MCG/G CONTAINER (PP) WITH PUMP X 75 G - (MULTIPLE DOSE),D10AD06,TRIFAROTENE,,,"GALDERMA INTERNATIONAL, FRANCE",2026-05-20,2026-09-14,Καθυστέρηση παράδοσης,Εναλλακτικά άλλα σκευάσματα της ίδιας κατηγορίας D10AD με τις ίδιες ενδείξεις,shortage,2026-09-23T20:59:50.912989,203785
GR,Greece,EOF,2802489003019,A-CNOTREN SOFT.CAPS 10MG/CAP BTx30 (σε BLISTERS),D10BA01,ISOTRETINOIN,,,"PHARMATHEN INVESTMENTS GROUP LIMITED, CYPRUS",2026-04-20,2026-11-30,Καθυστέρηση παράδοσης,"Εναλλακτικά άλλα σκευάσματα της ίδιας δραστικής, μορφής και περιεκτικότητας",shortage,2026-09-23T20:59:51.092896,69493
GR,Greece,EOF,2802569201038,ELIDEL CREAM 1% TUB x 60 G,D11AH02,PIMECROLIMUS,,,"VIATRIS HEALTHCARE LIMITED, IRELAND",2026-07-08,2026-09-08,Καθυστέρηση παράδοσης,Εναλλακτικά το ίδιο φάρμακο σε διαφορετική συσκευασία,shortage,2026-09-23T20:59:51.092906,69566
GR,Greece,EOF,2800235408019,DALACIN C VAG.CR 2% (W/W) TUB x 40G (7 δοσομετρικοί εφαρμοστές),G01AA10,CLINDAMYCIN PHOSPHATE,,,PFIZER ΕΛΛΑΣ Α.Ε.,2026-08-31,2026-10-30,Καθυστέρηση παράδοσης,"Εναλλακτικά άλλα σκευάσματα της ίδιας δραστικής, μορφής και περιεκτικότητας",shortage,2026-09-23T20:59:51.092914,107751
GR,Greece,EOF,2800599804014,PEVARYL VAG.SUP 150 MG/SUP BT x 3,G01AF05,ECONAZOLE NITRATE,,,"KARO HEALTHCARE AB, SWEDEN",2026-11-01,2026-12-31,Καθυστέρηση παράδοσης,Εναλλακτικά άλλα σκευάσματα της ίδιας κατηγορίας G01AF με τις ίδιες ενδείξεις,shortage,2026-09-23T20:59:51.092920,
GR,Greece,EOF,2801839901012,PROSTIN E2 VAG.TAB 3MG/TAB ΒΤX4,G02AD02,DINOPROSTONE,,,PFIZER ΕΛΛΑΣ Α.Ε.,2025-12-15,2026-10-16,Καθυστέρηση παράδοσης,Εναλλακτικά μέσω έκτακτης εισαγωγής,shortage,2026-09-23T20:59:51.092926,
GR,Greece,EOF,2802358901033,PROPESS VAG.DEVICE 10MG/DEVICE BTx5 VAG.DEVICE x10 MG,G02AD02,DINOPROSTONE,,,FERRING ΕΛΛΑΣ ΜΕΠΕ,2026-07-27,2026-09-15,Αυξημένη ζήτηση,Εναλλακτικά άλλο σκεύασμα διαφορετικής μορφής με τις ίδιες ενδείξεις,shortage,2026-09-23T20:59:51.092932,50970
GR,Greece,EOF,2802507501015,"LAURINA F.C.TAB (0,100+0,030)MG/TAB ΚΟΚΚΙΝΟ BTx 21 [1 BLISTER x (7 ΚΙΤΡΙΝΑ + 7 ΚΟΚΚΙΝΑ + 7 ΛΕΥΚΑ + 7 ΠΡΑΣΙΝΑ)] IN SACHET",G03AB05,"DESOGESTREL, ETHINYLESTRADIOL",,,"ASPEN PHARMA TRADING LIMITED, IRELAND",2026-08-01,2026-09-18,Καθυστέρηση παράδοσης,Εναλλακτικά άλλα σκευάσματα των ίδιων δραστικών και ίδιας μορφής,shortage,2026-09-23T20:59:51.092939,
GR,Greece,EOF,2800889601019,CLOMIPHEN CITRATE/ΑΝΦΑΡΜ TABLET 50MG/TAB BTx24,G03GB02,CLOMIFENE CITRATE,,,ΑΝΦΑΡΜ ΕΛΛΑΣ Α.Ε.,2026-07-08,2026-09-30,Καθυστέρηση παράδοσης,Εναλλακτικά μέσω έκτακτης εισαγωγής,shortage,2026-09-23T20:59:51.092945,1538
GR,Greece,EOF,2803207802037,SILODOSIN RECORDATI CAPS 8MG/CAP BTx30 καψάκια σε BLISTERS PVC/PVDC/Alu,G04CA04,SSIOLLOIDFEONSAINCIN,,,"RECORDATI IRELAND LTD, IRELAND",2026-04-06,2026-10-06,Καθυστέρηση παράδοσης,"Εναλλακτικά άλλα σκευάσματα της ίδιας δραστικής, μορφής και περιεκτικότητας",shortage,2026-09-23T20:59:51.092951,97284
GR,Greece,EOF,2803273501056,VESOLITAM® CON.R.TAB (6+0.4)MG/TAB BT X 30 TAB ΣΕ OPA/ALU/PVC/ALU BLISTER,G04CA53,"SUCCINATE, TAMSULOSIN",,,INNOVIS PHARMA A.E.B.E.,2026-09-01,2026-12-30,Καθυστέρηση παράδοσης,"Εναλλακτικά άλλα σκευάσματα της ίδιας δραστικής, μορφής και περιεκτικότητας",shortage,2026-09-23T20:59:51.092958,105724
GR,Greece,EOF,2803029301046,"SIGNIFOR INJ.SOL 0,3MG/1ML (AMP) BTx60 AMPS",H01CB05,PASIREOTIDE,,,"RECORDATI RARE DISEASES, FRANCE",2026-08-25,2026-09-25,Καθυστέρηση παράδοσης,Εναλλακτικά το ίδιο σκεύασμα σε διαφορετική περιεκτικότητα,shortage,2026-09-23T20:59:51.092964,
GR,Greece,EOF,2803133802026,REXAZON SOLU.TAB 4MG/TAB BTx14 (2x7) σε PA/ALU/PVC/ALU foil blister,H02AB02,DEXAMETHASONE SODIUM PHOSPHATE,,,RAFARM A.E.B.E.,2026-05-27,2026-10-30,Καθυστέρηση παράδοσης,"Εναλλακτικά άλλα σκευάσματα της ίδιας δραστικής, μορφής και περιεκτικότητας",shortage,2026-09-23T20:59:51.092970,75108
GR,Greece,EOF,2803199301020,CINACALCET/ PHARMAZAC F.C.TAB 30MG/TAB BTX28 TABS ΣΕ BLISTER (PVC/PE/PVDC/AL),H05BX01,CINACALCET,,,PHARMAZAC AE,2025-11-03,2026-12-14,Καθυστέρηση παράδοσης,"Εναλλακτικά άλλα σκευάσματα της ίδιας δραστικής, μορφής και περιεκτικότητας ή μέσω έκτακτης εισαγωγής",shortage,2026-09-23T20:59:51.092976,77100
GR,Greece,EOF,2803199302027,CINACALCET/ PHARMAZAC F.C.TAB 60MG/TAB BTX28 TABS ΣΕ BLISTER (PVC/PE/PVDC/AL),H05BX01,CINACALCET,,,PHARMAZAC AE,2025-11-17,2026-12-14,Αυξημένη ζήτηση,"Εναλλακτικά άλλα σκευάσματα της ίδιας δραστικής, μορφής και περιεκτικότητας",shortage,2026-09-23T20:59:51.092982,77119
GR,Greece,EOF,2803199303024,CINACALCET/ PHARMAZAC F.C.TAB 90MG/TAB BTX28 TABS ΣΕ BLISTER (PVC/PE/PVDC/AL),H05BX01,CINACALCET,,,PHARMAZAC AE,2025-09-15,2026-12-14,Αυξημένη ζήτηση,"Εναλλακτικά άλλα σκευάσματα της ίδιας δραστικής, μορφής και περιεκτικότητας ή μέσω έκτακτης εισαγωγής",shortage,2026-09-23T20:59:51.092988,77127
GR,Greece,EOF,2803094002039,CINACALCET/TEVA F.C.TAB 60MG/TAB BTx28 TABS (σε Blister PVC/ACLAR/PVC-ALU),H05BX01,CINACALCET HYDROCHLORIDE,,,"TEVA B.V., THE NETHERLANDS",2025-07-03,2026-09-14,Καθυστέρηση παράδοσης,"Εναλλακτικά άλλα σκευάσματα της ίδιας δραστικής, μορφής και περιεκτικότητας",shortage,2026-09-23T20:59:51.092994,77119
GR,Greece,EOF,2802939401013,ORACEA MOD.R.CA.H 40MG/CAP BTx28 CAPS (σε Blister Aclar/PVC),J01AA02,DOXYCYCLINE MONOHYDRATE,,,"GALDERMA INTERNATIONAL, FRANCE",2026-08-25,2026-09-14,Καθυστέρηση παράδοσης,,shortage,2026-09-23T20:59:51.093002,91049
GR,Greece,EOF,2801545102017,MEFOXIL PD.INJ.SOL 2G/VIAL BT x 1 VIAL,J01DC01,CEFOXITIN SODIUM,,,ΒΙΑΝΕΞ Α.Ε.,2025-02-06,2026-09-07,Καθυστέρηση παράδοσης,Εναλλακτικά το ίδιο φάρμακο σε διαφορετική περιεκτικότητα,shortage,2026-09-23T20:59:51.093008,
GR,Greece,EOF,2802099103017,PROCEF PD.ORA.SUS 250MG/5ML FLX60ML,J01DC10,CEFPROZIL MONOHYDRATE,,,"BAUSCH HEALTH IRELAND LIMITED, IRELAND",2026-08-17,2027-08-31,Καθυστέρηση παράδοσης,"Εναλλακτικά άλλα σκευάσματα της ίδιας δραστικής, μορφής και περιεκτικότητας",shortage,2026-09-23T20:59:51.093015,
GR,Greece,EOF,2802099102027,PROCEF F.C.TAB 500MG/TAB BTx12(BLISTER),J01DC10,CEFPROZIL MONOHYDRATE,,,"BAUSCH HEALTH IRELAND LIMITED, IRELAND",2026-12-01,2027-05-31,Καθυστέρηση παράδοσης,"Εναλλακτικά άλλο σκεύασμα της ίδιας δραστικής, μορφής και περιεκτικότητας",shortage,2026-09-23T20:59:51.093021,
GR,Greece,EOF,2802641302011,VERAPIME PS.INJ.SOL 2G/VIAL BTx1VIAL+1AMPx10ML SOLVENT,J01DE01,CEFEPIME HYDROCHLORIDE MONOHYDRATE,,,DEMO ABEE,2026-08-01,2026-09-20,Αυξημένη ζήτηση,"Εναλλακτικά άλλα σκευάσματα της ίδιας δραστικής, μορφής ίδιας ή/και διαφορετικής περιεκτικότητας",shortage,2026-09-23T20:59:51.093027,204331
GR,Greece,EOF,2802489501010,TOBI INH.SOL.N 300MG/5ML BTX 56 AMPSX 5 ML,J01GB01,TOBRAMYCIN,,,"VIATRIS HEALTHCARE LIMITED, IRELAND",2026-05-01,2026-09-30,Καθυστέρηση παράδοσης,"Εναλλακτικά άλλο σκεύασμα της ίδιας δραστικής, μορφής και περιεκτικότητας",shortage,2026-09-23T20:59:51.093033,59986
GR,Greece,EOF,2800107806028,LANOMYCIN INJ.SOL 500MG/2ML AMP BTX10AMPX2ML,J01GB06,AMIKACIN SULFATE,,,"PHARMATHEN INVESTMENTS GROUP LIMITED, CYPRUS",2026-07-09,2026-10-31,Καθυστέρηση παράδοσης,"Εναλλακτικά άλλα σκευάσματα της ίδιας δραστικής, μορφής και περιεκτικότητας",shortage,2026-09-23T20:59:51.093040,51772
GR,Greece,EOF,2802549101020,VANCOMYCIN/VOCATE PD.SOL.INF 500MG/VIAL (500.000 IU/VIAL) BTx10 VIALS,J01XA01,VANCOMYCIN HYDROCHLORIDE,,,VOCATE ΦΑΡΜΑΚΕΥΤΙΚΗ Α.Ε.,2026-09-14,2026-12-16,Καθυστέρηση παράδοσης,"Εναλλακτικά άλλα σκευάσματα της ίδιας δραστικής, μορφής και περιεκτικότητας",shortage,2026-09-23T20:59:51.093046,23043
GR,Greece,EOF,2802678601019,VANCOMYCIN/NORMA PD.SOL.INF 500MG/VIAL BTx 1(VIAL x 500 MG),J01XA01,VANCOMYCIN HYDROCHLORIDE,,,ΝΟΡΜΑ ΕΛΛΑΣ Α.Ε.,2026-08-17,2027-06-30,Καθυστέρηση παράδοσης,"Εναλλακτικά άλλα σκευάσματα της ίδιας δραστικής, μορφής και περιεκτικότητας",shortage,2026-09-23T20:59:51.093053,23043
GR,Greece,EOF,2803269702016,COLISTIMETHATE SODIUM/ARITI PD.I.S.INF 2000000 IU/VIAL BT X 10 VIALS X 10 ML,J01XB01,COLISTIMETHATE SODIUM,,,ΑΡΗΤΗ A.E.,2026-02-25,2026-10-01,Καθυστέρηση παράδοσης,"Εναλλακτικά άλλα σκευάσματα της ίδιας δραστικής, μορφής και περιεκτικότητας",shortage,2026-09-23T20:59:51.093060,
GR,Greece,EOF,2803148301019,LINESOL F.C.TAB 600MG/TAB BTx10 tabs σε blister (ALU/ALU),J01XX08,LINEZOLID,,,VOCATE ΦΑΡΜΑΚΕΥΤΙΚΗ Α.Ε.,2026-07-15,2026-10-05,Καθυστέρηση παράδοσης,"Εναλλακτικά άλλο σκεύασμα της ίδιας δραστικής, μορφής και περιεκτικότητας ή μέσω έκτακτης εισαγωγής",shortage,2026-09-23T20:59:51.093067,60186
GR,Greece,EOF,2802077702010,STABILANOL CAPS 100MG/CAP BTX7(BLIST1X7),J02AC01,FLUCONAZOLE,,,"PHARMATHEN INVESTMENTS GROUP LIMITED, CYPRUS",2026-08-03,2026-10-12,Καθυστέρηση παράδοσης,"Εναλλακτικά άλλα σκευάσματα της ίδιας δραστικής, μορφής και περιεκτικότητας",shortage,2026-09-23T20:59:51.093074,
GR,Greece,EOF,2802511004014,VFEND PD.ORA.SUS 40MG/ML ΦΙΑΛΗ Χ 45G,J02AC03,VORICONAZOLE,,,"PFIZER EUROPE MA EEIG, BELGIUM",2026-07-13,2026-10-30,Αυξημένη ζήτηση,Εναλλακτικά μέσω έκτακτης εισαγωγής,shortage,2026-09-23T20:59:51.093080,73288
GR,Greece,EOF,2802837201012,MYCAMINE PD.SOL.INF 50MG/10ML VIAL BTx1 VIALx10 ML,J02AX05,MICAFUNGIN SODIUM,,,"SANDOZ PHARMACEUTICALS D.D. (ABBR. SANDOZ D.D.), SLOVENIA",2026-07-13,2026-10-22,Αυξημένη ζήτηση,"Εναλλακτικά άλλο σκεύασμα της ίδιας δραστικής, μορφής και περιεκτικότητας. Εναλλακτικά το ίδιο φάρμακο σε διαφορετική περιεκτικότητα",shortage,2026-09-23T20:59:51.093086,91855
GR,Greece,EOF,2802837202019,MYCAMINE PD.SOL.INF 100MG/10ML VIAL BTx1 VIALx10 ML,J02AX05,MICAFUNGIN SODIUM,,,"SANDOZ PHARMACEUTICALS D.D. (ABBR. SANDOZ D.D.), SLOVENIA",2026-08-19,2026-10-22,Αυξημένη ζήτηση,"Εναλλακτικά άλλο σκεύασμα της ίδιας δραστικής, μορφής και περιεκτικότητας",shortage,2026-09-23T20:59:51.093092,91863
GR,Greece,EOF,2803200102011,MICAFUNGIN/TEVA PD.C.S.INF 100MG/VIAL BT x1 VIAL,J02AX05,MICAFUNGIN SODIUM,,,"TEVA B.V., THE NETHERLANDS",2025-09-12,2028-02-01,Καθυστέρηση παράδοσης,"Εναλλακτικά άλλα σκευάσματα της ίδιας δραστικής, μορφής και περιεκτικότητας",shortage,2026-09-23T20:59:51.093098,231568
GR,Greece,EOF,2801728501019,RIFINAH C.TAB (300+150)MG/TAB BTx16 (BLIST 2x8),J04AM02,"RIFAMPICIN, ISONIAZID",,,SANOFI,2026-07-28,2026-09-30,Καθυστέρηση παράδοσης,Εναλλακτικά διαφορετικά σκευάσματα για κάθε μία από τις δραστικές ουσίες του προϊόντος,shortage,2026-09-23T20:59:51.093104,40061
GR,Greece,EOF,2803090201030,IQYMUNE SOL.INF 100MG/ML BTX1 VIAL X 100ML,J06BA02,IMMUNOGLOBULIN HUMAN NORMAL,,,LAB.FRANCAIS DU FRACTIONNEMENT ET DES BIOTECHNOLOGIES (LFB),2025-10-10,2026-12-31,Καθυστέρηση παράδοσης,Εναλλακτικά άλλα σκευάσματα της ίδιας κατηγορίας J06BA -Ανθρώπινες Φυσιολογικές Ανοσοσφαιρίνες με τις ίδιες ενδείξεις,shortage,2026-09-23T20:59:51.093111,
GR,Greece,EOF,2802720501045,KIOVIG SOL.IV.INF 100MG/ML BTX1 VIALX100 ML,J06BA02,IMMUNOGLOBULIN HUMAN NORMAL,,,TAKEDA MANUFACTURING AUSTRIA AG,2025-01-09,2027-03-31,Καθυστέρηση παράδοσης,Εναλλακτικά άλλα σκευάσματα της ίδιας κατηγορίας J06BA -Ανθρώπινες Φυσιολογικές Ανοσοσφαιρίνες με τις ίδιες ενδείξεις.,shortage,2026-09-23T20:59:51.093117,
GR,Greece,EOF,2802720501052,KIOVIG SOL.IV.INF 100MG/ML BTX1 VIALX200 ML,J06BA02,IMMUNOGLOBULIN HUMAN NORMAL,,,TAKEDA MANUFACTURING AUSTRIA AG,2025-01-09,2027-03-31,Καθυστέρηση παράδοσης,Εναλλακτικά άλλα σκευάσματα της ίδιας κατηγορίας J06BA -Ανθρώπινες Φυσιολογικές Ανοσοσφαιρίνες με τις ίδιες ενδείξεις.,shortage,2026-09-23T20:59:51.093123,
GR,Greece,EOF,2802720501038,KIOVIG SOL.IV.INF 100MG/ML BTX1 VIALX50 ML,J06BA02,IMMUNOGLOBULIN HIMUMMUANNO NGOLROMBUALLIN,,,TAKEDA MANUFACTURING AUSTRIA AG,2025-01-09,2027-03-31,Καθυστέρηση παράδοσης,"Εναλλακτικά άλλα σκευάσματα της ίδιας κατηγορίας J06BA -Ανθρώπινες ΦΕνυασλιολλαοκγτιικκάές ά Αλνλοασ σοκσεφυαάισρμίναετςα μ τεη ςτι ςίδ ίιδαιςε ςδ ερναδσετίξικεήιςς., μορφής και",shortage,2026-09-23T20:59:51.093129,
GR,Greece,EOF,2802721401061,IG VENA SOL.INF 50G/L BOTTLEx100 ML + άγκιστρο,J06BA02,HUMAN NORMAL,,,"KEDRION SPA (LUCCA), ITALY",2026-02-13,2026-12-31,Καθυστέρηση παράδοσης,περιεκτικότητας,shortage,2026-09-23T20:59:51.093135,48070
GR,Greece,EOF,2802721401078,IG VENA SOL.INF 50G/L BOTTLEx200 ML + άγκιστρο,J06BA02,IMMUNOGLOBULIN HUMAN NORMAL,,,"KEDRION SPA (LUCCA), ITALY",2026-02-13,2026-12-31,Καθυστέρηση παράδοσης,"Εναλλακτικά άλλα σκευάσματα της ίδιας δραστικής, μορφής και περιεκτικότητας",shortage,2026-09-23T20:59:51.093141,48089
GR,Greece,EOF,2803090201023,IQYMUNE SOL.INF 100MG/ML BTX1 VIAL X 50ML,J06BA02,IMMUNOGLOBULIN HUMAN NORMAL,,,LAB.FRANCAIS DU FRACTIONNEMENT ET DES BIOTECHNOLOGIES (LFB),2025-07-22,2026-12-31,Καθυστέρηση παράδοσης,Εναλλακτικά άλλα σκευάσματα της ίδιας δραστικής και μορφής,shortage,2026-09-23T20:59:51.231180,
GR,Greece,EOF,2802819101019,VENBIG PS.SOL.INF 50 IU/ML BTx1 VIAL x 500 IU+ 1 VIAL x 10 ML SOLV + σετ έγχυσης.,J06BB04,HUMAN PLASMA PROTEIN OF WHICH HUMAN IMMUNOGLOBULINS AT LMEEANSINT G9O5%COCCAL,,,"KEDRION SPA (LUCCA), ITALY",2026-02-13,2026-12-31,Καθυστέρηση παράδοσης,Εναλλακτικά όμοιο προϊόν μέσω έκτακτης εισαγωγής,shortage,2026-09-23T20:59:51.231192,85928
GR,Greece,EOF,2802941701033,"MENVEO P.SO.IN.SO 0,5ML (1 ΔΟΣΗ) 1 VIAL (κόνις MenA) +1 VIAL (διάλυμα MenCWY) (1 δόση 0,5ml)",J07AH08,"GROUP A,C,Y,W-135 OLIGOSACCHARIDE",,,"GLAXOSMITHKLINE VACCINES S.R.L., SIENA, ITALY",2026-07-27,2026-10-26,Αυξημένη ζήτηση,Εναλλακτικά άλλα εμβόλια σύμφωνα με τις συστάσεις του θεράποντος ιατρού,shortage,2026-09-23T20:59:51.231199,95788
GR,Greece,EOF,2802758301051,"PRIORIX-TETRA (ΕΜΒ.ΙΛΑΡ.,ΕΡΥΘΡΑ,ΠΑΡΩΤΙΤ.&ΑΝΕΜΟΒΛ.) PS.INJ.SOL BTX 1VIAL + 1PF.SYR. (ΧΩΡIΣ ΣΤΑΘΕΡH ΒΕΛOΝΑ ΑΛΛA ΜΕ ΔYΟ ΧΩΡΙΣΤEΣ ΒΕΛOΝΕΣ) X 0,5 ML SOLVENT",J07BD54,"MEASLES,COMBINATION S WITH MUMPS,RUBELLA AND VARICELLA, LIVE ATTENUATED",,,GLAXOSMITHKLINE ΜΟΝΟΠΡΟΣΩΠΗ Α.Ε.Β.Ε.,2024-11-30,2027-12-31,Ποιοτικό πρόβλημα - Δραστική ουσία,Εναλλακτικά άλλο εμβόλιο σύμφωνα με τις συστάσεις του θεράποντος ιατρού,shortage,2026-09-23T20:59:51.231206,
GR,Greece,EOF,2802627801019,"VARILRIX (ΕΜΒ. ΑΝΕΜΕΥΛΟΓΙΑΣ) P.S.I.PF.S 0,5ML(1DOSE) BTx 1 VIAL(DOSE)+1 PF.SYR x 0,5 ML SOLV+ 2 βελόνες",J07BK01,VARICELLA VIRUS LIVE ATTENUATED OKA,,,GLAXOSMITHKLINE ΜΟΝΟΠΡΟΣΩΠΗ Α.Ε.Β.Ε.,2026-06-12,2026-09-21,Προβλήματα στην παραγωγική διαδικασία,Εναλλακτικά άλλο εμβόλιο σύμφωνα με τις συστάσεις του θεράποντος ιατρού,shortage,2026-09-23T20:59:51.231212,82201
GR,Greece,EOF,2803249901019,CARMUSTINE/WAYMADE P.S.C.S.IF 100MG/VIAL BT X 1 VIAL ΤΩΝ 100MG ΚΟΝΙΣ + 1 VIAL ΤΩΝ 3ML ΔΙΑΛΥΤΗΣ,L01AD01,CARMUSTINE,,,"WAYMADE B.V., THE NETHERLANDS",2026-07-23,2027-01-31,Προβλήματα στην παραγωγική διαδικασία,"Εναλλακτικά άλλο σκεύασμα της ίδιας δραστικής, μορφής και περιεκτικότητας",shortage,2026-09-23T20:59:51.231219,37788
GR,Greece,EOF,2802920502019,RIDOCA CAPS 20MG/CAP BTx5,L01AX03,TEMOZOLOMIDE,,,ΕΝΟΡΑΣΙΣ ΑΕ,2026-04-20,2026-09-25,Καθυστέρηση παράδοσης,"Εναλλακτικά άλλο σκεύασμα της ίδιας δραστικής, μορφής και περιεκτικότητας.",shortage,2026-09-23T20:59:51.231225,52310
GR,Greece,EOF,2802920504020,RIDOCA CAPS 140MG/CAP BTx20,L01AX03,TEMOZOLOMIDE,,,ΕΝΟΡΑΣΙΣ ΑΕ,2026-06-02,2026-09-25,Καθυστέρηση παράδοσης,"Εναλλακτικά άλλο σκεύασμα της ίδιας δραστικής, μορφής και περιεκτικότητας.",shortage,2026-09-23T20:59:51.231231,84336
GR,Greece,EOF,2802920501012,RIDOCA CAPS 5MG/CAP BTx5,L01AX03,TEMOZOLOMIDE,,,ΕΝΟΡΑΣΙΣ ΑΕ,2026-06-10,2026-09-25,Καθυστέρηση παράδοσης,Εναλλακτικά μέσω έκτακτης εισαγωγής,shortage,2026-09-23T20:59:51.231238,52302
GR,Greece,EOF,2802920505010,RIDOCA CAPS 180MG/CAP BTx5,L01AX03,TEMOZOLOMIDE,,,ΕΝΟΡΑΣΙΣ ΑΕ,2026-07-03,2026-09-25,Καθυστέρηση παράδοσης,"Εναλλακτικά άλλο σκεύασμα της ίδιας δραστικής, μορφής και περιεκτικότητας.",shortage,2026-09-23T20:59:51.231244,84328
GR,Greece,EOF,2802920504013,RIDOCA CAPS 140MG/CAP BTx5,L01AX03,TEMOZOLOMIDE,,,ΕΝΟΡΑΣΙΣ ΑΕ,2026-07-16,2026-09-25,Καθυστέρηση παράδοσης,"Εναλλακτικά άλλο σκεύασμα της ίδιας δραστικής, μορφής και περιεκτικότητας.",shortage,2026-09-23T20:59:51.231250,84336
GR,Greece,EOF,2802920506017,RIDOCA CAPS 250MG/CAP BTx5,L01AX03,TEMOZOLOMIDE,,,ΕΝΟΡΑΣΙΣ ΑΕ,2026-07-21,2026-09-25,Καθυστέρηση παράδοσης,"Εναλλακτικά άλλο σκεύασμα της ίδιας δραστικής, μορφής και περιεκτικότητας.",shortage,2026-09-23T20:59:51.231256,52337
GR,Greece,EOF,2802920502026,RIDOCA CAPS 20MG/CAP BTx20,L01AX03,TEMOZOLOMIDE,,,ΕΝΟΡΑΣΙΣ ΑΕ,2026-07-24,2026-09-25,Καθυστέρηση παράδοσης,"Εναλλακτικά άλλο σκεύασμα της ίδιας δραστικής, μορφής και περιεκτικότητας",shortage,2026-09-23T20:59:51.231261,52310
GR,Greece,EOF,2803160501039,TEMOZOLOMIDE ACCORD CAPS 5MG/CAP Φακελίσκος x 5 καψάκια,L01AX03,TEMOZOLOMIDE,,,"ACCORD HEALTHCARE S.L.U., SPAIN",2026-07-24,2028-07-24,Αυξημένη ζήτηση,Εναλλακτικά μέσω έκτακτης εισαγωγής,shortage,2026-09-23T20:59:51.231267,52302
GR,Greece,EOF,2802920501029,RIDOCA CAPS 5MG/CAP BTx20,L01AX03,TEMOZOLOMIDE,,,ΕΝΟΡΑΣΙΣ ΑΕ,2026-08-05,2026-09-25,Καθυστέρηση παράδοσης,Εναλλακτικά μέσω έκτακτης εισαγωγής,shortage,2026-09-23T20:59:51.231273,52302
GR,Greece,EOF,2803135201032,ARMISARTE C/S.SOL.IN 25MG/ML BTx1VIALx40ML,L01BA04,PEMETREXED,,,"ACTAVIS GROUP PTC EHF., ICELAND",2026-02-19,2026-10-12,Καθυστέρηση παράδοσης,"Εναλλακτικά άλλα σκευάσματα της ίδιας δραστικής, μορφής και περιεκτικότητας",shortage,2026-09-23T20:59:51.231280,142638
GR,Greece,EOF,2803135301015,FLUOROURACIL/OPUS INJ.SO.INF 50MG/ML BOTTLE (ΤΎΠΟΥ I) X 100 ML,L01BC02,FLUOROURACIL,,,OPUS MATERIA ΕΠΕ,2025-02-17,2026-11-30,Καθυστέρηση παράδοσης,"Εναλλακτικά άλλο σκεύασμα της ίδιας δραστικής, μορφής και περιεκτικότητας",shortage,2026-09-23T20:59:51.231286,33138
GR,Greece,EOF,2802972301042,GEMCITABINE/ACCORD C/S.SOL.IN 100MG/ML BTx1VIALx20ML,L01BC05,GEMCITABINE HYDROCHLORIDE,,,"ACCORD HEALTHCARE S.L.U., SPAIN",2026-04-29,2027-04-29,Προβλήματα στην παραγωγική διαδικασία,Εναλλακτικά άλλα σκευάσματα της ίδιας δραστικής και μορφής,shortage,2026-09-23T20:59:51.231292,101761
GR,Greece,EOF,2802972301011,GEMCITABINE/ACCORD C/S.SOL.IN 100MG/ML BTx1VIALx2ML,L01BC05,GEMCITABINE HYDROCHLORIDE,,,"ACCORD HEALTHCARE S.L.U., SPAIN",2026-04-29,2027-04-29,Προβλήματα στην παραγωγική διαδικασία,"Εναλλακτικά άλλα σκευάσματα της ίδιας δραστικής, μορφής και περιεκτικότητας",shortage,2026-09-23T20:59:51.231298,101737
GR,Greece,EOF,2803105301014,PREVELODA F.C.TAB 150MG/TAB BTX60 (6X10),L01BC06,CAPECITABINE,,,PHARMAZAC AE,2025-07-28,2026-11-23,Καθυστέρηση παράδοσης,"Εναλλακτικά άλλο σκεύασμα της ίδιας δραστικής,μορφής και περιεκτικότητας",shortage,2026-09-23T20:59:51.231304,59358
GR,Greece,EOF,2803103602069,ZERECTUM F.C.TAB 500MG/TAB BTX120 TABS (ΣΕ BLISTER PVC/PVDC/ALU),L01BC06,CAPECITABINE,,,"ΑΝΑΒΙΩΣΙΣ Α.Ε., ΕΛΛΑΔΑ",2026-03-01,2026-12-31,Καθυστέρηση παράδοσης,"Εναλλακτικά άλλα σκευάσματα της ίδιας δραστικής, μορφής και περιεκτικότητας",shortage,2026-09-23T20:59:51.231310,59366
GR,Greece,EOF,2803204201017,AZACITIDINE/SANDOZ PD.INJ.SUS 100MG/VIAL (25MG/ML) BTx 1 GLASS VIALx100 MG,L01BC07,AZACITIDINE,,,"SANDOZ PHARMACEUTICALS D.D. (ABBR. SANDOZ D.D.), SLOVENIA",2026-08-13,2026-09-07,Αυξημένη ζήτηση,"Εναλλακτικά άλλα σκευάσματα της ίδιας δραστικής, μορφής και περιεκτικότητας",shortage,2026-09-23T20:59:51.231316,88692
GR,Greece,EOF,2802916401012,JAVLOR C/S.SOL.IN 25MG/ML BTX1VIAL (ΜΕ ΓΚΡΙ ΕΛΑΣΤΙΚΌ ΠΏΜΑ) X 2ML,L01CA05,VINFLUNINE,,,"PIERRE FABRE MEDICAMENT, FRANCE",2026-09-01,2027-05-01,Προβλήματα στην παραγωγική διαδικασία,Εναλλακτικά το ίδιο φάρμακο σε διαφορετική περιεκτικότητα,shortage,2026-09-23T20:59:51.231322,119245
GR,Greece,EOF,2802788101034,DOCETAXEL/HOSPIRA C/S.SOL.IN 10MG/ML BTx1VIALx16ML (160MG/16ML),L01CD02,DOCETAXEL,,,PFIZER ΕΛΛΑΣ Α.Ε.,2026-07-27,2027-06-30,Αυξημένη ζήτηση,"Εναλλακτικά άλλα σκευάσματα της ίδιας δραστικής, μορφής και περιεκτικότητας",shortage,2026-09-23T20:59:51.231327,
GR,Greece,EOF,2802788101027,DOCETAXEL/HOSPIRA C/S.SOL.IN 10MG/ML BTx1VIALx8ML (80MG/8ML),L01CD02,DOCETAXEL,,,PFIZER ΕΛΛΑΣ Α.Ε.,2026-10-21,2027-06-30,Προβλήματα στην παραγωγική διαδικασία,"Εναλλακτικά άλλα σκευάσματα της ίδιας δραστικής, μορφής και περιεκτικότητας",shortage,2026-09-23T20:59:51.231333,
GR,Greece,EOF,2803302001014,CABAZITAXEL/ARITI C/S.SOL.IN 10MG/ML BT X 1 VIAL X 6ML,L01CD04,CABAZITAXEL,,,ΑΡΗΤΗ A.E.,2026-05-22,2026-09-07,Καθυστέρηση παράδοσης,"Εναλλακτικά άλλα σκευάσματα της ίδιας δραστικής, μορφής και περιεκτικότητας",shortage,2026-09-23T20:59:51.231339,209104
GR,Greece,EOF,2803259301014,TRABECTEDIN/TEVA PD.C.S.INF 0.25MG/VIAL BT X 1 VIAL,L01CX01,TRABECTEDIN,,,"TEVA B.V., THE NETHERLANDS",2026-07-10,2026-09-25,Καθυστέρηση παράδοσης,"Εναλλακτικά άλλο σκεύασμα της ίδιας δραστικής, μορφής και περιεκτικότητας",shortage,2026-09-23T20:59:51.231345,107654
GR,Greece,EOF,2803338302253,NILOTINIB/TEVA CAPS 200MG/CAP BT X (112 X 1) CAPS ΣΕ PERFORATED BLISTER (PVC/PE/PVDC//ALU) (UNIT DOSE),L01EA03,NILOTINIB HYDROCHLORIDE DIHYDRATE,,,"TEVA GMBH, GERMANY",2026-06-19,2026-09-30,Προβλήματα στην παραγωγική διαδικασία,"Εναλλακτικά άλλα σκευάσματα της ίδιας δραστικής, μορφής και περιεκτικότητας",shortage,2026-09-23T20:59:51.231351,230723
GR,Greece,EOF,2803292402037,AXITINIB/SANDOZ F.C.TAB 5MG/TAB BT X 56 TABS ΣΕ OPA/AL/PVC/AL BLISTERS,L01EK01,AXITINIB,,,"SANDOZ PHARMACEUTICALS D.D. (ABBR. SANDOZ D.D.), SLOVENIA",2026-08-17,2026-10-26,Αυξημένη ζήτηση,"Εναλλακτικά άλλα σκευάσματα της ίδιας δραστικής, μορφής και περιεκτικότητας",shortage,2026-09-23T20:59:51.231357,104450
GR,Greece,EOF,2803372802023,PAZOPANIB/TEVA F.C.TAB 400MG/TAB BT X 60 F.C.TAB ΣΕ ΚΥΨΕΛΕΣ (BLISTER) ALUMINIUM-PVC/PE/PVDC,L01EX03,PAZOPANIB HYDROCHLORIDE,,,"TEVA GMBH, GERMANY",2026-08-25,2026-09-15,Καθυστέρηση παράδοσης,"Εναλλακτικά το ίδιο φάρμακο σε διαφορετική περιεκτικότητα. Εναλλακτικά άλλα σκευάσματα της ίδιας δραστικής, μορφής και περιεκτικότητας",shortage,2026-09-23T20:59:51.231364,95273
GR,Greece,EOF,2802726501032,OXALIPLATIN/TEVA C/S.SOL.IN 5MG/ML BTx1VIALx100MG/20ML,L01XA03,OXALIPLATIN,,,"TEVA PHARMA B.V., HAARLEM, THE NETHERLANDS",2026-07-30,2026-10-26,Καθυστέρηση παράδοσης,"Εναλλακτικά άλλα σκευάσματα της ίδιας δραστικής, μορφής και περιεκτικότητας",shortage,2026-09-23T20:59:51.231370,79774
GR,Greece,EOF,2803150001051,SUNITINIB/TEVA CAPS 12.5MG/CAP FL (HDPE) x30 CAPS,L01XE04,SUNITINIB,,,"TEVA B.V., THE NETHERLANDS",2026-06-03,2027-02-15,Καθυστέρηση παράδοσης,"Εναλλακτικά άλλα σκευάσματα της ίδιας δραστικής, μορφής και περιεκτικότητας",shortage,2026-09-23T20:59:51.231376,
GR,Greece,EOF,2803122501015,LENVIMA CAPS 4MG/CAP BTx30 καψάκια σε BLISTERS (πολυαμιδίου/αλουμινίου/PVC//αλουμινίου),L01XE29,LENVATINIB,,,"EISAI GMBH, GERMANY",2026-08-31,2026-09-08,Καθυστέρηση παράδοσης,,shortage,2026-09-23T20:59:51.231382,
GR,Greece,EOF,2803177201014,BORTEZOMIB/PHARMAZAC PD.INJ.SOL 3.5MG/ML BTX1 VIAL,L01XG01,BORTEZOMIB,,,PHARMAZAC AE,2025-04-09,2027-01-26,Καθυστέρηση παράδοσης,"Εναλλακτικά άλλα σκευάσματα της ίδιας δραστικής, μορφής και περιεκτικότητας",shortage,2026-09-23T20:59:51.231388,75299
GR,Greece,EOF,2802889301012,TOPOCAN PD.C.SO.IN 4mg/VIAL (Γενόσημο) BTx5 (VIALx4 MG),L01XX17,TOPOTECAN HYDROCHLORIDE,,,ΑΡΗΤΗ A.E.,2026-02-18,2027-02-08,Προβλήματα στην παραγωγική διαδικασία,Εναλλακτικά μέσω έκτακτης εισαγωγής,shortage,2026-09-23T20:59:51.376487,
GR,Greece,EOF,2802862201018,MIZANTRONE C/S.SOL.IN 20MG/ML BT x 1 VIAL x 2 ML,L01XX19,IRINOTECAN HYDROCHLORIDE TRIHYDRATE,,,VOCATE ΦΑΡΜΑΚΕΥΤΙΚΗ Α.Ε.,2026-09-30,2026-11-16,Καθυστέρηση παράδοσης,"Εναλλακτικά άλλα σκευάσματα της ίδιας δραστικής, μορφής και περιεκτικότητας",shortage,2026-09-23T20:59:51.376498,
GR,Greece,EOF,2802862201032,MIZANTRONE C/S.SOL.IN 20MG/ML BT x 1 VIAL x 15 ML,L01XX19,IRINOTECAN HYDROCHLORIDE TRIHYDRATE,,,VOCATE ΦΑΡΜΑΚΕΥΤΙΚΗ Α.Ε.,2026-09-30,2026-11-23,Καθυστέρηση παράδοσης,"Εναλλακτικά άλλα σκευάσματα της ίδιας δραστικής, μορφής και περιεκτικότητας",shortage,2026-09-23T20:59:51.376505,
GR,Greece,EOF,2802862201025,MIZANTRONE C/S.SOL.IN 20MG/ML BT x 1 VIAL x 5 ML,L01XX19,IRINOTECAN HYDROCHLORIDE TRIHYDRATE,,,VOCATE ΦΑΡΜΑΚΕΥΤΙΚΗ Α.Ε.,2026-10-05,2026-11-23,Καθυστέρηση παράδοσης,"Εναλλακτικά άλλα σκευάσματα της ίδιας δραστικής, μορφής και περιεκτικότητας",shortage,2026-09-23T20:59:51.376512,
GR,Greece,EOF,2802704402016,"LEUPROL PS.INJ.SUS 11,25MG/VIAL ΚΙΤ ΠΟΥ ΠΕΡΙΈΧΕΙ: BTX1 VIAL+1 AMPX2 ML",L02AE02,LEUPRORELIN ACETATE,,,PHARMAZAC AE,2025-11-27,2026-09-07,Καθυστέρηση παράδοσης,"Εναλλακτικά άλλα σκευάσματα της ίδιας δραστικής, μορφής και περιεκτικότητας",shortage,2026-09-23T20:59:51.376518,
GR,Greece,EOF,2802857501024,"STEFAPLEX F.C.TAB 2,5MG/TAB BT x 30 (BLIST 3x10)",L02BG04,LETROZOLE,,,OPUS MATERIA ΕΠΕ,2026-06-15,2026-09-30,Καθυστέρηση παράδοσης,"Εναλλακτικά άλλα σκευάσματα της ίδιας δραστικής, μορφής και περιεκτικότητας",shortage,2026-09-23T20:59:51.376525,47724
GR,Greece,EOF,2802517304026,"PEGASYS INJ.SOL 180MCG/0,5ML BTx4PF.SYR.x0,5ML+4 INJ.N",L03AB11,PEGINTERFERON ALFA- 2A,,,"PHARMAAND GMBH, AUSTRIA",2026-07-02,2026-09-15,Καθυστέρηση παράδοσης,Εναλλακτικά μέσω έκτακτης εισαγωγής,shortage,2026-09-23T20:59:51.376531,63541
GR,Greece,EOF,2802517303029,"PEGASYS INJ.SOL 135MCG/0,5ML BTx4PF.SYR.x0,5ML+4 INJ.N",L03AB11,PEGINTERFERON ALFA- 2A,,,"PHARMAAND GMBH, AUSTRIA",2026-07-02,2026-09-15,Καθυστέρηση παράδοσης,Εναλλακτικά μέσω έκτακτης εισαγωγής,shortage,2026-09-23T20:59:51.376537,63533
GR,Greece,EOF,2803196704022,HEFIYA INJ.SOL 40MG/0.4ML 2 PF.SYRS X 0.4ML με μηχανισμό προστασίας βελόνας,L04AB04,ADALIMUMAB,,,"SANDOZ GMBH, KUNDL, AUSTRIA",2026-05-13,2026-10-16,Αυξημένη ζήτηση,"Εναλλακτικά άλλα σκευάσματα της ίδιας δραστικής, μορφής και περιεκτικότητας",shortage,2026-09-23T20:59:51.376543,129798
GR,Greece,EOF,2803362803016,UZPRUVO C/S.SOL.IN 130MG/26ML (5MG/ML) BT X 1 VIAL X 26ML,L04AC05,USTEKINUMAB,,,"STADA ARZNEIMITTEL AG, GERMANY",2026-08-27,2026-09-25,Καθυστέρηση παράδοσης,"Εναλλακτικά άλλα σκευάσματα της ίδιας δραστικής, μορφής και περιεκτικότητας",shortage,2026-09-23T20:59:51.376549,138274
GR,Greece,EOF,2803258906012,LENALIDOMIDE ACCORD CAPS 20.0MG/CAP 21x1 καψάκια (μονάδα δόσης) σε BLISTERS OPA/alu/PVC/alu,L04AX04,LENALIDOMIDE,,,"ACCORD HEALTHCARE S.L.U., SPAIN",2026-04-29,2027-04-29,Προβλήματα στην παραγωγική διαδικασία,"Εναλλακτικά άλλα σκευάσματα της ίδιας δραστικής, μορφής και περιεκτικότητας",shortage,2026-09-23T20:59:51.376556,125741
GR,Greece,EOF,2803350101018,POMALIDOMIDE/GRINDEKS CAPS 1MG/CAP BT X 21 CAPS ΣΕ BLISTERS PVC/PCTFE/PVC//ALU,L04AX06,POMALIDOMIDE,,,"AS GRINDEKS, LATVIA",2026-08-27,2026-10-31,Καθυστέρηση παράδοσης,"Εναλλακτικά άλλα σκευάσματα της ίδιας δραστικής, μορφής και περιεκτικότητας",shortage,2026-09-23T20:59:51.376562,107514
GR,Greece,EOF,2802506701010,INFLABION CAPS 50MG/CAP BTx30(BLIST 3x10),M01AX21,DIACEREIN,,,"HELP Α.Β.Ε.Ε. , ΕΛΛΑΔΑ",2026-05-11,2026-09-30,Καθυστέρηση παράδοσης,"Εναλλακτικά άλλα σκευάσματα της ίδιας δραστικής, μορφής και περιεκτικότητας",shortage,2026-09-23T20:59:51.376568,
GR,Greece,EOF,2801628206014,VURDON GEL.EXT.US 1% W/W TUB x 100 G,M02AA15,DICLOFENAC DIETHYLAMMONIUM,,,"HELP Α.Β.Ε.Ε. , ΕΛΛΑΔΑ",2026-07-21,2026-09-18,Καθυστέρηση παράδοσης,"Εναλλακτικά άλλα σκευάσματα της ίδιας δραστικής, μορφής και περιεκτικότητας",shortage,2026-09-23T20:59:51.376574,143766
GR,Greece,EOF,2803121801017,COLCHICINE/FARMASYN TABLET 1MG/TAB BTx40 tabs σε αδιαφανές PVC/ALU blisters,M04AC01,COLCHICINE,,,"ΦΑΡΜΑΣΥΝ Α.Ε., ΕΛΛΑΔΑ",2026-03-01,2026-12-31,Καθυστέρηση παράδοσης,Εναλλακτικά το ίδιο φάρμακο σε διαφορετική συσκευασία,shortage,2026-09-23T20:59:51.376580,48828
GR,Greece,EOF,2802693701015,"ACLASTA SOL.INF 0,05 MG/ML BT x 1 BOTTLEx100 ML",M05BA08,ZOLEDRONIC ACID,,,"SANDOZ PHARMACEUTICALS D.D. (ABBR. SANDOZ D.D.), SLOVENIA",2026-07-17,2026-09-21,Αυξημένη ζήτηση,Εναλλακτικά άλλα σκευάσματα της ίδιας δραστικής και μορφής με τις ίδιες ενδείξεις,shortage,2026-09-23T20:59:51.376586,79790
GR,Greece,EOF,2800057004017,XYLOCAINE GEL.EXT.US 2% W/W TUBx30G,N01BB02,LIDOCAINE HYDROCHLORIDE MONOHYDRATE,,,"ASPEN PHARMA TRADING LIMITED, IRELAND",2026-04-17,2026-09-15,Προβλήματα στην παραγωγική διαδικασία,Εναλλακτικά το ίδιο φάρμακο σε διαφορετική μορφή,shortage,2026-09-23T20:59:51.376593,81930
GR,Greece,EOF,2802930801010,QUTENZA CUT.PATCH 179MG/CM(2) 1 SACHETx1 PATCH+ σετ χορήγησης,N01BX04,CAPSAICIN,,,"GRUNENTHAL GMBH, GERMANY",2026-06-29,2026-09-07,Καθυστέρηση παράδοσης,"Εναλλακτικά άλλα σκευάσματα της ίδιας δραστικής, διαφορετικής μορφής",shortage,2026-09-23T20:59:51.376599,94099
GR,Greece,EOF,2802947201018,TROPIUM INJ.SOL 100MG/2ML BTx5 AMP,N02AX02,TRAMADOL HYDROCHLORIDE,,,MEDOCHEMIE HELLAS A.E.,2026-07-01,2026-10-07,Αυξημένη ζήτηση,"Εναλλακτικά άλλο σκεύασμα της ίδιας δραστικής, μορφής και περιεκτικότητας",shortage,2026-09-23T20:59:51.376606,
GR,Greece,EOF,2800232806030,DEPON SYR 120MG/5ML FLx150ML,N02BE01,PARACETAMOL,,,"UPSA SAS, FRANCE",2026-10-01,2026-11-13,Καθυστέρηση παράδοσης,"Εναλλακτικά άλλα σκευάσματα της ίδιας δραστικής, μορφής και περιεκτικότητας",shortage,2026-09-23T20:59:51.376612,
GR,Greece,EOF,2802026502012,"IMIGRAN INJ.SOL 6MG/0,5ML SYRING BTx2 SYRINGES x0,5 ML",N02CC01,SUMATRIPTAN SUCCINATE,,,GLAXOSMITHKLINE ΜΟΝΟΠΡΟΣΩΠΗ Α.Ε.Β.Ε.,2026-07-31,2026-09-14,Προβλήματα στην παραγωγική διαδικασία,Εναλλακτικά το ίδιο φάρμακο σε διαφορετική συσκευασία,shortage,2026-09-23T20:59:51.376618,38210
GR,Greece,EOF,2803080002012,RIZATRIPTAN/GENEPHARM OR.DISP.TA 10MG/TAB BTx6 δισκία σε αποσπώμενη διάτρητη κυψέλη,N02CC04,RIZATRIPTAN BENZOATE,,,"GENEPHARM AE, ΕΛΛΑΔΑ",2026-10-08,2026-12-31,Καθυστέρηση παράδοσης,"Εναλλακτικά άλλο σκεύασμα της ίδιας δραστικής, μορφής και περιεκτικότητας",shortage,2026-09-23T20:59:51.376625,50520
GR,Greece,EOF,2802545301035,"MIGRALIN F.C.TAB 2,5 MG/TAB BTx 6 (BLIST 1 x 6 )",N02CC07,FROVATRIPTAN SUCCINATE MONOHYDRATE,,,"MENARINI INTER.OPERAT.LUXEMBURG SA, LUXEMBURG",2026-07-31,2026-09-15,Καθυστέρηση παράδοσης,Εναλλακτικά άλλα σκευάσματα της ίδιας κατηγορίας N02CC-Eκλεκτικοί αγωνιστές υποδοχέων σεροτονίνης (5-ΗΤ1) με τις ίδιες ενδείξεις,shortage,2026-09-23T20:59:51.376631,70688
GR,Greece,EOF,2802667202012,GABENTAL CAPS 300MG/CAP BTx50 (BLIST 5x10),N03AX12,GABAPENTIN,,,ΒΙΑΝ ΑΕ,2026-05-13,2026-12-31,Καθυστέρηση παράδοσης,"Εναλλακτικά άλλα σκευάσματα της ίδιας δραστικής, μορφής και περιεκτικότητας",shortage,2026-09-23T20:59:51.376637,
GR,Greece,EOF,2802963004037,LEVETIRACETAM/SANDOZ F.C.TAB 1000MG/TAB BTx30 (OPA/AL/PVC-AL Blister),N03AX14,LEVETIRACETAM,,,"SANDOZ GMBH, KUNDL, AUSTRIA",2026-07-28,2026-09-30,Προβλήματα στην παραγωγική διαδικασία,"Εναλλακτικά άλλα σκευάσματα της ίδιας δραστικής, μορφής και περιεκτικότητας",shortage,2026-09-23T20:59:51.376643,58408
GR,Greece,EOF,2802430002023,ZONEGRAN CAPS 50MG/CAP BTx28 σε BLISTERS PVC/PCTFΕ/ALU,N03AX15,ZONISAMIDE,,,"AMDIPHARM LIMITED, IRELAND",2026-07-01,2026-10-15,Καθυστέρηση παράδοσης,"Εναλλακτικά άλλα σκευάσματα της ίδιας κατηγορίας N03AX, Άλλα Αντιεπιλεπτικά που χορηγούνται μόνο για την αντιμετώπιση των επιληπτικών κρίσεων, με τις ίδιες ενδείξεις",shortage,2026-09-23T20:59:51.376649,95303
GR,Greece,EOF,2802430003013,ZONEGRAN CAPS 100MG/CAP BTx56 σε BLISTERS PVC/ALU,N03AX15,ZONISAMIDE,,,"AMDIPHARM LIMITED, IRELAND",2026-07-01,2026-10-15,Καθυστέρηση παράδοσης,"Εναλλακτικά άλλα σκευάσματα της ίδιας κατηγορίας N03AX, Άλλα Αντιεπιλεπτικά που χορηγούνται μόνο για την αντιμετώπιση των επιληπτικών κρίσεων, με τις ίδιες ενδείξεις",shortage,2026-09-23T20:59:51.376655,95311
GR,Greece,EOF,2803125705113,LYGABRIN CAPS 150MG/CAP BOTTLE X 200 (ΣΕ BOTTLE ΑΠΌ HDPE),N03AX16,PREGABALIN,,,"ΑΝΑΒΙΩΣΙΣ Α.Ε., ΕΛΛΑΔΑ",2025-04-04,2026-12-31,Καθυστέρηση παράδοσης,"Εναλλακτικά άλλα σκευάσματα της ίδιας δραστικής, μορφής και περιεκτικότητας",shortage,2026-09-23T20:59:51.376661,
GR,Greece,EOF,2803125701108,LYGABRIN CAPS 25MG/CAP BOTTLE X 30 (ΣΕ BOTTLE ΑΠΌ HDPE),N03AX16,PREGABALIN,,,"ΑΝΑΒΙΩΣΙΣ Α.Ε., ΕΛΛΑΔΑ",2025-04-04,2026-12-31,Καθυστέρηση παράδοσης,"Εναλλακτικά άλλα σκευάσματα της ίδιας δραστικής, μορφής και περιεκτικότητας",shortage,2026-09-23T20:59:51.376667,
GR,Greece,EOF,2803125706103,LYGABRIN CAPS 300MG/CAP BOTTLE X 30 (ΣΕ BOTTLE ΑΠΌ HDPE),N03AX16,PREGABALIN,,,"ΑΝΑΒΙΩΣΙΣ Α.Ε., ΕΛΛΑΔΑ",2025-04-04,2026-12-31,Καθυστέρηση παράδοσης,"Εναλλακτικά άλλα σκευάσματα της ίδιας δραστικής, μορφής και περιεκτικότητας",shortage,2026-09-23T20:59:51.376673,
GR,Greece,EOF,2803125703102,LYGABRIN CAPS 75MG/CAP BOTTLE X 30 (ΣΕ BOTTLE ΑΠΌ HDPE),N03AX16,PREGABALIN,,,"ΑΝΑΒΙΩΣΙΣ Α.Ε., ΕΛΛΑΔΑ",2025-04-04,2026-12-31,Καθυστέρηση παράδοσης,"Εναλλακτικά άλλα σκευάσματα της ίδιας δραστικής, μορφής και περιεκτικότητας",shortage,2026-09-23T20:59:51.376679,
GR,Greece,EOF,2802665702033,LYRICA CAPS 50MG/CAP BTX56ΚΥΨΕΛΗ(PVC/AL),N03AX16,PREGABALIN,,,"UPJOHN EESV, NETHERLANDS",2026-09-01,2026-09-15,Καθυστέρηση παράδοσης,"Εναλλακτικά άλλα σκευάσματα της ίδιας δραστικής, μορφής και περιεκτικότητας",shortage,2026-09-23T20:59:51.376686,
GR,Greece,EOF,2803143108040,PREGABALIN SANDOZ CAPS 300MG/CAP BTx56 καψάκια σε BLISTER (PVC/PVDC/alu),N03AX16,PREGABALIN,,,"SANDOZ GMBH, KUNDL, AUSTRIA",2026-07-28,2026-11-30,Αυξημένη ζήτηση,"Εναλλακτικά άλλα σκευάσματα της ίδιας δραστικής, μορφής και περιεκτικότητας",shortage,2026-09-23T20:59:51.376692,
GR,Greece,EOF,2803143101034,PREGABALIN SANDOZ CAPS 25MG/CAP BTx56 καψάκια σε BLISTER (PVC/PVDC/alu),N03AX16,PREGABALIN,,,"SANDOZ GMBH, KUNDL, AUSTRIA",2026-08-03,2026-11-30,Αυξημένη ζήτηση,"Εναλλακτικά άλλα σκευάσματα της ίδιας δραστικής, μορφής και περιεκτικότητας",shortage,2026-09-23T20:59:51.376698,
GR,Greece,EOF,2802665703023,LYRICA CAPS 75MG/CAP BTx56 ΚΥΨΕΛΗ (PVC/AL),N03AX16,PREGABALIN,,,"UPJOHN EESV, NETHERLANDS",2026-08-06,2026-09-15,Καθυστέρηση παράδοσης,"Εναλλακτικά άλλα σκευάσματα της ίδιας δραστικής, μορφής και περιεκτικότητας",shortage,2026-09-23T20:59:51.376704,
GR,Greece,EOF,2803391408022,PREGABALIN VIATRIS CAPS 300MG/CAP BTx56 καψάκια σε BLISTER (PVC/PVDC/αλουμινίου),N03AX16,PREGABALIN,,,"VIATRIS LIMITED, IRELAND",2026-08-05,2026-12-31,Αυξημένη ζήτηση,"Εναλλακτικά άλλα σκευάσματα της ίδιας δραστικής, μορφής και περιεκτικότητας",shortage,2026-09-23T20:59:51.530330,
GR,Greece,EOF,2803088206016,PREBANEL ORAL.SOL 20MG/ML BTx1 (Bottle x 473mL) σε Bottle (HDPE with white cap + 5ml graduated syringe + a Press - in Bottle adaptor),N03AX16,PREGABALIN,,,ΒΙΑΝ ΑΕ,2026-08-26,2026-09-30,Καθυστέρηση παράδοσης,"Εναλλακτικά άλλο σκεύασμα της ίδιας δραστικής, μορφής και περιεκτικότητας",shortage,2026-09-23T20:59:51.530339,
GR,Greece,EOF,2801203801023,SYMMETREL SOFT.CAPS 100MG/CAP BTX60 (HDPE BOTTLE),N04BB01,AMANTADINE HYDROCHLORIDE,,,NOVARTIS (HELLAS) A.E.B.E.,2026-10-01,2026-11-27,Καθυστέρηση παράδοσης,Εναλλακτικά όμοιο προϊόν μέσω έκτακτης εισαγωγής,shortage,2026-09-23T20:59:51.530346,485
GR,Greece,EOF,2802817402026,"GLEPARK TABLET 0,18MG/TAB BTx100",N04BC05,PRAMIPEXOLE DIHYDROCHLORIDE MONOHYDRATE,,,BENNETT ΦΑΡΜΑΚΕΥΤΙΚΗ Α.Ε.,2026-04-30,2026-09-30,Καθυστέρηση παράδοσης,"Εναλλακτικά άλλα σκευάσματα της ίδιας δραστικής, μορφής και περιεκτικότητας",shortage,2026-09-23T20:59:51.530353,49441
GR,Greece,EOF,2802817402019,"GLEPARK TABLET 0,18MG/TAB BTx30",N04BC05,PRAMIPEXOLE DIHYDROCHLORIDE MONOHYDRATE,,,BENNETT ΦΑΡΜΑΚΕΥΤΙΚΗ Α.Ε.,2026-04-30,2026-09-30,Καθυστέρηση παράδοσης,"Εναλλακτικά άλλα σκευάσματα της ίδιας δραστικής, μορφής και περιεκτικότητας",shortage,2026-09-23T20:59:51.530359,49441
GR,Greece,EOF,2802817404020,"GLEPARK TABLET 0,7MG/TAB BTx100",N04BC05,PRAMIPEXOLE DIHYDROCHLORIDE MPROANMOIHPEYXDORLAET E,,,BENNETT ΦΑΡΜΑΚΕΥΤΙΚΗ Α.Ε.,2026-04-30,2026-09-30,Καθυστέρηση παράδοσης,"Εναλλακτικά άλλα σκευάσματα της ίδιας δραστικής, μορφής και περιεκτικότητας",shortage,2026-09-23T20:59:51.530365,49433
GR,Greece,EOF,2802817404013,"GLEPARK TABLET 0,7MG/TAB BTx30",N04BC05,DIHYDROCHLORIDE MONOHYDRATE,,,BENNETT ΦΑΡΜΑΚΕΥΤΙΚΗ Α.Ε.,2026-04-30,2026-09-30,Καθυστέρηση παράδοσης,"Εναλλακτικά άλλα σκευάσματα της ίδιας δραστικής, μορφής και περιεκτικότητας",shortage,2026-09-23T20:59:51.530371,49433
GR,Greece,EOF,2802735601020,"XOMOLIX INJ.SOL 2,5MG/ML BTx 10 AMPS x 1 ML (σε γυάλινη φύσιγγα)",N05AD08,DROPERIDOL,,,"SUBSTIPHARM, FRANCE",2026-07-20,2026-12-21,Καθυστέρηση παράδοσης,Εναλλακτικά μέσω έκτακτης εισαγωγής,shortage,2026-09-23T20:59:51.530378,75191
GR,Greece,EOF,2803057502149,OLANZAPINE/MYLAN OR.DISP.TA 10MG/TAB BTx28 (OPA/Al/PVC BLISTERS),N05AH03,OLANZAPINE,,,"MYLAN PHARMACEUTICALS LIMITED, IRELAND",2025-11-17,2026-11-30,Καθυστέρηση παράδοσης,"Εναλλακτικά άλλα σκευάσματα της ίδιας δραστικής, μορφής και περιεκτικότητας",shortage,2026-09-23T20:59:51.530384,60968
GR,Greece,EOF,2803057504143,OLANZAPINE/MYLAN OR.DISP.TA 20MG/TAB BTx28 (OPA/Al/PVC BLISTERS),N05AH03,OLANZAPINE,,,"MYLAN PHARMACEUTICALS LIMITED, IRELAND",2026-06-15,2026-09-30,Καθυστέρηση παράδοσης,"Εναλλακτικά άλλα σκευάσματα της ίδιας δραστικής, μορφής και περιεκτικότητας",shortage,2026-09-23T20:59:51.530390,69612
GR,Greece,EOF,2803057501142,OLANZAPINE/MYLAN OR.DISP.TA 5MG/TAB BTX28 (OPA/AL/PVC BLISTERS),N05AH03,OLANZAPINE,,,"MYLAN PHARMACEUTICALS LIMITED, IRELAND",2026-05-01,2026-09-30,Καθυστέρηση παράδοσης,"Εναλλακτικά άλλα σκευάσματα της ίδιας δραστικής, μορφής και περιεκτικότητας",shortage,2026-09-23T20:59:51.530396,60941
GR,Greece,EOF,2802749902069,OLANZAPIN/SANDOZ F.C.TAB 5MG/TAB BTx30 (σε BLISTER ALU/ALU),N05AH03,OLANZAPINE,,,"SANDOZ GMBH, KUNDL, AUSTRIA",2026-07-31,2026-09-15,Προβλήματα στην παραγωγική διαδικασία,"Εναλλακτικά άλλα σκευάσματα της ίδιας δραστικής, μορφής και περιεκτικότητας",shortage,2026-09-23T20:59:51.530402,45543
GR,Greece,EOF,2802893501019,ZYPADHERA PD.S.IN.PR 210MG/VIAL BTx1VIAL+1VIALx3ML SOLV + σετ χορήγησης,N05AH03,OLANZAPINE,,,"CHEPLAPHARM REGISTRATION GMBH, GERMANY",2026-09-15,2026-12-18,Καθυστέρηση παράδοσης,Εναλλακτικά μέσω έκτακτης εισαγωγής,shortage,2026-09-23T20:59:51.530409,90190
GR,Greece,EOF,2803093102020,QUENTAL PR.TAB 200MG/TAB BTX30 (WHITE OPAQUE PVC/-PVDC-ALU BLISTER),N05AH04,QUETIAPINE FUMARATE,,,PHARMAZAC AE,2025-10-07,2026-12-07,Καθυστέρηση παράδοσης,"Εναλλακτικά άλλα σκευάσματα της ίδιας δραστικής, μορφής και περιεκτικότητας",shortage,2026-09-23T20:59:51.530415,84190
GR,Greece,EOF,2803093103027,QUENTAL PR.TAB 300MG/TAB BTX30 (WHITE OPAQUE PVC/-PVDC-ALU BLISTER),N05AH04,QUETIAPINE FUMARATE,,,PHARMAZAC AE,2025-10-07,2026-12-07,Καθυστέρηση παράδοσης,"Εναλλακτικά άλλα σκευάσματα της ίδιας δραστικής, μορφής και περιεκτικότητας",shortage,2026-09-23T20:59:51.530421,84204
GR,Greece,EOF,2803093104024,QUENTAL PR.TAB 400MG/TAB BTX30 (WHITE OPAQUE PVC/-PVDC-ALU BLISTER),N05AH04,QUETIAPINE FUMARATE,,,PHARMAZAC AE,2025-10-07,2026-12-07,Καθυστέρηση παράδοσης,"Εναλλακτικά άλλα σκευάσματα της ίδιας δραστικής, μορφής και περιεκτικότητας",shortage,2026-09-23T20:59:51.530427,84212
GR,Greece,EOF,2803148102029,ETIABEN XR® PR.TAB 150MG/TAB BTx30 (3x10) tabs σε PVC/PCTFE-Aluminium foil blisters,N05AH04,QUETIAPINE FUMARATE,,,BENNETT ΦΑΡΜΑΚΕΥΤΙΚΗ Α.Ε.,2026-08-28,2026-10-31,Καθυστέρηση παράδοσης,"Εναλλακτικά άλλα σκευάσματα της ίδιας δραστικής, μορφής και περιεκτικότητας",shortage,2026-09-23T20:59:51.530433,94757
GR,Greece,EOF,2803094902025,ANAQUETAN XR PR.TAB 200MG/TAB BTX30 TABS (WHITE OPAQUE BLISTER PVC/PVDC-ALU),N05AH04,QUETIAPINE FUMARATE,,,"ΑΝΑΒΙΩΣΙΣ Α.Ε., ΕΛΛΑΔΑ",2025-04-04,2027-09-30,Καθυστέρηση παράδοσης,"Εναλλακτικά άλλα σκευάσματα της ίδιας δραστικής, μορφής και περιεκτικότητας",shortage,2026-09-23T20:59:51.530439,84190
GR,Greece,EOF,2803094903022,ANAQUETAN XR PR.TAB 300MG/TAB BTX30 TABS (WHITE OPAQUE BLISTER PVC/PVDC-ALU),N05AH04,QUETIAPINE FUMARATE,,,"ΑΝΑΒΙΩΣΙΣ Α.Ε., ΕΛΛΑΔΑ",2025-04-04,2027-09-30,Καθυστέρηση παράδοσης,"Εναλλακτικά άλλα σκευάσματα της ίδιας δραστικής, αλλά διαφορετικής περιεκτικότητας",shortage,2026-09-23T20:59:51.530445,84204
GR,Greece,EOF,2803094904029,ANAQUETAN XR PR.TAB 400MG/TAB BTX30 TABS (WHITE OPAQUE BLISTER PVC/PVDC-ALU),N05AH04,QUETIAPINE FUMARATE,,,"ΑΝΑΒΙΩΣΙΣ Α.Ε., ΕΛΛΑΔΑ",2025-04-04,2027-09-30,Καθυστέρηση παράδοσης,Εναλλακτικά άλλα σκευάσματα της ίδιας δραστικής και περιεκτικότητας,shortage,2026-09-23T20:59:51.530451,84212
GR,Greece,EOF,2803094901028,ANAQUETAN XR PR.TAB 50MG/TAB BTX30 TABS (WHITE OPAQUE BLISTER PVC/PVDC-ALU),N05AH04,QUETIAPINE FUMARATE,,,"ΑΝΑΒΙΩΣΙΣ Α.Ε., ΕΛΛΑΔΑ",2025-09-08,2026-09-24,Καθυστέρηση παράδοσης,"Εναλλακτικά άλλα σκευάσματα της ίδιας δραστικής, μορφής και περιεκτικότητας",shortage,2026-09-23T20:59:51.530457,84182
GR,Greece,EOF,2803148105020,ETIABEN XR® PR.TAB 400MG/TAB BTx30 (3x10) tabs σε PVC/PCTFE-Aluminium foil blisters,N05AH04,QUETIAPINE FUMARATE,,,BENNETT ΦΑΡΜΑΚΕΥΤΙΚΗ Α.Ε.,2026-04-15,2026-10-31,Καθυστέρηση παράδοσης,"Εναλλακτικά άλλα σκευάσματα της ίδιας δραστικής, μορφής και περιεκτικότητας",shortage,2026-09-23T20:59:51.530463,84212
GR,Greece,EOF,2803148101022,ETIABEN XR® PR.TAB 50MG/TAB BTx30 (3x10) tabs σε PVC/PCTFE-Aluminium foil blisters,N05AH04,QUETIAPINE FUMARATE,,,BENNETT ΦΑΡΜΑΚΕΥΤΙΚΗ Α.Ε.,2026-04-15,2026-10-31,Καθυστέρηση παράδοσης,"Εναλλακτικά άλλα σκευάσματα της ίδιας δραστικής, μορφής και περιεκτικότητας",shortage,2026-09-23T20:59:51.530469,84182
GR,Greece,EOF,2803093101023,QUENTAL PR.TAB 50MG/TAB BTX30 (WHITE OPAQUE PVC/-PVDC-ALU BLISTER),N05AH04,QUETIAPINE FUMARATE,,,PHARMAZAC AE,2025-10-07,2026-12-07,Καθυστέρηση παράδοσης,"Εναλλακτικά άλλα σκευάσματα της ίδιας δραστικής, μορφής και περιεκτικότητας",shortage,2026-09-23T20:59:51.530475,84182
GR,Greece,EOF,2803058405104,QUETIAPINE/MYLAN PR.TAB 400MG/TAB BTx30 (PVC/PVDC-ALU blisters),N05AH04,QUETIAPINE FUMARATE,,,"MYLAN PHARMACEUTICALS LIMITED, IRELAND",2026-05-06,2026-12-31,Αυξημένη ζήτηση,"Εναλλακτικά άλλα σκευάσματα της ίδιας δραστικής, μορφής και περιεκτικότητας",shortage,2026-09-23T20:59:51.530481,84212
GR,Greece,EOF,2803055505036,MEGAZON PR.TAB 400MG/TAB BTx30 σε PVC/PCTFE- Aluminium Foil Blisters,N05AH04,QUETIAPINE FUMARATE,,,"PHARMATHEN INVESTMENTS GROUP LIMITED, CYPRUS",2025-12-01,2026-09-30,Καθυστέρηση παράδοσης,"Εναλλακτικά άλλα σκευάσματα της ίδιας δραστικής, μορφής και περιεκτικότητας",shortage,2026-09-23T20:59:51.530487,84212
GR,Greece,EOF,2803055501038,MEGAZON PR.TAB 50MG/TAB BTx30 σε PVC/PCTFE- Aluminium Foil Blisters,N05AH04,QUETIAPINE FUMARATE,,,"PHARMATHEN INVESTMENTS GROUP LIMITED, CYPRUS",2026-05-18,2026-09-30,Καθυστέρηση παράδοσης,"Εναλλακτικά άλλα σκευάσματα της ίδιας δραστικής, μορφής και ίδιας ή διαφορετικής περιεκτικότητας",shortage,2026-09-23T20:59:51.530493,84182
GR,Greece,EOF,2803055503032,MEGAZON PR.TAB 200MG/TAB BTx30 σε PVC/PCTFE- Aluminium Foil Blisters,N05AH04,QUETIAPINE FUMARATE,,,"PHARMATHEN INVESTMENTS GROUP LIMITED, CYPRUS",2026-09-01,2026-10-30,Καθυστέρηση παράδοσης,"Εναλλακτικά άλλα σκευάσματα της ίδιας δραστικής, μορφής και περιεκτικότητας",shortage,2026-09-23T20:59:51.530500,
GR,Greece,EOF,2803058403124,QUETIAPINE/MYLAN PR.TAB 200MG/TAB BTx30 (PVC/PVDC-ALU blisters),N05AH04,QUETIAPINE FUMARATE,,,"MYLAN PHARMACEUTICALS LIMITED, IRELAND",2026-08-05,2026-12-31,Αυξημένη ζήτηση,"Εναλλακτικά άλλα σκευάσματα της ίδιας δραστικής, μορφής και περιεκτικότητας",shortage,2026-09-23T20:59:51.530506,50776
GR,Greece,EOF,2803067202015,QUAPIANOL F.C.TAB 100MG/TAB BTx60 (PVC-Aluminium foil blisters),N05AH04,QUETIAPINE FUMARATE,,,ΑΝΦΑΡΜ ΕΛΛΑΣ Α.Ε.,2026-08-06,2026-12-31,Αυξημένη ζήτηση,"Εναλλακτικά άλλα σκευάσματα της ίδιας δραστικής, μορφής και περιεκτικότητας",shortage,2026-09-23T20:59:51.530512,50768
GR,Greece,EOF,2803067201018,QUAPIANOL F.C.TAB 25MG/TAB BTx60 (PVC-Aluminium foil blisters),N05AH04,QUETIAPINE FUMARATE,,,ΑΝΦΑΡΜ ΕΛΛΑΣ Α.Ε.,2026-08-06,2026-12-31,Αυξημένη ζήτηση,"Εναλλακτικά άλλα σκευάσματα της ίδιας δραστικής, μορφής και περιεκτικότητας",shortage,2026-09-23T20:59:51.530518,50741
GR,Greece,EOF,2803067204019,QUAPIANOL F.C.TAB 300MG/TAB BTx30 (PVC-Aluminium foil blisters),N05AH04,QUETIAPINE FUMARATE,,,ΑΝΦΑΡΜ ΕΛΛΑΣ Α.Ε.,2026-08-06,2026-12-31,Αυξημένη ζήτηση,"Εναλλακτικά άλλα σκευάσματα της ίδια δραστικής, μορφής και περιεκτικότητας",shortage,2026-09-23T20:59:51.530524,60283
GR,Greece,EOF,2803148104023,ETIABEN XR® PR.TAB 300MG/TAB BTx30 (3x10) tabs σε PVC/PCTFE-Aluminium foil blisters,N05AH04,QUETIAPINE FUMARATE,,,BENNETT ΦΑΡΜΑΚΕΥΤΙΚΗ Α.Ε.,2026-08-28,2026-10-31,Καθυστέρηση παράδοσης,"Εναλλακτικά άλλα σκευάσματα της ίδια δραστικής, μορφής και περιεκτικότητας",shortage,2026-09-23T20:59:51.530530,84204
GR,Greece,EOF,2803083003023,ARPOYA TABLET 15MG/TAB BTx28 tabs σε (PA/Alu foil perforated blisters (alu-alu blister),N05AX12,ARIPIPRAZOLE,,,"PHARMATHEN INVESTMENTS GROUP LIMITED, CYPRUS",2026-02-12,2026-12-31,Καθυστέρηση παράδοσης,"Εναλλακτικά άλλα σκευάσματα της ίδιας δραστικής, μορφής και περιεκτικότητας",shortage,2026-09-23T20:59:51.530536,75256
GR,Greece,EOF,2803260601011,PALIPERIDONE/TEVA PHARMA INJ.SU.PRO 75MG/P.F.SYR BT X 1 P.F.SYR X 2 ΒΕΛΟΝΕΣ,N05AX13,PALIPERIDONE PALMITATE,,,"TEVA PHARMA B.V., HAARLEM, THE NETHERLANDS",2026-07-20,2026-09-17,Καθυστέρηση παράδοσης,"Εναλλακτικά άλλα σκευάσματα της ίδιας δραστικής, μορφής και περιεκτικότητας",shortage,2026-09-23T20:59:51.530543,96970
GR,Greece,EOF,2803232503022,RXULTI F.C.TAB 1.0 MG/TAB BTx28 δισκία σε BLISTERS (PVC/Alu),N05AX16,BREXPIPRAZOLE,,,"OTSUKA PHARMACEUTICAL NETHERLANDS B.V., THE NETHERLANDS",2026-08-28,2026-09-30,Αυξημένη ζήτηση,Εναλλακτικά το ίδιο σκεύασμα με ξενόγλωσση συσκευασία,shortage,2026-09-23T20:59:51.530550,197467
GR,Greece,EOF,2803416401021,LADOSOLE CAPS 20MG/CAP BT X 28 (BLIST 4X7),N06AB03,FLUOXETINE HYDROCHLORIDE,,,"ΦΑΡΜΑΣΕΡΒ ΕΛΛΑΣ Α.Ε.Β.Ε., ΕΛΛΑΔΑ",2026-08-31,2026-09-15,Καθυστέρηση παράδοσης,"Εναλλακτικά άλλα σκευάσματα της ίδιας δραστικής, μορφής και περιεκτικότητας",shortage,2026-09-23T20:59:51.706459,28444
GR,Greece,EOF,2802706002016,LOPRAXER F.C.TAB 20MG/TAB BTx 28 (BLIST 2 x14),N06AB04,CITALOPRAM HYDROBROMIDE,,,"HELP Α.Β.Ε.Ε. , ΕΛΛΑΔΑ",2026-05-11,2026-09-30,Καθυστέρηση παράδοσης,"Εναλλακτικά άλλα σκευάσματα της ίδιας δραστικής, μορφής και περιεκτικότητας",shortage,2026-09-23T20:59:51.706470,
GR,Greece,EOF,2802689202052,ZOLOTRIN F.C.TAB 100MG/TAB ΒΤ X 30 ΣΕ BLISTERS PVC/ALUMINIUM,N06AB06,SERTRALINE HYDROCHLORIDE,,,INNOVIS PHARMA A.E.B.E.,2025-06-30,2026-09-30,Καθυστέρηση παράδοσης,"Εναλλακτικά άλλα σκευάσματα της ίδιας δραστικής, μορφής και περιεκτικότητας",shortage,2026-09-23T20:59:51.706477,39411
GR,Greece,EOF,2802689201055,ZOLOTRIN F.C.TAB 50MG/TAB ΒΤ X 30 ΣΕ BLISTERS PVC/ALUMINIUM,N06AB06,SERTRALINE HYDROCHLORIDE,,,INNOVIS PHARMA A.E.B.E.,2025-06-30,2026-09-30,Καθυστέρηση παράδοσης,"Εναλλακτικά άλλα σκευάσματα της ίδιας δραστικής, μορφής και περιεκτικότητας",shortage,2026-09-23T20:59:51.706484,39403
GR,Greece,EOF,2803053504024,ESPOZA F.C.TAB 20MG/TAB BTx28 (ALU/ALU blister),N06AB10,ESCITALOPRAM OXALATE,,,INNOVIS PHARMA A.E.B.E.,2026-05-18,2026-09-30,Καθυστέρηση παράδοσης,"Εναλλακτικά άλλα σκευάσματα της ίδιας δραστικής, μορφής και περιεκτικότητας",shortage,2026-09-23T20:59:51.706491,74977
GR,Greece,EOF,2803136802054,ESCITALOPRAM/MYLAN F.C.TAB 20MG/TAB BT x 30 TABS σε blisters (PVC/PVdC/Alu),N06AB10,ESCITALOPRAM OXALATE,,,"MYLAN PHARMACEUTICALS LIMITED, IRELAND",2026-07-15,2026-09-15,Καθυστέρηση παράδοσης,"Εναλλακτικά άλλα σκευάσματα της ίδιας δραστικής, μορφής και περιεκτικότητας",shortage,2026-09-23T20:59:51.706498,74977
GR,Greece,EOF,2803053504093,ESPOZA F.C.TAB 20MG/TAB BTx14 (ALU/ALU blister),N06AB10,ESCITALOPRAM OXALATE,,,INNOVIS PHARMA A.E.B.E.,2026-07-07,2026-12-31,Καθυστέρηση παράδοσης,"Εναλλακτικά άλλα σκευάσματα της ίδιας δραστικής, μορφής και περιεκτικότητας",shortage,2026-09-23T20:59:51.706505,74977
GR,Greece,EOF,2800972106025,TRITTICO PR.TAB 150MG/TAB BTx14 (PVC/PVDC/Al blister),N06AX05,TRAZODONE HYDROCHLORIDE,,,ANGELINI PHARMA HELLAS ABEE,2026-09-01,2026-10-15,Προβλήματα στην παραγωγική διαδικασία,Εναλλακτικά το ίδιο φάρμακο στην ίδια ή διαφορετική περιεκτικότητα με ξενόγλωσση συσκευασία,shortage,2026-09-23T20:59:51.706512,
GR,Greece,EOF,2800972107053,TRITTICO PR.TAB 300MG/TAB BTx30 (PVC/PVDC/Al blister),N06AX05,TRAZODONE HYDROCHLORIDE,,,ANGELINI PHARMA HELLAS ABEE,2026-09-01,2026-10-15,Καθυστέρηση παράδοσης,Εναλλακτικά το ίδιο φάρμακο με ξενόγλωσση συσκευασία,shortage,2026-09-23T20:59:51.706519,
GR,Greece,EOF,2802722202056,SEROSMINE PR.TAB 150MG/TAB BT x 30 σε BLISTERS (PVC/ACLAR/ALU FOIL),N06AX16,VENLAFAXINE HYDROCHLORIDE,,,ITF HELLAS S.A.,2026-06-17,2026-10-30,Καθυστέρηση παράδοσης,"Εναλλακτικά άλλα σκευάσματα της ίδιας δραστικής, μορφής και περιεκτικότητας",shortage,2026-09-23T20:59:51.706525,47538
GR,Greece,EOF,2802722201059,SEROSMINE PR.TAB 75MG/TAB BT x 30 σε BLISTERS (PVC/ACLAR/ALU FOIL),N06AX16,VENLAFAXINE HYDROCHLORIDE,,,ITF HELLAS S.A.,2026-06-17,2026-10-30,Καθυστέρηση παράδοσης,"Εναλλακτικά άλλα σκευάσματα της ίδιας δραστικής, μορφής και περιεκτικότητας",shortage,2026-09-23T20:59:51.706531,
GR,Greece,EOF,2802722203053,SEROSMINE PR.TAB 225MG/TAB BT x 30 σε BLISTERS (PVC/ACLAR/ALU FOIL),N06AX16,VENLAFAXINE HYDROCHLORIDE,,,ITF HELLAS S.A.,2026-06-17,2026-10-30,Καθυστέρηση παράδοσης,"Εναλλακτικά άλλα σκευάσματα της ίδιας δραστικής και μορφής, διαφορετικής περιεκτικότητας",shortage,2026-09-23T20:59:51.706538,96512
GR,Greece,EOF,2801188407012,ΝΟΟΤΡΟΠ F.C.TAB 1200MG/TAB BTx30(BLIST3x10),N06BX03,PIRACETAM,,,"ADVANZ PHARMA LIMITED, IRELAND",2026-07-01,2026-09-30,Καθυστέρηση παράδοσης,"Εναλλακτικά το ίδιο φάρμακο σε διαφορετική μορφή ή άλλο σκεύασμα της ίδιας δραστικής, μορφής και περιεκτικότητας",shortage,2026-09-23T20:59:51.706544,31186
GR,Greece,EOF,2802828502012,DEMENTIS F.C.TAB 10MG/TAB BTx 28 (BLIST 4x7),N06DA02,DONEPEZIL HYDROCHLORIDE,,,ELPEN AE ΦΑΡΜΑΚΕΥΤΙΚΗ ΒΙΟΜΗΧΑΝΙΑ,2026-07-13,2026-10-15,Καθυστέρηση παράδοσης,"Εναλλακτικά άλλα σκευάσματα της ίδιας δραστικής, μορφής και περιεκτικότητας",shortage,2026-09-23T20:59:51.706550,106550
GR,Greece,EOF,2803105902020,DONEPEZIL/MYLAN F.C.TAB 10MG/TAB BT x 28 (σε PVDC BLISTER),N06DA02,DONEPEZIL HYDROCHLORIDE,,,"MYLAN PHARMACEUTICALS LIMITED, IRELAND",2026-10-19,2027-04-30,Καθυστέρηση παράδοσης,"Εναλλακτικά άλλα σκευάσματα της ίδιας δραστικής, μορφής και περιεκτικότητας",shortage,2026-09-23T20:59:51.706556,106550
GR,Greece,EOF,2803028001367,MEMANTINE/SANDOZ F.C.TAB 10MG/TAB BTx28 (BLISTER PVC-PVDC/Aluminium),N06DX01,MEMANTINE HYDROCHLORIDE,,,"SANDOZ GMBH, KUNDL, AUSTRIA",2026-07-30,2026-09-21,Προβλήματα στην παραγωγική διαδικασία,"Εναλλακτικά άλλα σκευάσματα της ίδιας δραστικής, μορφής και περιεκτικότητας",shortage,2026-09-23T20:59:51.706563,66818
GR,Greece,EOF,2802620801023,CIDREN F.C.TAB 5MG/TAB BTx84 (BLIST 6x14),N07AX01,PILOCARPINE HYDROCHLORIDE,,,VOCATE ΦΑΡΜΑΚΕΥΤΙΚΗ Α.Ε.,2026-05-29,2026-10-05,Καθυστέρηση παράδοσης,"Εναλλακτικά άλλα σκευάσματα της ίδιας δραστικής, μορφής και περιεκτικότητας",shortage,2026-09-23T20:59:51.706569,57843
GR,Greece,EOF,2802249001033,"SALAGEN F.C.TAB 5MG/TAB, BTx84(BLISTER 6x14)",N07AX01,PILOCARPINE HYDROCHLORIDE,,,"MERUS LABS LUXCO II S.A.R.L., LUXEMBOURG",2026-11-15,2026-12-31,Αλλαγή ΚΑΚ,"Εναλλακτικά άλλα σκευάσματα της ίδιας δραστικής, μορφής και περιεκτικότητας",shortage,2026-09-23T20:59:51.706575,57843
GR,Greece,EOF,2803182601014,ATOVAQUONE/VOCATE ORAL.SUSP 750MG/5ML BTx1 bottle (HDPE) x250 ML,P01AX06,ATOVAQUONE,,,VOCATE ΦΑΡΜΑΚΕΥΤΙΚΗ Α.Ε.,2026-06-08,2026-12-31,Καθυστέρηση παράδοσης,"Εναλλακτικά άλλο σκεύασμα της ίδιας δραστικής, μορφής και περιεκτικότητας",shortage,2026-09-23T20:59:51.706581,47147
GR,Greece,EOF,2800055315016,"OTRIVIN (MOISTURISING FORMULA) NASPR.SOL (0,1% (W/V) BOTTLEX10ML ΜΕ ΨΕΚΑΣΤΉΡΑ",R01AA07,XYLOMETAZOLINE,,,"HALEON ΕΛΛΑΣ, ΕΛΛΑΔΑ",2025-06-05,2028-06-01,Καθυστέρηση παράδοσης,"Εναλλακτικά άλλα σκευάσματα της ίδιας δραστικής, μορφής και περιεκτικότητας",shortage,2026-09-23T20:59:51.706587,148741
GR,Greece,EOF,2803244101018,TIORESP® INH.PD.DOS 10MCG/DOSE BT X 1 ΣΥΣΚΕΥΗ ELPENHALER X 30 ΔΟΣΕΙΣ (ΣΥΣΚΕΥΑΣΙΑ 30 ΔΟΣΕΩΝ) + ΦΑΚΕΛΙΣΚΟ ΞΗΡΑΝΤΙΚΟΥ,R03BB04,TIOTROPIUM BROMIDE MONOHYDRATE,,,ELPEN AE ΦΑΡΜΑΚΕΥΤΙΚΗ ΒΙΟΜΗΧΑΝΙΑ,2026-05-18,2026-11-30,Καθυστέρηση παράδοσης,"Εναλλακτικά άλλο σκεύασμα της ίδιας δραστικής, μορφής και περιεκτικότητας. Εναλλακτικά άλλα σκευάσματα της ίδιας δραστικής και μορφής",shortage,2026-09-23T20:59:51.706593,
GR,Greece,EOF,2803336601013,TIOVIVO® INH.PD.DOS 10MCG/DOSE ΒΤ Χ 1 ΣΥΣΚΕΥΗ ELPENHALER ΜΕ 30 ΤΑΙΝΙΕΣ ΣΕ ΚΥΨΕΛΕΣ ΜΙΑΣ ΔΟΣΗΣ ΑΠΟ PAPER/PET/ALUMINIUM/PVC/ALUMINIUM/OPA ΚΑΙ ΣΥΣΚΕΥΑΖΕΤΑΙ ΣΕ ΘΗΚΗ ΑΠΟ PET/ALU/PE ΜΑΖΙ ΜΕ ΕΝΑ ΦΑΚΕΛΙΣΚΟ ΞΗΡΑΝΤΙΚΟΥ. ΣΥΣΚΕΥΑΣΙΑ 30 ΔΟΣΕΩΝ.,R03BB04,TIOTROPIUM BROMIDE MONOHYDRATE,,,DEMO ABEE,2026-07-29,2026-09-30,Αυξημένη ζήτηση,Εναλλακτικά άλλο σκεύασμα της ίδιας δραστικής και μορφής,shortage,2026-09-23T20:59:51.706599,
GR,Greece,EOF,2801928602011,IKOBEL EY.DRO.SOL 0.3% FLX5ML,S01AA12,TOBRAMYCIN,,,RAFARM A.E.B.E.,2026-07-17,2026-09-25,Καθυστέρηση παράδοσης,"Εναλλακτικά άλλα σκευάσματα της ίδιας δραστικής, μορφής και περιεκτικότητας",shortage,2026-09-23T20:59:51.706605,
GR,Greece,EOF,2801989101010,"O-BIOTIC EY.DRO.SUS 0,3%+0,1% FLX5ML",S01CA01,"TOBRAMYCIN, DEXAMETHASONE",,,"ZWITTER PHARMACEUTICALS ΕΠΕ, GREECE",2026-04-06,2026-09-15,Καθυστέρηση παράδοσης,"Εναλλακτικά άλλα σκευάσματα των ίδιων δραστικών, της ίδιας μορφής και ίδιων περιεκτικοτήτων",shortage,2026-09-23T20:59:51.706611,214957
GR,Greece,EOF,2801981601020,MIOCHOL-E P.S.I.I.U 1% W/V 1 VIAL+1 AMPx2 ML SOLV,S01EB09,ACETYLCHOLINE CHLORIDE,,,"DR.GERHARD MANN CHEM-PHARM. FABRIK G.M.B.H, GERMANY",2026-07-13,2026-10-31,Καθυστέρηση παράδοσης,Εισαγωγή μέσω ειδικών νοσοκομειακών παραγγελιών,shortage,2026-09-23T20:59:51.706618,23930
GR,Greece,EOF,2803194401015,KIVIZIDIALE EY.DRO.SOL (40MCG+5MG)/ML BTx1 Vial x 2.5 ml,S01ED51,"TIMOLOL MALEATE, TRAVOPROST",,,"BAUSCH + LOMB IRELAND LIMITED, IRELAND",2026-04-10,2026-11-30,Καθυστέρηση παράδοσης,"Εναλλακτικά άλλα σκευάσματα των ίδιων δραστικών, της ίδιας μορφής και ίδιων περιεκτικοτήτων",shortage,2026-09-23T20:59:51.706625,212245
GR,Greece,EOF,2803154201013,FIXAPROST EY.DR.S.DC (50MCG+5MG)/ML BTx30 Containers (LDPE) φιάλη μιας δόσης,S01ED51,"LATANOPROST, TIMOLOL MALEATE",,,"LABORATOIRES THEA, FRANCE",2026-06-08,2027-01-30,Καθυστέρηση παράδοσης,"Εναλλακτικά άλλα σκευάσματα των ίδιων δραστικών, της ίδιας μορφής και ίδιων περιεκτικοτήτων",shortage,2026-09-23T20:59:51.706631,212156
GR,Greece,EOF,2803036701020,DUOKOPT EY.DRO.SOL (20+5)MG/ML BTx1 bottle x10 ML,S01ED51,"DORZOLAMIDE HYDROCHLORIDE, TIMOLOL MALEATE",,,"LABORATOIRES THEA, FRANCE",2026-06-22,2026-09-24,Καθυστέρηση παράδοσης,"Εναλλακτικά άλλα σκευάσματα της ίδιας δραστικής, μορφής και περιεκτικότητας",shortage,2026-09-23T20:59:51.706637,213950
GR,Greece,EOF,2802061601015,"TROPIXAL EY.DRO.SOL 0,5% FLx10ML",S01FA06,TROPICAMIDE,,,DEMO ABEE,2026-07-31,2026-10-01,Προβλήματα στην παραγωγική διαδικασία,Εναλλακτικά άλλα σκευάσματα της ίδιας κατηγορίας S01FA με τις ίδιες ενδείξεις,shortage,2026-09-23T20:59:51.706643,
GR,Greece,EOF,2803041101013,"ZADITOR EY.DRO.SOL 0,25MG/1ML FLX5 ML",S01GX08,KETOTIFEN,,,"LABORATOIRES THEA, FRANCE",2025-10-01,2027-01-30,Προβλήματα στην παραγωγική διαδικασία,"Εναλλακτικά άλλα σκευάσματα της ίδιας δραστικής, μορφής και περιεκτικότητας",shortage,2026-09-23T20:59:51.706649,101850
GR,Greece,EOF,2803041102027,"ZADITOR EY.DRO.SOL 0,25MG/1 ML(SDU) BTx20(SDU x 0,4 ML) 4 BLISTERS",S01GX08,KETOTIFEN FUMARATE,,,"LABORATOIRES THEA, FRANCE",2026-06-19,2027-01-23,Προβλήματα στην παραγωγική διαδικασία,"Εναλλακτικά άλλα σκευάσματα της ίδιας δραστικής, μορφής και περιεκτικότητας",shortage,2026-09-23T20:59:51.706656,221341
GR,Greece,EOF,2802589601016,"DROLL EA.SOL 1MG/0,5ML BTx20(S.D.x0,5ML)",S02AA15,CIPROFLOXACIN HYDROCHLORIDE MONOHYDRATE,,,GALENICA ΑΕ,2026-12-01,2027-01-15,Καθυστέρηση παράδοσης,"Εναλλακτικά άλλα σκευάσματα της ίδιας δραστικής, μορφής και περιεκτικότητας",shortage,2026-09-23T20:59:51.706662,
GR,Greece,EOF,2803257401013,SUGAMMADEX/ANABIOSIS INJ.SOL 100MG/ML BT X 10 VIALS X 2 ML,V03AB35,SUGAMMADEX SODIUM,,,"ΑΝΑΒΙΩΣΙΣ Α.Ε., ΕΛΛΑΔΑ",2026-05-22,2027-05-31,Προβλήματα στην παραγωγική διαδικασία,"Εναλλακτικά άλλα σκευάσματα της ίδιας δραστικής, μορφής και περιεκτικότητας",shortage,2026-09-23T20:59:51.706668,87300
GR,Greece,EOF,2803299501016,SUGAMMADEX/PHARMAZAC INJ.SOL 100MG/ML BTX 10 VIALS X 2ML,V03AB35,SUGAMMADEX SODIUM,,,PHARMAZAC AE,2024-12-17,2026-12-14,Καθυστέρηση παράδοσης,"Εναλλακτικά άλλα σκευάσματα της ίδιας δραστικής, μορφής και περιεκτικότητας",shortage,2026-09-23T20:59:51.706675,87300
GR,Greece,EOF,2802638201020,WATER FOR INJECTION/ADIPHARM SOLV.INJ 100% W/V (μικρού όγκου) BTx50PLASTICAMPx10ML,V07AB,WATER FOR INJECTION,,,ΑΔΗΦΑΡΜ Μ.Ε.Π.Ε.,2026-02-10,2026-11-30,Καθυστέρηση παράδοσης,"Εναλλακτικά άλλα σκευάσματα της ίδιας δραστικής, μορφής και περιεκτικότητας.",shortage,2026-09-23T20:59:51.706681,
GR,Greece,EOF,2802483804032,"GADOVIST PFS INJ.SO.PFS 1 MMOL/ML BTx1PF.SYR.x7,5ML (γυαλί)",V08CA09,GADOBUTROL,,,BAYER ΕΛΛΑΣ ΑΒΕΕ,2026-08-31,2026-09-18,Καθυστέρηση παράδοσης,Εναλλακτικά το ίδιο φάρμακο σε διαφορετική συσκευασία,shortage,2026-09-23T20:59:51.716285,85839
GR,Greece,EOF,2802935101023,SCINTIMUN RAD.PHA.KT 1MG 2VIALS+2VIALSx3MG SOLVENT,V09HA03,BESILESOMAB,,,"TELIX INNOVATIONS S.A., BELGIUM",2026-06-10,2028-06-26,Ποιοτικό πρόβλημα - Δραστική ουσία,,shortage,2026-09-23T20:59:51.716296,
GR,Greece,EOF,2809045501026,BETNESOL_REC.SOL_5MG/100ML_BT x 7FL x 100ML,A07EA04,BETAMETHASONE PHOSPHATE DISSODIUM,,,Ι.Φ.Ε.Τ.,2026-08-28,2027-08-31,ΠΡΟΒΛΗΜΑ ΠΑΡΑΓΩΓΗΣ,,shortage,2026-09-23T20:59:51.762822,
GR,Greece,EOF,2809182801027,JORVEZA_OR.DISP.TA_1MG/TAB_BT x 60,A07EA06,BUDESONIDE,,,Ι.Φ.Ε.Τ.,2026-08-28,2026-09-10,ΑΝΑΜΕΝΕΤΑΙ,,shortage,2026-09-23T20:59:51.762832,196509
GR,Greece,EOF,2809745901010,ACARBOSE/GENERIS_TAB_100MG/TAB_BT x 50,A10BF01,ACARBOSE,,,Ι.Φ.Ε.Τ.,2026-08-28,2026-09-10,ΑΝΑΜΕΝΕΤΑΙ,,shortage,2026-09-23T20:59:51.762839,31453
GR,Greece,EOF,2809077801019,HEPARIN/BICHSEL_SOL.IV.INF_50IU/ML_BT X 10AMPS x 1ML,B01AB01,HEPARIN SODIUM,,,Ι.Φ.Ε.Τ.,2026-08-28,2027-08-31,ΑΔΥΝΑΜΙΑ ΕΥΡΕΣΗΣ. O ΠΑΡΑΓΩΓΟΣ ΕΝΗΜΕΡΩΣΗ ΓΙΑ ΔΙΑΚΟΠΗ ΤΗΣ ΠΑΡΑΓΩΓΗΣ ΤΟΥ,,shortage,2026-09-23T20:59:51.762846,
GR,Greece,EOF,2809157902018,UROCHINASI/EG_PS.SOL.INF_25.000 UI/2ML_BT x 1VIAL + SOLV x 2ML,B01AD04,UROKINASE,,,Ι.Φ.Ε.Τ.,2026-08-28,,ΕΡΕΥΝΑ ΑΓΟΡΑΣ,,shortage,2026-09-23T20:59:51.762850,
GR,Greece,EOF,2809123301012,SALUREX_TAB_500MG/TAB_BT x 20,C03CA01,FUROSEMIDE,,,Ι.Φ.Ε.Τ.,2026-08-28,,,,shortage,2026-09-23T20:59:51.762855,33936
GR,Greece,EOF,2809741901014,LABETALOL/S.A.L.F._INJ.SO.INF_5MG/ML_BT x 5AMPS x 20ML,C07AG01,LABETALOL HYDROCHLORIDE,,,Ι.Φ.Ε.Τ.,2026-08-28,2026-09-30,ΑΝΑΜΕΝΕΤΑΙ ΤΕΛΟΣ ΣΕΠΤΕΜΒΡΙΟΥ,,shortage,2026-09-23T20:59:51.762861,15024
GR,Greece,EOF,2809726301013,PROSTIN E2_VAG.TAB_3MG/TAB_ΒΤ x 8,G02AD02,DINOPROSTONE,,,Ι.Φ.Ε.Τ.,2026-08-28,2026-08-20,ΠΡΟΒΛΗΜΑ ΠΑΡΑΓΩΓΗΣ,,shortage,2026-09-23T20:59:51.762868,
GR,Greece,EOF,2809137803021,DERMESTRIL_TTS_100MCG/24HOURS_BT x 24PATCHES,G03CA03,ESTRADIOL HEMIHYDRATE,,,Ι.Φ.Ε.Τ.,2026-08-28,,,,shortage,2026-09-23T20:59:51.762872,
GR,Greece,EOF,2809129301016,SYNACTHEN DEPOT_INJ.SU.RET_1MG/ML_BT x 10AMPS x 1ML,H01AA02,TETRACOSACTIDE (TETRACOSACTRIN),,,Ι.Φ.Ε.Τ.,2026-08-28,2026-10-30,ΠΡΟΒΛΗΜΑ ΠΑΡΑΓΩΓΗΣ,,shortage,2026-09-23T20:59:51.762878,2216
GR,Greece,EOF,2809001101017,"ANCOTIL_SOL.IV.INF_2,5GR/VIAL_BT x 5VIAL x 250ML",J02AX01,FLUCYTOSINE,,,Ι.Φ.Ε.Τ.,2026-08-28,2026-12-30,ΔΙΑΔΙΚΑΣΙΑ ΜΕΤΑΒΙΒΑΣΗΣ ΤΗΣ ΑΔΕΙΑΣ ΣΕ ΑΛΛΟΝ ΚΑΚ,,shortage,2026-09-23T20:59:51.762884,200131
GR,Greece,EOF,2809130901014,CICLOSERINA/ANTIBIOTICE_CAPS_250MG/CAP_BT x 100,J04AB01,CYCLOSERINE,,,Ι.Φ.Ε.Τ.,2026-08-28,2028-04-26,ΠΡΟΒΛΗΜΑ ΠΑΡΑΓΩΓΗΣ. ΝΕΑ ΠΑΡΑΓΩΓΗ ΤΟ 2028,,shortage,2026-09-23T20:59:51.762890,
GR,Greece,EOF,2809028602016,TRECATOR_TAB_250MG/TAB_BT x 100,J04AD03,ETHIONAMIDE,,,Ι.Φ.Ε.Τ.,2026-08-28,2027-08-31,ΑΔΥΝΑΜΙΑ ΕΥΡΕΣΗΣ,,shortage,2026-09-23T20:59:51.762896,
GR,Greece,EOF,2809108503011,HOLOXAN_PD.SOL.INF_2G/VIAL_BT x 1VIAL,L01AA06,IFOSFAMIDE,,,Ι.Φ.Ε.Τ.,2026-08-28,2026-09-10,ΑΝΑΜΕΝΕΤΑΙ,,shortage,2026-09-23T20:59:51.762902,14826
GR,Greece,EOF,2809050801012,ELDISINE_PD.SOL.INF_5MG/VIAL_BT x 1VIAL,L01CA03,VINDESINE SULPHATE,,,Ι.Φ.Ε.Τ.,2026-08-28,2026-12-10,ΠΡΟΒΛΗΜΑ ΠΑΡΑΓΩΓΗΣ. ΝΕΑ ΠΑΡΑΓΩΓΗ 4ο 3ΜΗΝΟ 2026,,shortage,2026-09-23T20:59:51.762908,202258
GR,Greece,EOF,2809055901014,UBRETID_TAB_5MG/TAB_BT x 50,N07AA03,DISTIGMINE BROMIDE,,,Ι.Φ.Ε.Τ.,2026-08-28,2026-12-30,ΠΡΟΒΛΗΜΑ ΠΑΡΑΓΩΓΗΣ. ΝΕΑ ΠΑΡΑΓΩΓΗ ΤΕΛΟΣ 2026,,shortage,2026-09-23T20:59:51.762914,7897
GR,Greece,EOF,2809043401014,"BRICANYL_INJ.SO.INF_0,5MG/ML_BT x 10AMP x 5ML",R03CC03,TERBUTALINE SULPHATE,,,Ι.Φ.Ε.Τ.,2026-08-28,2026-10-30,"ΕΡΕΥΝΑ ΑΓΟΡΑΣ, ΑΠΑΓΟΡΕΥΣΗ ΕΞΑΓΩΓΩΝ ΑΠΌ UK",,shortage,2026-09-23T20:59:51.762920,
GR,Greece,EOF,2809055401026,"RESTASIS_EY.DRO.EMU_0,05%_BT x 30SINGLE-USE VIALS x 0,4ML",S01XA18,CICLOSPORIN,,,Ι.Φ.Ε.Τ.,2026-08-28,2026-09-10,ΑΝΑΜΕΝΕΤΑΙ,,shortage,2026-09-23T20:59:51.762926,
GR,Greece,EOF,2809013101029,DEHYDRATED ALCOHOL_INJ.SO.INF_1_BT x 10AMPS x 5ML,V03AZ01,ABSOLUTE ALCOHOL,,,Ι.Φ.Ε.Τ.,2026-08-28,2026-12-30,Ο KAK ΕΧΕΙ ΓΝΩΣΤΟΠΟΙΗΣΕΙ ΤΗΝ ΟΡΙΣΤΙΚΗ ΔΙΑΚΟΠΗ ΠΑΡΑΓΩΓΗΣ.,,shortage,2026-09-23T20:59:51.762932,
