country_code,country_name,source,medicine_name,active_substance,strength,package_size,product_no,shortage_start,estimated_end,status,decision_reference,scraped_at,atc_code,prk
NL,Netherlands,IGJ,Capecitabine Accord,Capecitabine Accord,"Filmomhulde tabletten, 150, 300 en 500 mg",,RVG 109731RVG 109732RVG 109733,2026-08-10,2026-10-29,shortage,Besluit met kenmerk 2026-3194791/IT2113860,2026-09-21T13:27:28.994848,,
NL,Netherlands,IGJ,Depakine Chronosphere,Depakine Chronosphere,"Granulaat met gereguleerde afgifte, 250 mg",,RVG 30760,2026-05-08,2026-10-30,shortage,Besluit met kenmerk 2026-3204618/IT2111206,2026-09-21T13:27:28.994934,,
NL,Netherlands,IGJ,Di-Adreson-F Aquosum,Di-Adreson-F Aquosum,Poeder voor injectievloeistof,,RVG 00093,2026-09-11,2026-12-04,shortage,Besluit met kenmerk 2026-3203416/IT2114243,2026-09-21T13:27:28.994993,,
NL,Netherlands,IGJ,Dicloabak,Dicloabak,"Oogdruppels, oplossing, 1 mg/ml",,RVG 34473,2026-04-24,2026-10-23,shortage,Besluit met kenmerk 2026-3188444/IT2112552,2026-09-21T13:27:28.995043,,
NL,Netherlands,IGJ,Dipyridamol,Dipyridamol,"Capsules met gereguleerde afgifte, 200 mg",,RVG 113461,2025-11-14,2026-11-20,shortage,Besluit met kenmerk 2026-3176094/IT2110743,2026-09-21T13:27:28.995097,B01AC07,34770
NL,Netherlands,IGJ,Fenobarbital,Fenobarbital,"Tabletten, 50 mg",,RVG 52101,2026-01-12,2026-12-13,shortage,Besluit met kenmerk 2026-3203502/IT2111414,2026-09-21T13:27:28.995144,N03AA02,37672
NL,Netherlands,IGJ,Haloperidol CF,Haloperidol CF,"Tabletten, 1 mg en 5 mg",,RVG 55776RVG 55601,2026-07-17,2026-11-06,shortage,Besluit met kenmerk 2026-3197163/ IT2113471,2026-09-21T13:27:28.995194,,
NL,Netherlands,IGJ,Holoxan,Holoxan,"Poeder voor oplossing voor infusie, 500 mg, 1 gr en 2 gr",,RVG 07622,2026-02-12,2026-11-13,shortage,Besluit met kenmerk 2026-3194664/IT2111768,2026-09-21T13:27:28.995250,,
NL,Netherlands,IGJ,Hyason,Hyason,"Poeder voor injectievloeistof, 150 I.E.",,RVG 15180,2026-05-05,2026-10-07,shortage,Besluit met kenmerk 2026-3187376/IT2112481,2026-09-21T13:27:28.995297,,
NL,Netherlands,IGJ,Isoniazide Costero,Isoniazide Costero,"Tabletten, 200 mg",,RVG 52072,2025-09-09,2026-11-24,shortage,Besluit met kenmerk 2026-3192901/IT2098038,2026-09-21T13:27:28.995346,,
NL,Netherlands,IGJ,Kenacort-A 10,Kenacort-A,"Suspensie voor injectie, 10 mg/ml",,RVG 01591,2025-09-09,2026-11-06,shortage,Besluit met kenmerk 3192469/IT2109923,2026-09-21T13:27:28.995391,,
NL,Netherlands,IGJ,Kenacort-A 40,Kenacort-A,"Suspensie voor injectie, 40 mg/ml",,RVG 112133,2026-07-20,2026-10-09,shortage,Besluit met kenmerk 2026-3188742/IT2113642,2026-09-21T13:27:28.995430,,
NL,Netherlands,IGJ,Labetalol HCl Mylan,Labetalol HCl Mylan,"Tabletten, 100 mg",,RVG 11106,2025-09-09,2026-10-06,shortage,Besluit met kenmerk 2026-3176306/IT2092558,2026-09-21T13:27:28.995476,,
NL,Netherlands,IGJ,Lithiumcarbonaat Teva,Lithiumcarbonaat Teva,"Tabletten, 300 mg",,RVG 55991,2026-06-25,2026-10-13,shortage,Besluit met kenmerk 2026-3203409/IT2064872,2026-09-21T13:27:28.995522,,
NL,Netherlands,IGJ,Leucovorine Sandoz,Leucovorine Sandoz,Capsules 15 mg,,RVG 15828,2026-07-31,2026-10-25,shortage,Besluit met kenmerk 2026-3192426/IT2113665,2026-09-21T13:27:28.995564,,
NL,Netherlands,IGJ,L-Methyldopa,L-Methyldopa,"Tabletten, 125 mg, 250 mg en 500 mg",,RVG 10647RVG 10648RVG 10649,2025-09-09,2026-11-25,shortage,Besluit met kenmerk 2026-3180549/IT2109827,2026-09-21T13:27:28.995604,,
NL,Netherlands,IGJ,Mitoxantron Sandoz,Mitoxantron Sandoz,"2 mg/ml, concentraat voor oplossing voor infusie",,RVG 29568,2026-09-16,2026-12-04,shortage,Besluit met kenmerk 2026-3204069/IT2113634,2026-09-21T13:27:28.995645,,
NL,Netherlands,IGJ,Naclof Unidose,Naclof Unidose,Oogdruppels 1 mg/ml,,RVG 16483,2026-04-24,2026-10-23,shortage,Besluit met kenmerk 2026-3188444/IT2112552,2026-09-21T13:27:28.995689,,
NL,Netherlands,IGJ,Nevanac,Nevanac,Oogdruppels 3mg/ml,,EU/1/07/433/003,2026-04-24,2026-10-16,shortage,Besluit met kenmerk 2026-3203889/IT2112552,2026-09-21T13:27:28.995735,,
NL,Netherlands,IGJ,Nifedipine,Nifedipine,"Tabletten met gereguleerde afgifte, 30 mg",,RVG 28944,2025-12-23,2026-10-23,shortage,Besluit met kenmerk 2026-3188735/IT2111289,2026-09-21T13:27:28.995774,C08CA05,33693
NL,Netherlands,IGJ,Nifedipine,Nifedipine,"Tabletten met gereguleerde afgifte, 60 mg",,RVG 28945,2026-02-12,2026-10-23,shortage,Besluit met kenmerk 2025-3188740/IT2111703,2026-09-21T13:27:28.995819,C08CA05,33707
NL,Netherlands,IGJ,Promethazine CF,Promethazine CF,"Omhulde tabletten, 25 mg",,RVG 50250,2026-06-25,2026-12-11,shortage,Besluit met kenmerk 2026-3192613/IT2109837,2026-09-21T13:27:28.995863,,
NL,Netherlands,IGJ,Quetiapine,Quetiapine,"300 mg, tabletten met verlengde afgifte",,RVG 34627RVG 108502RVG 106812RVG 117557RVG 128092,2025-12-12,2026-10-04,shortage,Besluit met kenmerk 2026-3185045/IT2111149,2026-09-21T13:27:28.995913,N05AH04,84204
NL,Netherlands,IGJ,Quetiapine,Quetiapine,"400 mg, tabletten met verlengde afgifte",,RVG 34628RVG 108503RVG 106813RVG 117558RVG 128093,2025-12-12,2026-10-04,shortage,Besluit met kenmerk 2026-3186234/IT2111147,2026-09-21T13:27:28.995960,N05AH04,84212
NL,Netherlands,IGJ,Regitine,Regitine,10 mg/ml oplossing voor injectie,,RVG 01635,2026-04-20,2026-10-02,shortage,Besluit met kenmerk 2026-3185513/IT2112351,2026-09-21T13:27:28.996000,,
NL,Netherlands,IGJ,Rifampicine,Rifampicine,"150 mg en 300 mg, capsules",,RVG 05764RVG 05765RVG 05761RVG 06090,2026-06-01,2026-12-04,shortage,Besluit met kenmerk 2026-3194011/IT2112878,2026-09-21T13:27:28.996056,J04AB02,
NL,Netherlands,IGJ,Sotalol HCL Hyloris,Sotalol HCL Hyloris,"Oplossing voor injectie, 40 mg/4 ml",,RVG 117148,2025-09-09,,shortage,Besluit met kenmerk 2026-3184304/IT2081154,2026-09-21T13:27:28.996103,,
NL,Netherlands,IGJ,Triamcinolonacetonide Addimed,Triamcinolonacetonide Addimed,"Suspensie voor injectie, 40 mg/ml",,RVG 130697//05341,2026-07-17,2026-10-09,shortage,Besluit met kenmerk 2026-3188742/IT2113642,2026-09-21T13:27:28.996154,,
NL,Netherlands,IGJ,Triamtereen/Hydrochloorthiazide Accord,Triamtereen/Hydrochloorthiazide Accord,"Tabletten, 50/25 mg",,RVG 55610,2025-09-09,2027-01-15,shortage,Besluit met kenmerk 2026-3204637/IT2046813,2026-09-21T13:27:28.996199,,
NL,Netherlands,IGJ,,,,,,,,shortage,,2026-09-21T13:27:28.996213,,
NL,Netherlands,IGJ,Bendamustine Accord en Baxter,Bendamustine Accord en Baxter,"Poeder voor concentraat voor oplossing voor infusie, 2,5 mg/ml",,RVG 117843RVG 121963,2026-01-29,2026-08-14,shortage,Besluit met kenmerk 2026-3180471/IT2111571,2026-09-21T13:27:28.996363,,
NL,Netherlands,IGJ,Depakine Chronosphere,Depakine Chronosphere,"Granulaat met gereguleerde afgifte, 250 mg",,RVG 30760,2026-01-06,2026-02-20,shortage,Besluit met kenmerk 2025-3150691/IT211206,2026-09-21T13:27:28.996404,,
NL,Netherlands,IGJ,Depakine Chronosphere,Depakine Chronosphere,"Granulaat met gereguleerde afgifte, 500 mg",,RVG 30761,2026-01-15,2026-09-14,shortage,Besluit met kenmerk 2026-3181614/IT2111518,2026-09-21T13:27:28.996443,,
NL,Netherlands,IGJ,Depakine Chronosphere,Depakine Chronosphere,"Granulaat met gereguleerde afgifte, 750 mg",,RVG 30762,2026-05-08,2026-09-25,shortage,Besluit met kenmerk 2026-3181618/IT2112722,2026-09-21T13:27:28.996483,,
NL,Netherlands,IGJ,Depakine Chronosphere,Depakine Chronosphere,"Granulaat met gereguleerde afgifte, 1000 mg",,RVG 30763,2026-02-13,2026-09-25,shortage,Besluit met kenmerk 2026-3181623/IT2111800,2026-09-21T13:27:28.996524,,
NL,Netherlands,IGJ,Desuric,Desuric,"Tabletten, 100 mg",,RVG 06334,2025-09-09,2026-01-31,shortage,Besluit met kenmerk 2025-3136763/IT2065347,2026-09-21T13:27:28.996567,,
NL,Netherlands,IGJ,Diazepam Allgen,Diazepam Allgen,"Rektiole, oplossing voor rectaal gebruik 5 mg/2,5 ml en 10 mg/2,5 ml",,RVG 19798RVG 19799,2026-06-15,2026-10-02,shortage,Besluit met kenmerk 2026-3183858/IT2112708,2026-09-21T13:27:28.996610,,
NL,Netherlands,IGJ,Doxycycline Addimed,Doxycycline Addimed,"Oplossing voor injectie,  100 mg/5 ml",,RVG 133868/06396,2025-10-01,2026-08-14,shortage,Besluit met kenmerk 2026-3184249/IT2110126,2026-09-21T13:27:28.996652,,
NL,Netherlands,IGJ,Fluoresceinedinatrium,Fluoresceinedinatrium,"Injectievloeistof, 100 mg/ml",,RVG 51727,2026-04-02,2026-05-10,shortage,Besluit met kenmerk 2026-3167759/IT211281,2026-09-21T13:27:28.996696,,
NL,Netherlands,IGJ,Gonasi,Gonasi,"Poeder en oplosmiddel voor oplossing voor injectie, 5000 IE",,RVG 125838,2026-05-22,2026-08-21,shortage,Besluit met kenmerk 2026-3177342/IT2112844,2026-09-21T13:27:28.996738,,
NL,Netherlands,IGJ,Hyaluronidase BModesta,Hyaluronidase BModesta,"Poeder voor injectievloeistof, 150 I.E.",,RVG 124976/15180,2026-05-05,2026-07-15,shortage,Besluit met kenmerk 2026-3172322/IT2112482,2026-09-21T13:27:28.996778,,
NL,Netherlands,IGJ,Isotretinoïne,Isotretinoïne,"Capsules, 10 en 20 mg",,RVG 27577RVG 27578RVG 27573RVG 27574RVG 124602RVG 124603RVG 119052RVG 119053,2026-06-04,2026-09-25,shortage,Besluit met kenmerk 2026- 3193629/IT2112980,2026-09-21T13:27:28.996829,,
NL,Netherlands,IGJ,Kenacort-A 40,Kenacort-A,"Suspensie voor injectie, 40 mg/ml",,RVG 112133/05341,2025-10-16,2026-02-23,shortage,Besluit met kenmerk 2025-3148786/IT2110343,2026-09-21T13:27:28.996869,,
NL,Netherlands,IGJ,Labetalol HCl Mylan,Labetalol HCl Mylan,"Tabletten, 200 mg en 400 mg",,RVG 11107 en RVG 11108,2025-09-23,2026-07-14,shortage,Besluit met kenmerk 2026-3176306/IT2092558,2026-09-21T13:27:28.996912,,
NL,Netherlands,IGJ,Levobupivacaïne Fresenius Kabi,Levobupivacaïne Fresenius Kabi,"Oplossing voor injectie/infusie, 1,25 mg/ml en 7,5 mg/ml",,RVG 113447RVG 113450,2026-02-27,2026-04-10,shortage,Besluit met kenmerk 2026-3160007/IT2111907,2026-09-21T13:27:28.996956,,
NL,Netherlands,IGJ,Levobupivacaïne Fresenius Kabi,Levobupivacaïne Fresenius Kabi,"Oplossing voor injectie/infusie, 2,5 mg/ml en  5 mg/ml",,RVG 113448RVG 113449,2026-02-27,2026-05-08,shortage,Besluit met kenmerk 2026-3168367/IT2111907,2026-09-21T13:27:28.996996,,
NL,Netherlands,IGJ,Levosimendan Kalceks,Levosimendan Kalceks,"Concentraat voor oplossing voor infusie, 2,5 mg/ml",,RVG 127812,2025-09-09,2026-06-24,shortage,Besluit met kenmerk 2026-3165734/IT2097108,2026-09-21T13:27:28.997033,,
NL,Netherlands,IGJ,Mycobutin,Mycobutin,Capsules 150 mg,,RVG 16740,2026-05-08,2026-09-27,shortage,Besluit met kenmerk 2026-31965546/IT2112707,2026-09-21T13:27:28.997074,,
NL,Netherlands,IGJ,Oxybutynine,Oxybutynine,"Tabletten, 2,5 mg",,RVG 24081RVG 22822,2026-02-23,2026-04-03,shortage,Besluit met kenmerk 2026-3158991/IT2111788,2026-09-21T13:27:28.997118,G04BD04,40118
NL,Netherlands,IGJ,Oxybutynine,Oxybutynine,"Tabletten, 5 mg",,RVG 23879RVG 22823RVG 23950,2026-02-23,2026-06-19,shortage,Besluit met kenmerk 2026-3172636/IT2111788,2026-09-21T13:27:28.997159,G04BD04,24279
NL,Netherlands,IGJ,Oxytocine Eureco-Pharma,Oxytocine Eureco-Pharma,"Oplossing voor injectie/infusie, 5 IE/ml",,RVG 126825/117498,2025-09-30,2026-03-31,shortage,Besluit met kenmerk 2025-3131283/IT2110127,2026-09-21T13:27:28.997198,,
NL,Netherlands,IGJ,Quetiapine,Quetiapine,"50 mg, tabletten met verlengde afgifte",,RVG 112014RVG  128088RVG 108482RVG 117554RVG 34625,2025-12-08,2026-02-01,shortage,Besluit met kenmerk 2025-3145685/IT2111042,2026-09-21T13:27:28.997242,N05AH04,84182
NL,Netherlands,IGJ,Quetiapine,Quetiapine,"50 mg, tabletten met verlengde afgifte",,RVG 112014RVG  128088RVG 108482RVG 117554RVG 34625,2026-02-27,2026-07-12,shortage,Besluit met kenmerk 2026-3167823/IT2111963,2026-09-21T13:27:28.997288,N05AH04,84182
NL,Netherlands,IGJ,Quetiapine,Quetiapine,"150 mg, tabletten met verlengde afgifte",,RVG 102408RVG 111319RVG 117555RVG 117395RVG 128090,2026-12-12,2026-07-12,shortage,Besluit met kenmerk 2026-3167848/IT2111145,2026-09-21T13:27:28.997330,N05AH04,94757
NL,Netherlands,IGJ,Quetiapine,Quetiapine,"200 mg, tabletten met verlengde afgifte",,RVG 34626RVG 108501RVG 106811RVG 117556RVG 128091,2025-12-12,2026-02-01,shortage,Besluit met kenmerk 2025-3147038/IT2111146,2026-09-21T13:27:28.997373,N05AH04,84190
NL,Netherlands,IGJ,Salbutamol,Salbutamol,"Aerosol, 100 microgram/dosis",,RVG 21440RVG 18353RVG 26971RVG 34424RVG 26833,2025-09-09,2026-06-26,shortage,Besluit met kenmerk 2026-3176899/IT2092641,2026-09-21T13:27:28.997418,R03AC02,43281
NL,Netherlands,IGJ,Sirdalud,Sirdalud,"Capsules met gereguleerde afgifte, 6 mg",,RVG 12983,2025-09-09,2026-01-31,shortage,Besluit met kenmerk 2025-3125738/ IT2109836,2026-09-21T13:27:28.997462,,
NL,Netherlands,IGJ,Tambocor,Tambocor,Injectievloeistof 10 mg/ml,,RVG 10099,2025-09-09,2026-01-16,shortage,Besluit met kenmerk 2025-3141398/IT2094597,2026-09-21T13:27:28.997501,,
NL,Netherlands,IGJ,"Ventolin 2,5 Nebules",Ventolin,"Verneveloplossing, 1 mg/ml",,RVG 12587,2025-09-09,2026-03-31,shortage,Besluit met kenmerk 2026-3152017/IT2090197,2026-09-21T13:27:28.997539,,
NL,Netherlands,IGJ,Xylocaine,Xylocaine,"Spray, 100 mg/ml",,RVG 07831,2025-10-27,2026-01-23,shortage,Besluit met kenmerk 2025-3136692/IT2110402,2026-09-21T13:27:28.997577,,
NL,Netherlands,IGJ,Dalacin C,Dalacin C,"Granulaat voor orale suspensie, 75 mg/5 ml",,RVG 06354,2025-09-09,2025-10-17,shortage,Besluit met kenmerk 2025-3124733/IT2092657,2026-09-21T13:27:28.997647,,
NL,Netherlands,IGJ,Burinex,Burinex,"Oplossing voor injectie, 0,5 mg/ml",,RVG 12412,2025-09-09,2025-10-27,shortage,Besluit met kenmerk 2025-3126532/IT2109874,2026-09-21T13:27:28.997685,,
NL,Netherlands,IGJ,Gonasi,Gonasi,"Poeder en oplosmiddel voor oplossing voor injectie, 5000 IE",,RVG 125838,2025-09-09,2025-11-17,shortage,Besluit met kenmerk 2025-3132622/ IT2109835,2026-09-21T13:27:28.997725,,
NL,Netherlands,IGJ,"Ventolin  5,0 Nebules",Ventolin,"Verneveloplossing,   2 mg/ml",,RVG 14590,2025-09-09,2025-11-07,shortage,Besluit met kenmerk 2025-3124805/IT2090197,2026-09-21T13:27:28.997763,,
NL,Netherlands,IGJ,Salamol Steri-Neb,Salamol Steri-Neb,"Verneveloplossing, 5 mg/2,5ml",,RVG 100333,2025-09-09,2025-11-07,shortage,Besluit met kenmerk 2025-3124805/IT2090197,2026-09-21T13:27:28.997803,,
NL,Netherlands,IGJ,Haloperidol,Haloperidol,"Tabletten, 5 mg",,RVG 55601,,2025-11-23,shortage,Besluit met kenmerk 2025-3125657/IT2109820,2026-09-21T13:27:28.997841,N05AD01,5576
NL,Netherlands,IGJ,Zypadhera,Zypadhera,"Poeder en oplosmiddel voor suspensie voor injectie, met verlengde afgifte 210 mg, 300 mg en 405 mg",,EU/1/08/479,2025-09-09,2025-12-02,shortage,Besluit met kenmerk 2025-3124885/IT2097844,2026-09-21T13:27:28.997882,,
