country_code,country_name,source,medicine_name,active_substance,strength,package_size,product_no,shortage_start,estimated_end,status,notes,scraped_at,atc_code,prk
SA,Saudi Arabia,SFDA,,"CALCIUM CHLORIDE,SODIUM CHLORIDE,LACTIC ACID,SODIUM HYDROGEN CARBONATE,MAGNESIUM CHLORIDE",,,,,,shortage,غير متوفر,2026-09-23T21:00:18.066980,,
SA,Saudi Arabia,SFDA,,"MONOVALENT INACTIVATED SPILIT VIRION AH 1N1,MONOVALENT INACTIVATED SPILIT VIRION AH 3N2,MONOVALENT INACTIVATED SPILIT VIRION B STRAIN VICTORIA LINEAGE,MONOVALENT INACTIVATED SPILIT VIRION B STRAIN YAMAGATE LINEAGE",,,,,,shortage,غير متوفر,2026-09-23T21:00:18.067012,,
SA,Saudi Arabia,SFDA,,"A Brisbane 02 2018 H1N1, A Kansas 14 2017 H3N2, B Colorado 06 2017, B Phuket 3073 2013",,,,,,shortage,غير متوفر,2026-09-23T21:00:18.067025,,
SA,Saudi Arabia,SFDA,,"A/Victoria/2570/2019 (H1N1)pdm09- like virus,A/Darwin/9/2021 (H3N2)-like virus,B/Austria/1359417/2021 (B/Victoria lineage)-like virus",,,,,,shortage,غير متوفر,2026-09-23T21:00:18.067035,,
SA,Saudi Arabia,SFDA,,ABIRATERONE ACETATE,,,,,,shortage,غير متوفر,2026-09-23T21:00:18.067046,L02BX03,
SA,Saudi Arabia,SFDA,,ACARBOSE,,,,,,shortage,غير متوفر,2026-09-23T21:00:18.067055,A10BF01,
SA,Saudi Arabia,SFDA,,ACECLOFENAC,,,,,,shortage,غير متوفر,2026-09-23T21:00:18.067065,M01AB16,
SA,Saudi Arabia,SFDA,,ACETATE SODIUM,,,,,,shortage,غير متوفر,2026-09-23T21:00:18.067075,A12BA01,
SA,Saudi Arabia,SFDA,,ACETYLSALICYLIC ACID,,,,,,shortage,غير متوفر,2026-09-23T21:00:18.067085,A01AD05,
SA,Saudi Arabia,SFDA,,ACYCLOVIR,,,,,,shortage,غير متوفر,2026-09-23T21:00:18.067094,D06BB03,
SA,Saudi Arabia,SFDA,,ADALIMUMAB,,,,,,shortage,غير متوفر,2026-09-23T21:00:18.746443,L04AB04,
SA,Saudi Arabia,SFDA,,ADAPALENE,,,,,,shortage,غير متوفر,2026-09-23T21:00:18.746474,D10AD03,
SA,Saudi Arabia,SFDA,,"ADAPALENE,Hydrous Benzoyl Peroxide",,,,,,shortage,غير متوفر,2026-09-23T21:00:18.746487,,
SA,Saudi Arabia,SFDA,,ADENOSINE,,,,,,shortage,غير متوفر,2026-09-23T21:00:18.746499,C01EB10,
SA,Saudi Arabia,SFDA,,ADRENALINE,,,,,,shortage,غير متوفر,2026-09-23T21:00:18.746510,C01CA24,
SA,Saudi Arabia,SFDA,,AESCIN,,,,,,shortage,غير متوفر,2026-09-23T21:00:18.746521,C05AX01,
SA,Saudi Arabia,SFDA,,AFATINIB,,,,,,shortage,غير متوفر,2026-09-23T21:00:18.746532,L01EB03,
SA,Saudi Arabia,SFDA,,AFLIBERCEPT,,,,,,shortage,غير متوفر,2026-09-23T21:00:18.746543,L01XX44,
SA,Saudi Arabia,SFDA,,AGALSIDASE BETA,,,,,,shortage,غير متوفر,2026-09-23T21:00:18.746553,A16AB04,
SA,Saudi Arabia,SFDA,,ALANYL GLUTAMINE,,,,,,shortage,غير متوفر,2026-09-23T21:00:18.746564,B05XB02,
SA,Saudi Arabia,SFDA,,ALBENDAZOLE,,,,,,shortage,غير متوفر,2026-09-23T21:00:19.418466,P02CA03,
SA,Saudi Arabia,SFDA,,ALBUMIN HUMAN,,,,,,shortage,غير متوفر,2026-09-23T21:00:19.418494,B05AA01,
SA,Saudi Arabia,SFDA,,ALEMTUZUMAB,,,,,,shortage,غير متوفر,2026-09-23T21:00:19.418505,L04AG06,
SA,Saudi Arabia,SFDA,,ALENDRONATE SODIUM,,,,,,shortage,غير متوفر,2026-09-23T21:00:19.418515,M05BA04,
SA,Saudi Arabia,SFDA,,ALFENTANIL,,,,,,shortage,غير متوفر,2026-09-23T21:00:19.418525,N01AH02,
SA,Saudi Arabia,SFDA,,ALFUZOSIN,,,,,,shortage,غير متوفر,2026-09-23T21:00:19.418535,G04CA01,
SA,Saudi Arabia,SFDA,,ALOGLIPTIN,,,,,,shortage,غير متوفر,2026-09-23T21:00:19.418544,A10BH04,
SA,Saudi Arabia,SFDA,,"ALOGLIPTIN,PIOGLITAZONE",,,,,,shortage,غير متوفر,2026-09-23T21:00:19.418554,,
SA,Saudi Arabia,SFDA,,ALPHA.1-PROTEINASE INHIBITOR HUMAN,,,,,,shortage,غير متوفر,2026-09-23T21:00:19.418563,,
SA,Saudi Arabia,SFDA,,ALPRAZOLAM,,,,,,shortage,غير متوفر,2026-09-23T21:00:19.418572,N05BA12,
SA,Saudi Arabia,SFDA,,ALPROSTADIL,,,,,,shortage,غير متوفر,2026-09-23T21:00:20.085354,C01EA01,
SA,Saudi Arabia,SFDA,,"ALUMINUM HYDROXIDE,MAGNESIUM HYDROXIDE",,,,,,shortage,غير متوفر,2026-09-23T21:00:20.085381,,
SA,Saudi Arabia,SFDA,,AMBRISENTAN,,,,,,shortage,غير متوفر,2026-09-23T21:00:20.085394,C02KX02,
SA,Saudi Arabia,SFDA,,AMBROXOL HYDROCHLORIDE,,,,,,shortage,غير متوفر,2026-09-23T21:00:20.085404,R02AD05,
SA,Saudi Arabia,SFDA,,AMIKACIN,,,,,,shortage,غير متوفر,2026-09-23T21:00:20.085414,D06AX12,
SA,Saudi Arabia,SFDA,,AMIKACIN,,,,,,shortage,غير متوفر,2026-09-23T21:00:20.085425,D06AX12,
SA,Saudi Arabia,SFDA,,"AMINO ACIDS, SOURCE UNSPECIFIED",,,,,,shortage,غير متوفر,2026-09-23T21:00:20.085434,,
SA,Saudi Arabia,SFDA,,AMINOPHYLLINE,,,,,,shortage,غير متوفر,2026-09-23T21:00:20.085443,R03DA05,
SA,Saudi Arabia,SFDA,,AMIODARONE,,,,,,shortage,غير متوفر,2026-09-23T21:00:20.085454,C01BD01,
SA,Saudi Arabia,SFDA,,AMISULPRIDE,,,,,,shortage,غير متوفر,2026-09-23T21:00:20.085463,N05AL05,
SA,Saudi Arabia,SFDA,,AMLODIPINE BESILATE,,,,,,shortage,غير متوفر,2026-09-23T21:00:20.761153,C08CA01,
SA,Saudi Arabia,SFDA,,"AMLODIPINE BESILATE, ATORVASTATIN CALCIUM",,,,,,shortage,غير متوفر,2026-09-23T21:00:20.761183,,
SA,Saudi Arabia,SFDA,,"AMLODIPINE BESILATE,ATORVASTATIN CALCIUM",,,,,,shortage,غير متوفر,2026-09-23T21:00:20.761197,,
SA,Saudi Arabia,SFDA,,"AMLODIPINE BESILATE,PERINDOPRIL ARGININE",,,,,,shortage,غير متوفر,2026-09-23T21:00:20.761207,,
SA,Saudi Arabia,SFDA,,AMOXICILLIN,,,,,,shortage,غير متوفر,2026-09-23T21:00:20.761217,J01CA04,
SA,Saudi Arabia,SFDA,,"AMOXICILLIN,CLAVULANIC ACID",,,,,,shortage,غير متوفر,2026-09-23T21:00:20.761226,,
SA,Saudi Arabia,SFDA,,AMPHOTERICIN B,,,,,,shortage,غير متوفر,2026-09-23T21:00:20.761235,A01AB04,
SA,Saudi Arabia,SFDA,,AMPICILLIN,,,,,,shortage,غير متوفر,2026-09-23T21:00:20.761244,J01CA01,
SA,Saudi Arabia,SFDA,,"AMPICILLIN,SULBACTAM",,,,,,shortage,غير متوفر,2026-09-23T21:00:20.761253,,
SA,Saudi Arabia,SFDA,,ANIDULAFUNGIN,,,,,,shortage,غير متوفر,2026-09-23T21:00:20.761262,J02AX06,
SA,Saudi Arabia,SFDA,,ANTI-D (RH0) IMMUNOGLOBULIN,,,,,,shortage,غير متوفر,2026-09-23T21:00:21.444527,J06BB01,
SA,Saudi Arabia,SFDA,,"ANTIHEMOPHILIC FACTOR, HUMAN RECOMBINANT",,,,,,shortage,غير متوفر,2026-09-23T21:00:21.444553,,
SA,Saudi Arabia,SFDA,,APIXABAN,,,,,,shortage,غير متوفر,2026-09-23T21:00:21.444564,B01AF02,
SA,Saudi Arabia,SFDA,,APREMILAST,,,,,,shortage,غير متوفر,2026-09-23T21:00:21.444575,L04AA32,
SA,Saudi Arabia,SFDA,,"ARGININE,LYSINE,ALANINE,ASPARTIC ACID,CYSTEINE,ISOLEUCINE5,GLUTAMIC ACID,THREONINE,GLYCINE,GLUCOSE,LEUCINE,SODIUM GLYCEROPHOSPHATE HYDRATED,CALCIUM CHLORIDE DIHYDRATE,SERINE,TAURINE,HISTIDINE,TRYPTOPHAN,TYROSINE,SODIUM CHLORIDE,ORNITHINE,PHENYLALANINE,METHIONINE,VALINE,REFINED OLIVE OIL (~80%) + REFINED SOYA OIL (~20%),POTASSIUM ACETATE,PROLINE,MAGNESIUM ACETATE TETRAHYDRATE",,,,,,shortage,غير متوفر,2026-09-23T21:00:21.444585,,
SA,Saudi Arabia,SFDA,,ARIPIPRAZOLE,,,,,,shortage,غير متوفر,2026-09-23T21:00:21.444595,N05AX12,
SA,Saudi Arabia,SFDA,,ARSENIC TRIOXIDE,,,,,,shortage,غير متوفر,2026-09-23T21:00:21.444605,L01XX27,
SA,Saudi Arabia,SFDA,,"ARTICAINE HYDROCHLORIDE,ADRENALINE TARTRATE",,,,,,shortage,غير متوفر,2026-09-23T21:00:21.444614,,
SA,Saudi Arabia,SFDA,,"ARTICAINE,NOREPINEPHRINE BITARTRATE",,,,,,shortage,غير متوفر,2026-09-23T21:00:21.444624,,
SA,Saudi Arabia,SFDA,,ASCIMINIB,,,,,,shortage,غير متوفر,2026-09-23T21:00:21.444633,L01EA06,
SA,Saudi Arabia,SFDA,,ATALUREN,,,,,,shortage,غير متوفر,2026-09-23T21:00:22.141949,M09AX03,
SA,Saudi Arabia,SFDA,,ATAZANAVIR,,,,,,shortage,غير متوفر,2026-09-23T21:00:22.141977,J05AE08,
SA,Saudi Arabia,SFDA,,ATENOLOL,,,,,,shortage,غير متوفر,2026-09-23T21:00:22.141990,C07AB03,
SA,Saudi Arabia,SFDA,,ATOMOXETINE HYDROCHLORIDE,,,,,,shortage,غير متوفر,2026-09-23T21:00:22.142000,N06BA09,
SA,Saudi Arabia,SFDA,,ATORVASTATIN CALCIUM,,,,,,shortage,غير متوفر,2026-09-23T21:00:22.142010,C10AA05,
SA,Saudi Arabia,SFDA,,"ATORVASTATIN CALCIUM,AMLODIPINE BESILATE",,,,,,shortage,غير متوفر,2026-09-23T21:00:22.142021,,
SA,Saudi Arabia,SFDA,,"ATOVAQUONE,PROGUANIL HYDROCHLORIDE",,,,,,shortage,غير متوفر,2026-09-23T21:00:22.142030,,
SA,Saudi Arabia,SFDA,,ATRACURIUM BESILATE,,,,,,shortage,غير متوفر,2026-09-23T21:00:22.142043,M03AC04,
SA,Saudi Arabia,SFDA,,ATROPINE SULFATE,,,,,,shortage,غير متوفر,2026-09-23T21:00:22.142053,A03BA01,
SA,Saudi Arabia,SFDA,,AZACITIDINE,,,,,,shortage,غير متوفر,2026-09-23T21:00:22.142067,L01BC07,
SA,Saudi Arabia,SFDA,,AZELAIC ACID,,,,,,shortage,غير متوفر,2026-09-23T21:00:22.821206,D10AX03,
SA,Saudi Arabia,SFDA,,AZELASTINE,,,,,,shortage,غير متوفر,2026-09-23T21:00:22.821243,R01AC03,
SA,Saudi Arabia,SFDA,,AZILSARTAN MEDOXOMIL,,,,,,shortage,غير متوفر,2026-09-23T21:00:22.821255,C09CA09,
SA,Saudi Arabia,SFDA,,"AZILSARTAN MEDOXOMIL,CHLORTHALIDONE",,,,,,shortage,غير متوفر,2026-09-23T21:00:22.821265,,
SA,Saudi Arabia,SFDA,,AZITHROMYCIN,,,,,,shortage,غير متوفر,2026-09-23T21:00:22.821275,J01FA10,
SA,Saudi Arabia,SFDA,,Bempedoic acid,,,,,,shortage,غير متوفر,2026-09-23T21:00:22.821284,C10AX15,
SA,Saudi Arabia,SFDA,,BENDAMUSTINE HYDROCHLORIDE,,,,,,shortage,غير متوفر,2026-09-23T21:00:22.821293,L01AA09,
SA,Saudi Arabia,SFDA,,BENZATHINE PENICILLIN,,,,,,shortage,غير متوفر,2026-09-23T21:00:22.821305,J01CE01,
SA,Saudi Arabia,SFDA,,BENZOCAINE,,,,,,shortage,غير متوفر,2026-09-23T21:00:22.821314,C05AD03,
SA,Saudi Arabia,SFDA,,"BENZOYL PEROXIDE,ADAPALENE",,,,,,shortage,غير متوفر,2026-09-23T21:00:22.821324,,
SA,Saudi Arabia,SFDA,,BENZYDAMINE HYDROCHLORIDE,,,,,,shortage,غير متوفر,2026-09-23T21:00:23.509847,A01AD02,
SA,Saudi Arabia,SFDA,,BERACTANT,,,,,,shortage,غير متوفر,2026-09-23T21:00:23.509875,R07AB01,
SA,Saudi Arabia,SFDA,,Berotralstat,,,,,,shortage,غير متوفر,2026-09-23T21:00:23.509886,B06AC06,
SA,Saudi Arabia,SFDA,,BETAHISTINE DIHYDROCHLORIDE,,,,,,shortage,غير متوفر,2026-09-23T21:00:23.509896,N07CA01,
SA,Saudi Arabia,SFDA,,BETAMETHASONE DIPROPIONATE,,,,,,shortage,غير متوفر,2026-09-23T21:00:23.509906,D07AC01,
SA,Saudi Arabia,SFDA,,BETAMETHASONE SODIUM PHOSPHATE,,,,,,shortage,غير متوفر,2026-09-23T21:00:23.509916,A07EA04,
SA,Saudi Arabia,SFDA,,BETAMETHASONE VALERATE,,,,,,shortage,غير متوفر,2026-09-23T21:00:23.509925,D07AC01,
SA,Saudi Arabia,SFDA,,BETAXOLOL HYDROCHLORIDE,,,,,,shortage,غير متوفر,2026-09-23T21:00:23.509935,C07AB05,
SA,Saudi Arabia,SFDA,,Bicalutamide,,,,,,shortage,غير متوفر,2026-09-23T21:00:23.509944,L02BB03,
SA,Saudi Arabia,SFDA,,BIMATOPROST,,,,,,shortage,غير متوفر,2026-09-23T21:00:23.509953,S01EE03,
SA,Saudi Arabia,SFDA,,BINIMETINIB,,,,,,shortage,غير متوفر,2026-09-23T21:00:25.254271,L01EE03,
SA,Saudi Arabia,SFDA,,BISOPROLOL FUMARATE,,,,,,shortage,غير متوفر,2026-09-23T21:00:25.254301,C07AB07,
SA,Saudi Arabia,SFDA,,BORTEZOMIB,,,,,,shortage,غير متوفر,2026-09-23T21:00:25.254311,L01XG01,
SA,Saudi Arabia,SFDA,,BORTEZOMIB,,,,,,shortage,غير متوفر,2026-09-23T21:00:25.254335,L01XG01,
SA,Saudi Arabia,SFDA,,BOSENTAN,,,,,,shortage,غير متوفر,2026-09-23T21:00:25.254345,C02KX01,
SA,Saudi Arabia,SFDA,,BREXPIPRAZOLE,,,,,,shortage,غير متوفر,2026-09-23T21:00:25.254354,N05AX16,
SA,Saudi Arabia,SFDA,,BRIMONIDINE TARTRATE,,,,,,shortage,غير متوفر,2026-09-23T21:00:25.254363,D11AX21,
SA,Saudi Arabia,SFDA,,BRIVARACETAM,,,,,,shortage,غير متوفر,2026-09-23T21:00:25.254373,N03AX23,
SA,Saudi Arabia,SFDA,,Brolucizumab,,,,,,shortage,غير متوفر,2026-09-23T21:00:25.254383,S01LA06,
SA,Saudi Arabia,SFDA,,BROMHEXINE,,,,,,shortage,غير متوفر,2026-09-23T21:00:25.254392,R05CB02,
SA,Saudi Arabia,SFDA,,BUDESONIDE,,,,,,shortage,غير متوفر,2026-09-23T21:00:25.941947,A07EA06,
SA,Saudi Arabia,SFDA,,"BUDESONIDE,FORMOTEROL FUMARATE",,,,,,shortage,غير متوفر,2026-09-23T21:00:25.941977,,
SA,Saudi Arabia,SFDA,,BUPRENORPHINE,,,,,,shortage,غير متوفر,2026-09-23T21:00:25.941988,N02AE01,
SA,Saudi Arabia,SFDA,,BUSULFAN,,,,,,shortage,غير متوفر,2026-09-23T21:00:25.941998,L01AB01,
SA,Saudi Arabia,SFDA,,BUTENAFINE,,,,,,shortage,غير متوفر,2026-09-23T21:00:25.942008,D01AE23,
SA,Saudi Arabia,SFDA,,CABAZITAXEL,,,,,,shortage,غير متوفر,2026-09-23T21:00:25.942018,L01CD04,
SA,Saudi Arabia,SFDA,,CABERGOLINE,,,,,,shortage,غير متوفر,2026-09-23T21:00:25.942028,G02CB03,
SA,Saudi Arabia,SFDA,,"CAFFEINE,ERGOTAMINE TARTRATE,HYDROCHLOROTHIAZIDE,EPROSARTAN MESILATE",,,,,,shortage,غير متوفر,2026-09-23T21:00:25.942038,,
SA,Saudi Arabia,SFDA,,CALCITONIN SALMON,,,,,,shortage,غير متوفر,2026-09-23T21:00:25.942048,H05BA01,
SA,Saudi Arabia,SFDA,,CALCIUM CHLORIDE,,,,,,shortage,غير متوفر,2026-09-23T21:00:25.942059,A12BA01,
SA,Saudi Arabia,SFDA,,"CALCIUM CHLORIDE DIHYDRATE,REFINED OLIVE OIL (~80%) + REFINED SOYA OIL (~20%),ARGININE,PHENYLALANINE,ISOLEUCINE5,HISTIDINE,GLUCOSE,GLUTAMIC ACID,LEUCINE,CYSTEINE,ASPARTIC ACID,TRYPTOPHAN,ALANINE,ORNITHINE,PROLINE,GLYCINE,SERINE,SODIUM CHLORIDE,TAURINE,SODIUM GLYCEROPHOSPHATE HYDRATED,METHIONINE,POTASSIUM ACETATE,MAGNESIUM ACETATE TETRAHYDRATE,VALINE,THREONINE,LYSINE,TYROSINE",,,,,,shortage,غير متوفر,2026-09-23T21:00:26.625969,,
SA,Saudi Arabia,SFDA,,CALCIUM DOBESILATE MONOHYDRATE,,,,,,shortage,غير متوفر,2026-09-23T21:00:26.625997,C05BX01,
SA,Saudi Arabia,SFDA,,CALCIUM FOLINATE,,,,,,shortage,غير متوفر,2026-09-23T21:00:26.626008,V03AF03,
SA,Saudi Arabia,SFDA,,CALCIUM GLUBIONATE,,,,,,shortage,غير متوفر,2026-09-23T21:00:26.626018,A12AA02,
SA,Saudi Arabia,SFDA,,CALCIUM GLUCONATE,,,,,,shortage,غير متوفر,2026-09-23T21:00:26.626028,A12AA03,
SA,Saudi Arabia,SFDA,,"CALCIUM LACTATE GLUCONATE,CALCIUM CARBONATE",,,,,,shortage,غير متوفر,2026-09-23T21:00:26.626039,,
SA,Saudi Arabia,SFDA,,CANDESARTAN CILEXETIL,,,,,,shortage,غير متوفر,2026-09-23T21:00:26.626048,C09CA06,
SA,Saudi Arabia,SFDA,,"CANDESARTAN CILEXETIL,AMLODIPINE BESILATE,HYDROCHLOROTHIAZIDE",,,,,,shortage,غير متوفر,2026-09-23T21:00:26.626058,,
SA,Saudi Arabia,SFDA,,"CANDESARTAN CILEXETIL,HYDROCHLOROTHIAZIDE",,,,,,shortage,غير متوفر,2026-09-23T21:00:26.626068,,
SA,Saudi Arabia,SFDA,,"CANDESARTAN CILEXETIL,HYDROCHLOROTHIAZIDE",,,,,,shortage,غير متوفر,2026-09-23T21:00:26.626078,,
SA,Saudi Arabia,SFDA,,Capecitabine,,,,,,shortage,غير متوفر,2026-09-23T21:00:26.978549,L01BC06,
SA,Saudi Arabia,SFDA,,CAPTOPRIL,,,,,,shortage,غير متوفر,2026-09-23T21:00:26.978577,C09AA01,
SA,Saudi Arabia,SFDA,,CARBOPLATIN,,,,,,shortage,غير متوفر,2026-09-23T21:00:26.978590,L01XA02,
SA,Saudi Arabia,SFDA,,CARBOPLATIN,,,,,,shortage,غير متوفر,2026-09-23T21:00:26.978600,L01XA02,
SA,Saudi Arabia,SFDA,,CARFILZOMIB,,,,,,shortage,غير متوفر,2026-09-23T21:00:26.978610,L01XG02,
SA,Saudi Arabia,SFDA,,CARGLUMIC ACID,,,,,,shortage,غير متوفر,2026-09-23T21:00:26.978620,A16AA05,
SA,Saudi Arabia,SFDA,,CARVEDILOL,,,,,,shortage,غير متوفر,2026-09-23T21:00:26.978628,C07AG02,
SA,Saudi Arabia,SFDA,,CASPOFUNGIN,,,,,,shortage,غير متوفر,2026-09-23T21:00:26.978638,J02AX04,
SA,Saudi Arabia,SFDA,,CASPOFUNGIN ACETATE,,,,,,shortage,غير متوفر,2026-09-23T21:00:26.978647,J02AX04,
SA,Saudi Arabia,SFDA,,CEFACLOR,,,,,,shortage,غير متوفر,2026-09-23T21:00:26.978661,J01DC04,
SA,Saudi Arabia,SFDA,,CEFACLOR,,,,,,shortage,غير متوفر,2026-09-23T21:00:27.324695,J01DC04,
SA,Saudi Arabia,SFDA,,CEFALEXIN,,,,,,shortage,غير متوفر,2026-09-23T21:00:27.324721,J01DB01,
SA,Saudi Arabia,SFDA,,CEFALEXIN,,,,,,shortage,غير متوفر,2026-09-23T21:00:27.324733,J01DB01,
SA,Saudi Arabia,SFDA,,CEFAZOLIN,,,,,,shortage,غير متوفر,2026-09-23T21:00:27.324743,J01DB04,
SA,Saudi Arabia,SFDA,,CEFEPIME HYDROCHLORIDE,,,,,,shortage,غير متوفر,2026-09-23T21:00:27.324753,J01DE01,
SA,Saudi Arabia,SFDA,,CEFIXIME,,,,,,shortage,غير متوفر,2026-09-23T21:00:27.324762,J01DD08,
SA,Saudi Arabia,SFDA,,CEFOTAXIME,,,,,,shortage,غير متوفر,2026-09-23T21:00:27.324771,J01DD01,
SA,Saudi Arabia,SFDA,,CEFPROZIL,,,,,,shortage,غير متوفر,2026-09-23T21:00:27.324785,J01DC10,
SA,Saudi Arabia,SFDA,,CEFRADINE,,,,,,shortage,غير متوفر,2026-09-23T21:00:27.324795,J01DB09,
SA,Saudi Arabia,SFDA,,CEFTAZIDIME,,,,,,shortage,غير متوفر,2026-09-23T21:00:27.324804,J01DD02,
SA,Saudi Arabia,SFDA,,CEFTRIAXONE,,,,,,shortage,غير متوفر,2026-09-23T21:00:27.677160,J01DD04,
SA,Saudi Arabia,SFDA,,CEFUROXIME AXETIL,,,,,,shortage,غير متوفر,2026-09-23T21:00:27.677187,J01DC02,
SA,Saudi Arabia,SFDA,,CEFUROXIME SODIUM,,,,,,shortage,غير متوفر,2026-09-23T21:00:27.677201,J01DC02,
SA,Saudi Arabia,SFDA,,CELECOXIB,,,,,,shortage,غير متوفر,2026-09-23T21:00:27.677211,L01XX33,
SA,Saudi Arabia,SFDA,,CELECOXIB,,,,,,shortage,غير متوفر,2026-09-23T21:00:27.677221,L01XX33,
SA,Saudi Arabia,SFDA,,CEPHALEXIN ANHYDROUS,,,,,,shortage,غير متوفر,2026-09-23T21:00:27.677231,J01DB01,
SA,Saudi Arabia,SFDA,,"CHLORMADINONE,ETHINYLESTRADIOL",,,,,,shortage,غير متوفر,2026-09-23T21:00:27.677241,,
SA,Saudi Arabia,SFDA,,CHLOROQUINE PHOSPHATE,,,,,,shortage,غير متوفر,2026-09-23T21:00:27.677251,P01BA01,
SA,Saudi Arabia,SFDA,,CHLOROTHIAZIDE,,,,,,shortage,غير متوفر,2026-09-23T21:00:27.677262,C03AA04,
SA,Saudi Arabia,SFDA,,CHLORPROTHIXENE,,,,,,shortage,غير متوفر,2026-09-23T21:00:27.677273,N05AF03,
SA,Saudi Arabia,SFDA,,CHOLECALCIFEROL,,,,,,shortage,غير متوفر,2026-09-23T21:00:28.030018,A11CC05,
SA,Saudi Arabia,SFDA,,"CHOLECALCIFEROL,CYANOCOBALAMIN,CALCIUM LEVULINATE",,,,,,shortage,غير متوفر,2026-09-23T21:00:28.030047,,
SA,Saudi Arabia,SFDA,,"CHROMIUM CHLORIDE HEXAHYDRATE,SODIUM SELENITE PENTAHYDRATE,POTASSIUM IODIDE,SODIUM FLUORIDE,MANGANESE GLUCONATE,COPPER GLUCONATE,ZINC GLUCONATE,SODIUM MOLYBDATE,FERROUS GLUCONATE",,,,,,shortage,غير متوفر,2026-09-23T21:00:28.030058,,
SA,Saudi Arabia,SFDA,,CICLOSPORIN,,,,,,shortage,غير متوفر,2026-09-23T21:00:28.030069,L04AD01,
SA,Saudi Arabia,SFDA,,"CILASTATIN,IMIPENEM",,,,,,shortage,غير متوفر,2026-09-23T21:00:28.030078,,
SA,Saudi Arabia,SFDA,,CILOSTAZOL,,,,,,shortage,غير متوفر,2026-09-23T21:00:28.030088,B01AC23,
SA,Saudi Arabia,SFDA,,CINACALCET,,,,,,shortage,غير متوفر,2026-09-23T21:00:28.030097,H05BX01,
SA,Saudi Arabia,SFDA,,CINNARIZINE,,,,,,shortage,غير متوفر,2026-09-23T21:00:28.030106,N07CA02,
SA,Saudi Arabia,SFDA,,CIPROFLOXACIN,,,,,,shortage,غير متوفر,2026-09-23T21:00:28.030115,J01MA02,
SA,Saudi Arabia,SFDA,,CISATRACURIUM,,,,,,shortage,غير متوفر,2026-09-23T21:00:28.030124,M03AC11,
SA,Saudi Arabia,SFDA,,CISPLATIN,,,,,,shortage,غير متوفر,2026-09-23T21:00:28.384810,L01XA01,
SA,Saudi Arabia,SFDA,,CITALOPRAM,,,,,,shortage,غير متوفر,2026-09-23T21:00:28.384838,N06AB04,
SA,Saudi Arabia,SFDA,,CLARITHROMYCIN,,,,,,shortage,غير متوفر,2026-09-23T21:00:28.384849,J01FA09,
SA,Saudi Arabia,SFDA,,CLINDAMYCIN PHOSPHATE,,,,,,shortage,غير متوفر,2026-09-23T21:00:28.384860,D10AF01,
SA,Saudi Arabia,SFDA,,"CLIOQUINOL,BETAMETHASONE VALERATE",,,,,,shortage,غير متوفر,2026-09-23T21:00:28.384870,,
SA,Saudi Arabia,SFDA,,CLOBAZAM,,,,,,shortage,غير متوفر,2026-09-23T21:00:28.384880,N05BA09,
SA,Saudi Arabia,SFDA,,CLOBETASOL PROPIONATE,,,,,,shortage,غير متوفر,2026-09-23T21:00:28.384889,D07AD01,
SA,Saudi Arabia,SFDA,,CLOBETASONE BUTYRATE,,,,,,shortage,غير متوفر,2026-09-23T21:00:28.384899,D07AC02,
SA,Saudi Arabia,SFDA,,CLOFARABINE,,,,,,shortage,غير متوفر,2026-09-23T21:00:28.384908,L01BB06,
SA,Saudi Arabia,SFDA,,CLOPIDOGREL,,,,,,shortage,غير متوفر,2026-09-23T21:00:28.384917,B01AC04,
SA,Saudi Arabia,SFDA,,CLOPIDOGREL,,,,,,shortage,غير متوفر,2026-09-23T21:00:28.744278,B01AC04,
SA,Saudi Arabia,SFDA,,CLOSTRIDIUM BOTULINUM NEUROTOXIN A,,,,,,shortage,غير متوفر,2026-09-23T21:00:28.744306,M03AX01,
SA,Saudi Arabia,SFDA,,CLOTRIMAZOLE,,,,,,shortage,غير متوفر,2026-09-23T21:00:28.744317,A01AB18,
SA,Saudi Arabia,SFDA,,CLOXACILLIN,,,,,,shortage,غير متوفر,2026-09-23T21:00:28.744328,J01CF02,
SA,Saudi Arabia,SFDA,,CLOZAPINE,,,,,,shortage,غير متوفر,2026-09-23T21:00:28.744337,N05AH02,
SA,Saudi Arabia,SFDA,,COLECALCIFEROL,,,,,,shortage,غير متوفر,2026-09-23T21:00:28.744347,A11CC05,
SA,Saudi Arabia,SFDA,,COLECALCIFEROL (VITAMIN D3),,,,,,shortage,غير متوفر,2026-09-23T21:00:28.744356,A11CC05,
SA,Saudi Arabia,SFDA,,COLISTIMETHATE SODIUM,,,,,,shortage,غير متوفر,2026-09-23T21:00:28.744365,J01XB01,
SA,Saudi Arabia,SFDA,,CROTAMITON,,,,,,shortage,غير متوفر,2026-09-23T21:00:28.744374,,
SA,Saudi Arabia,SFDA,,CYCLOBENZAPRINE HYDROCHLORIDE,,,,,,shortage,غير متوفر,2026-09-23T21:00:28.744383,M03BX08,
SA,Saudi Arabia,SFDA,,CYPROHEPTADINE HYDROCHLORIDE,,,,,,shortage,غير متوفر,2026-09-23T21:00:29.157313,R06AX02,
SA,Saudi Arabia,SFDA,,CYTARABINE,,,,,,shortage,غير متوفر,2026-09-23T21:00:29.157342,L01BC01,
SA,Saudi Arabia,SFDA,,DABIGATRAN ETEXILATE,,,,,,shortage,غير متوفر,2026-09-23T21:00:29.157353,B01AE07,
SA,Saudi Arabia,SFDA,,DACARBAZINE,,,,,,shortage,غير متوفر,2026-09-23T21:00:29.157363,L01AX04,
SA,Saudi Arabia,SFDA,,DAPAGLIFLOZIN,,,,,,shortage,غير متوفر,2026-09-23T21:00:29.157372,A10BK01,
SA,Saudi Arabia,SFDA,,DAPOXETINE,,,,,,shortage,غير متوفر,2026-09-23T21:00:29.157382,G04BX14,
SA,Saudi Arabia,SFDA,,DAPTOMYCIN,,,,,,shortage,غير متوفر,2026-09-23T21:00:29.157391,J01XX09,
SA,Saudi Arabia,SFDA,,DARUNAVIR,,,,,,shortage,غير متوفر,2026-09-23T21:00:29.157400,J05AE10,
SA,Saudi Arabia,SFDA,,DASATINIB,,,,,,shortage,غير متوفر,2026-09-23T21:00:29.157409,L01EA02,
SA,Saudi Arabia,SFDA,,DASATINIB,,,,,,shortage,غير متوفر,2026-09-23T21:00:29.157418,L01EA02,
SA,Saudi Arabia,SFDA,,DECITABINE,,,,,,shortage,غير متوفر,2026-09-23T21:00:29.509769,L01BC08,
SA,Saudi Arabia,SFDA,,DEFERASIROX,,,,,,shortage,غير متوفر,2026-09-23T21:00:29.509796,V03AC03,
SA,Saudi Arabia,SFDA,,DEFEROXAMINE,,,,,,shortage,غير متوفر,2026-09-23T21:00:29.509807,V03AC01,
SA,Saudi Arabia,SFDA,,Deflazacort,,,,,,shortage,غير متوفر,2026-09-23T21:00:29.509816,H02AB13,
SA,Saudi Arabia,SFDA,,DESLORATADINE,,,,,,shortage,غير متوفر,2026-09-23T21:00:29.509826,R06AX27,
SA,Saudi Arabia,SFDA,,DESMOPRESSIN ACETATE,,,,,,shortage,غير متوفر,2026-09-23T21:00:29.509835,H01BA02,
SA,Saudi Arabia,SFDA,,"DEXAMETHASONE,SALICYLIC ACID",,,,,,shortage,غير متوفر,2026-09-23T21:00:29.509844,,
SA,Saudi Arabia,SFDA,,DEXMEDETOMIDINE,,,,,,shortage,غير متوفر,2026-09-23T21:00:29.509853,N05CM18,
SA,Saudi Arabia,SFDA,,"DEXTRAN 40,DEXTROSE",,,,,,shortage,غير متوفر,2026-09-23T21:00:29.509863,,
SA,Saudi Arabia,SFDA,,"DEXTRAN 40,SODIUM CHLORIDE",,,,,,shortage,غير متوفر,2026-09-23T21:00:29.509873,,
SA,Saudi Arabia,SFDA,,DEXTROSE,,,,,,shortage,غير متوفر,2026-09-23T21:00:29.856719,B05BA01,
SA,Saudi Arabia,SFDA,,"DEXTROSE,SODIUM CHLORIDE",,,,,,shortage,غير متوفر,2026-09-23T21:00:29.856751,,
SA,Saudi Arabia,SFDA,,"DEXTROSE,SODIUM CHLORIDE,POTASSIUM CHLORIDE",,,,,,shortage,غير متوفر,2026-09-23T21:00:29.856764,,
SA,Saudi Arabia,SFDA,,"DEXTROSE,SODIUM CHLORIDE,SODIUM CITRATE,POTASSIUM CHLORIDE",,,,,,shortage,غير متوفر,2026-09-23T21:00:29.856775,,
SA,Saudi Arabia,SFDA,,DIATRIZOATE MEGLUMINE,,,,,,shortage,غير متوفر,2026-09-23T21:00:29.856786,V08AB01,
SA,Saudi Arabia,SFDA,,DIAZEPAM,,,,,,shortage,غير متوفر,2026-09-23T21:00:29.856797,N05BA01,
SA,Saudi Arabia,SFDA,,DICLOFENAC POTASSIUM,,,,,,shortage,غير متوفر,2026-09-23T21:00:29.856807,D11AX18,
SA,Saudi Arabia,SFDA,,DICLOFENAC SODIUM,,,,,,shortage,غير متوفر,2026-09-23T21:00:29.856818,D11AX18,
SA,Saudi Arabia,SFDA,,DIGOXIN,,,,,,shortage,غير متوفر,2026-09-23T21:00:29.856829,C01AA05,
SA,Saudi Arabia,SFDA,,Dimethyl Fumarate,,,,,,shortage,غير متوفر,2026-09-23T21:00:29.856841,L04AX07,
SA,Saudi Arabia,SFDA,,Dimethyl Fumarate,,,,,,shortage,غير متوفر,2026-09-23T21:00:30.205088,L04AX07,
SA,Saudi Arabia,SFDA,,DINOPROSTONE,,,,,,shortage,غير متوفر,2026-09-23T21:00:30.205116,G02AD02,
SA,Saudi Arabia,SFDA,,DIPHENHYDRAMINE HYDROCHLORIDE,,,,,,shortage,غير متوفر,2026-09-23T21:00:30.205127,D04AA32,
SA,Saudi Arabia,SFDA,,"DIPHTHERIA TOXOID,TETANUS TOXOID,PERTUSSIS TOXOID,Haemagglutinin,INACTIVATED POLIO VIRUS (IPV) TYPE 1,INACTIVATED POLIO VIRUS (IPV) TYPE 2,INACTIVATED POLIO VIRUS (IPV) TYPE 3,HEPATITIS B VIRUS HBSAG SURFACE ANTIGEN,HAEMOPHILUS INFLUENZAE TYPE B",,,,,,shortage,غير متوفر,2026-09-23T21:00:30.205137,,
SA,Saudi Arabia,SFDA,,DIPYRIDAMOLE,,,,,,shortage,غير متوفر,2026-09-23T21:00:30.205147,B01AC07,
SA,Saudi Arabia,SFDA,,DOBUTAMINE,,,,,,shortage,غير متوفر,2026-09-23T21:00:30.205156,C01CA07,
SA,Saudi Arabia,SFDA,,DOCETAXEL,,,,,,shortage,غير متوفر,2026-09-23T21:00:30.205165,L01CD02,
SA,Saudi Arabia,SFDA,,DOCUSATE SODIUM,,,,,,shortage,غير متوفر,2026-09-23T21:00:30.205175,A06AA02,
SA,Saudi Arabia,SFDA,,DOMPERIDONE,,,,,,shortage,غير متوفر,2026-09-23T21:00:30.205184,A03FA03,
SA,Saudi Arabia,SFDA,,DONEPEZIL HYDROCHLORIDE,,,,,,shortage,غير متوفر,2026-09-23T21:00:30.205193,N06DA02,
SA,Saudi Arabia,SFDA,,"DORAVIRINE,LAMIVUDINE,TENOFOVIR DISOPROXIL",,,,,,shortage,غير متوفر,2026-09-23T21:00:30.558798,,
SA,Saudi Arabia,SFDA,,DORZOLAMIDE,,,,,,shortage,غير متوفر,2026-09-23T21:00:30.558825,S01EC03,
SA,Saudi Arabia,SFDA,,"DORZOLAMIDE,TIMOLOL MALEATE",,,,,,shortage,غير متوفر,2026-09-23T21:00:30.558837,,
SA,Saudi Arabia,SFDA,,DOXAZOSIN,,,,,,shortage,غير متوفر,2026-09-23T21:00:30.558847,C02CA04,
SA,Saudi Arabia,SFDA,,DOXORUBICIN HYDROCHLORIDE,,,,,,shortage,غير متوفر,2026-09-23T21:00:30.558856,L01DB01,
SA,Saudi Arabia,SFDA,,DOXYCYCLINE,,,,,,shortage,غير متوفر,2026-09-23T21:00:30.558866,A01AB22,
SA,Saudi Arabia,SFDA,,"DROSPINENONE,ETHINYLESTRADIOL",,,,,,shortage,غير متوفر,2026-09-23T21:00:30.558876,,
SA,Saudi Arabia,SFDA,,DULAGLUTIDE,,,,,,shortage,غير متوفر,2026-09-23T21:00:30.558887,A10BJ05,
SA,Saudi Arabia,SFDA,,DULOXETINE,,,,,,shortage,غير متوفر,2026-09-23T21:00:30.558897,N06AX21,
SA,Saudi Arabia,SFDA,,DUPILUMAB,,,,,,shortage,غير متوفر,2026-09-23T21:00:30.558907,D11AH05,
SA,Saudi Arabia,SFDA,,"DYDROGESTERONE,ETHINYLESTRADIOL",,,,,,shortage,غير متوفر,2026-09-23T21:00:30.915783,,
SA,Saudi Arabia,SFDA,,ECULIZUMAB,,,,,,shortage,غير متوفر,2026-09-23T21:00:30.915811,L04AJ01,
SA,Saudi Arabia,SFDA,,EDOXABAN TOSILATE,,,,,,shortage,غير متوفر,2026-09-23T21:00:30.915822,B01AF03,
SA,Saudi Arabia,SFDA,,"EFFERVESCENT BASE,CITRIC ACID ANHYDROUS,MAGNESIUM OXIDE",,,,,,shortage,غير متوفر,2026-09-23T21:00:30.915835,,
SA,Saudi Arabia,SFDA,,ELETRIPTAN,,,,,,shortage,غير متوفر,2026-09-23T21:00:30.915845,N02CC06,
SA,Saudi Arabia,SFDA,,ELIGLUSTAT,,,,,,shortage,غير متوفر,2026-09-23T21:00:30.915855,A16AX10,
SA,Saudi Arabia,SFDA,,ELTROMBOPAG OLAMINE,,,,,,shortage,غير متوفر,2026-09-23T21:00:30.915864,B02BX03,
SA,Saudi Arabia,SFDA,,ELUXADOLINE,,,,,,shortage,غير متوفر,2026-09-23T21:00:30.915874,A07DA06,
SA,Saudi Arabia,SFDA,,ENALAPRIL MALEATE,,,,,,shortage,غير متوفر,2026-09-23T21:00:30.915884,C09AA02,
SA,Saudi Arabia,SFDA,,ENTECAVIR,,,,,,shortage,غير متوفر,2026-09-23T21:00:30.915894,J05AF10,
SA,Saudi Arabia,SFDA,,ENZALUTAMIDE,,,,,,shortage,غير متوفر,2026-09-23T21:00:31.271596,L02BB04,
SA,Saudi Arabia,SFDA,,EPIRUBICIN HYDROCHLORIDE,,,,,,shortage,غير متوفر,2026-09-23T21:00:31.271623,L01DB03,
SA,Saudi Arabia,SFDA,,EPOETIN BETA,,,,,,shortage,غير متوفر,2026-09-23T21:00:31.271634,B03XA01,
SA,Saudi Arabia,SFDA,,ERDAFITINIB,,,,,,shortage,غير متوفر,2026-09-23T21:00:31.271644,L01EN01,
SA,Saudi Arabia,SFDA,,ERLOTINIB,,,,,,shortage,غير متوفر,2026-09-23T21:00:31.271654,L01EB02,
SA,Saudi Arabia,SFDA,,ERYTHROMYCIN,,,,,,shortage,غير متوفر,2026-09-23T21:00:31.271664,D10AF02,
SA,Saudi Arabia,SFDA,,ESCITALOPRAM,,,,,,shortage,غير متوفر,2026-09-23T21:00:31.271673,N06AB10,
SA,Saudi Arabia,SFDA,,ESOMEPRAZOLE,,,,,,shortage,غير متوفر,2026-09-23T21:00:31.271682,A02BC05,
SA,Saudi Arabia,SFDA,,ESOMEPRAZOLE MAGNESIUM,,,,,,shortage,غير متوفر,2026-09-23T21:00:31.271692,A02BC05,
SA,Saudi Arabia,SFDA,,ESOMEPRAZOLE MAGNESIUM,,,,,,shortage,غير متوفر,2026-09-23T21:00:31.271702,A02BC05,
SA,Saudi Arabia,SFDA,,ESOMEPRAZOLE SODIUM,,,,,,shortage,غير متوفر,2026-09-23T21:00:31.637461,A02BC05,
SA,Saudi Arabia,SFDA,,ETAMSYLATE,,,,,,shortage,غير متوفر,2026-09-23T21:00:31.637490,B02BX01,
SA,Saudi Arabia,SFDA,,ETANERCEPT,,,,,,shortage,غير متوفر,2026-09-23T21:00:31.637501,L04AB01,
SA,Saudi Arabia,SFDA,,ETHAMSYLATE,,,,,,shortage,غير متوفر,2026-09-23T21:00:31.637511,B02BX01,
SA,Saudi Arabia,SFDA,,"ETHINYLESTRADIOL,GESTODENE",,,,,,shortage,غير متوفر,2026-09-23T21:00:31.637521,,
SA,Saudi Arabia,SFDA,,"ETHINYLESTRADIOL,LEVONORGESTREL",,,,,,shortage,غير متوفر,2026-09-23T21:00:31.637530,,
SA,Saudi Arabia,SFDA,,"ETONOGESTREL,ETHINYLESTRADIOL",,,,,,shortage,غير متوفر,2026-09-23T21:00:31.637539,,
SA,Saudi Arabia,SFDA,,ETOPOSIDE,,,,,,shortage,غير متوفر,2026-09-23T21:00:31.637551,L01CB01,
SA,Saudi Arabia,SFDA,,Etoricoxib,,,,,,shortage,غير متوفر,2026-09-23T21:00:31.637560,M01AH05,
SA,Saudi Arabia,SFDA,,Etoricoxib,,,,,,shortage,غير متوفر,2026-09-23T21:00:31.637569,M01AH05,
SA,Saudi Arabia,SFDA,,EVEROLIMUS,,,,,,shortage,غير متوفر,2026-09-23T21:00:31.991436,L01EG02,
SA,Saudi Arabia,SFDA,,EXEMESTANE,,,,,,shortage,غير متوفر,2026-09-23T21:00:31.991463,L02BG06,
SA,Saudi Arabia,SFDA,,EZETIMIBE,,,,,,shortage,غير متوفر,2026-09-23T21:00:31.991479,C10AX09,
SA,Saudi Arabia,SFDA,,"EZETIMIBE, SIMVASTATIN",,,,,,shortage,غير متوفر,2026-09-23T21:00:31.991490,,
SA,Saudi Arabia,SFDA,,"EZETIMIBE,Bempedoic acid",,,,,,shortage,غير متوفر,2026-09-23T21:00:31.991500,,
SA,Saudi Arabia,SFDA,,"EZETIMIBE,SIMVASTATIN",,,,,,shortage,غير متوفر,2026-09-23T21:00:31.991509,,
SA,Saudi Arabia,SFDA,,FACTOR IX,,,,,,shortage,غير متوفر,2026-09-23T21:00:31.991518,B02BD04,
SA,Saudi Arabia,SFDA,,FAMCICLOVIR,,,,,,shortage,غير متوفر,2026-09-23T21:00:31.991527,J05AB09,
SA,Saudi Arabia,SFDA,,FEBUXOSTAT,,,,,,shortage,غير متوفر,2026-09-23T21:00:31.991536,M04AA03,
SA,Saudi Arabia,SFDA,,FENOFIBRATE,,,,,,shortage,غير متوفر,2026-09-23T21:00:31.991568,C10AB05,
SA,Saudi Arabia,SFDA,,FENTANYL,,,,,,shortage,غير متوفر,2026-09-23T21:00:32.336016,N01AH01,
SA,Saudi Arabia,SFDA,,FERRIC CARBOXYMALTOSE,,,,,,shortage,غير متوفر,2026-09-23T21:00:32.336034,,
SA,Saudi Arabia,SFDA,,FERRIC HYDROXIDE,,,,,,shortage,غير متوفر,2026-09-23T21:00:32.336043,B03AB04,
SA,Saudi Arabia,SFDA,,"FERRIC HYDROXIDE,FOLIC ACID",,,,,,shortage,غير متوفر,2026-09-23T21:00:32.336052,,
SA,Saudi Arabia,SFDA,,FERROUS SULFATE,,,,,,shortage,غير متوفر,2026-09-23T21:00:32.336060,B03AA02,
SA,Saudi Arabia,SFDA,,"FERROUS SULFATE,FOLIC ACID",,,,,,shortage,غير متوفر,2026-09-23T21:00:32.336068,,
SA,Saudi Arabia,SFDA,,FEXOFENADINE HYDROCHLORIDE,,,,,,shortage,غير متوفر,2026-09-23T21:00:32.336076,R06AX26,
SA,Saudi Arabia,SFDA,,FILGRASTIM,,,,,,shortage,غير متوفر,2026-09-23T21:00:32.336085,L03AA02,
SA,Saudi Arabia,SFDA,,FINGOLIMOD HYDROCHLORIDE,,,,,,shortage,غير متوفر,2026-09-23T21:00:32.336093,L04AE01,
SA,Saudi Arabia,SFDA,,FLUCONAZOLE,,,,,,shortage,غير متوفر,2026-09-23T21:00:32.336101,D01AC15,
SA,Saudi Arabia,SFDA,,FLUDARABINE PHOSPHATE,,,,,,shortage,غير متوفر,2026-09-23T21:00:32.691642,L01BB05,
SA,Saudi Arabia,SFDA,,FLUMAZENIL,,,,,,shortage,غير متوفر,2026-09-23T21:00:32.691670,V03AB25,
SA,Saudi Arabia,SFDA,,FLUOROURACIL,,,,,,shortage,غير متوفر,2026-09-23T21:00:32.691683,L01BC02,
SA,Saudi Arabia,SFDA,,FLUOXETINE,,,,,,shortage,غير متوفر,2026-09-23T21:00:32.691693,N06AB03,
SA,Saudi Arabia,SFDA,,FLUPENTIXOL,,,,,,shortage,غير متوفر,2026-09-23T21:00:32.691703,N05AF01,
SA,Saudi Arabia,SFDA,,FLUTICASONE PROPIONATE,,,,,,shortage,غير متوفر,2026-09-23T21:00:32.691713,D07AC17,
SA,Saudi Arabia,SFDA,,"FLUTICASONE PROPIONATE,FORMOTEROL FUMARATE",,,,,,shortage,غير متوفر,2026-09-23T21:00:32.691722,,
SA,Saudi Arabia,SFDA,,FOLINIC ACID,,,,,,shortage,غير متوفر,2026-09-23T21:00:32.691732,V03AF03,
SA,Saudi Arabia,SFDA,,"FOLLICLE STIMULATING HORMONE (FSH),LUTEINIZING HORMONE (LH)",,,,,,shortage,غير متوفر,2026-09-23T21:00:32.691742,,
SA,Saudi Arabia,SFDA,,FOLLITROPIN ALFA,,,,,,shortage,غير متوفر,2026-09-23T21:00:32.691752,G03GA05,
SA,Saudi Arabia,SFDA,,FONDAPARINUX SODIUM,,,,,,shortage,غير متوفر,2026-09-23T21:00:33.049734,B01AX05,
SA,Saudi Arabia,SFDA,,FOSCARNET,,,,,,shortage,غير متوفر,2026-09-23T21:00:33.049761,J05AD01,
SA,Saudi Arabia,SFDA,,FREMANEZUMAB,,,,,,shortage,غير متوفر,2026-09-23T21:00:33.049772,N02CD03,
SA,Saudi Arabia,SFDA,,FULVESTRANT,,,,,,shortage,غير متوفر,2026-09-23T21:00:33.049782,L02BA03,
SA,Saudi Arabia,SFDA,,FUROSEMIDE,,,,,,shortage,غير متوفر,2026-09-23T21:00:33.049791,C03CA01,
SA,Saudi Arabia,SFDA,,FUSIDIC ACID,,,,,,shortage,غير متوفر,2026-09-23T21:00:33.049800,D06AX01,
SA,Saudi Arabia,SFDA,,GABAPENTIN,,,,,,shortage,غير متوفر,2026-09-23T21:00:33.049809,N02BF01,
SA,Saudi Arabia,SFDA,,GADOBUTROL,,,,,,shortage,غير متوفر,2026-09-23T21:00:33.049818,V08CA09,
SA,Saudi Arabia,SFDA,,GADODIAMIDE,,,,,,shortage,غير متوفر,2026-09-23T21:00:33.049827,V08CA03,
SA,Saudi Arabia,SFDA,,GADOTERIC ACID,,,,,,shortage,غير متوفر,2026-09-23T21:00:33.049835,V08CA02,
SA,Saudi Arabia,SFDA,,"GADOTERIC ACID,GADOLINIUM OXIDE,DOTA",,,,,,shortage,غير متوفر,2026-09-23T21:00:33.393686,,
SA,Saudi Arabia,SFDA,,GADOXETIC ACID,,,,,,shortage,غير متوفر,2026-09-23T21:00:33.393715,V08CA10,
SA,Saudi Arabia,SFDA,,GALANTAMINE,,,,,,shortage,غير متوفر,2026-09-23T21:00:33.393727,N06DA04,
SA,Saudi Arabia,SFDA,,GANCICLOVIR,,,,,,shortage,غير متوفر,2026-09-23T21:00:33.393737,J05AB06,
SA,Saudi Arabia,SFDA,,GATIFLOXACIN,,,,,,shortage,غير متوفر,2026-09-23T21:00:33.393749,J01MA16,
SA,Saudi Arabia,SFDA,,GEMCITABINE,,,,,,shortage,غير متوفر,2026-09-23T21:00:33.393759,L01BC05,
SA,Saudi Arabia,SFDA,,GEMIFLOXACIN MESILATE,,,,,,shortage,غير متوفر,2026-09-23T21:00:33.393768,J01MA15,
SA,Saudi Arabia,SFDA,,GENTAMICIN,,,,,,shortage,غير متوفر,2026-09-23T21:00:33.393777,D06AX07,
SA,Saudi Arabia,SFDA,,GLATIRAMER,,,,,,shortage,غير متوفر,2026-09-23T21:00:33.393786,L03AX13,
SA,Saudi Arabia,SFDA,,"GLIBENCLAMIDE,METFORMIN HYDROCHLORIDE",,,,,,shortage,غير متوفر,2026-09-23T21:00:33.393797,,
SA,Saudi Arabia,SFDA,,GLICLAZIDE,,,,,,shortage,غير متوفر,2026-09-23T21:00:33.751770,A10BB09,
SA,Saudi Arabia,SFDA,,GLIMEPIRIDE,,,,,,shortage,غير متوفر,2026-09-23T21:00:33.751796,A10BB12,
SA,Saudi Arabia,SFDA,,GLIPIZIDE,,,,,,shortage,غير متوفر,2026-09-23T21:00:33.751808,A10BB07,
SA,Saudi Arabia,SFDA,,GLUCAGON,,,,,,shortage,غير متوفر,2026-09-23T21:00:33.751818,H04AA01,
SA,Saudi Arabia,SFDA,,GLUCOSAMINE SULFATE,,,,,,shortage,غير متوفر,2026-09-23T21:00:33.751829,M01AX05,
SA,Saudi Arabia,SFDA,,"Glucose with calcium solution, Amino acid with electrolytes solution and Lipid emulsion,Glucose with calcium solution,Amino acid with electrolytes solution,Lipid emulsion",,,,,,shortage,غير متوفر,2026-09-23T21:00:33.751838,,
SA,Saudi Arabia,SFDA,,"GLUCOSE,OLIVE OIL,SOYA OIL,ALANINE,ARGININE,ASPARTIC ACID,GLUTAMIC ACID,GLYCINE,HISTIDINE,ISOLEUCINE5,LEUCINE,METHIONINE,PHENYLALANINE,PROLINE,SERINE,THREONINE,TRYPTOPHAN,TYROSINE,VALINE,SODIUM ACETATE,SODIUM GLYCEROPHOSPHATE HYDRATED,POTASSIUM CHLORIDE,MAGNESIUM CHLORIDE, CALCIUM CHLORIDE,LYSINE",,,,,,shortage,غير متوفر,2026-09-23T21:00:33.751848,,
SA,Saudi Arabia,SFDA,,"GLUCOSE,OLIVE OIL,SOYA OIL,ALANINE,ARGININE,LYSINE,LEUCINE,PHENYLALANINE,GLYCINE,VALINE,PROLINE,GLUTAMIC ACID,THREONINE,ISOLEUCINE5,METHIONINE,SERINE,HISTIDINE,ASPARTIC ACID,TRYPTOPHAN,TYROSINE",,,,,,shortage,غير متوفر,2026-09-23T21:00:33.751860,,
SA,Saudi Arabia,SFDA,,"GLUCOSE,OLIVE OIL,SOYA OIL,ALANINE,SODIUM GLYCEROPHOSPHATE HYDRATED,ARGININE,LYSINE,GLYCINE,PHENYLALANINE,POTASSIUM CHLORIDE,VALINE,HISTIDINE,PROLINE,GLUTAMIC ACID,ISOLEUCINE5,METHIONINE,THREONINE,SODIUM ACETATE,SERINE,ASPARTIC ACID,MAGNESIUM CHLORIDE,TRYPTOPHAN, CALCIUM CHLORIDE,TYROSINE",,,,,,shortage,غير متوفر,2026-09-23T21:00:33.751869,,
SA,Saudi Arabia,SFDA,,"GLUCOSE,SOYA OIL,TRIGLYCERIDES MEDIUM CHAIN,OLIVE OIL,FISH OIL,ALANINE,ARGININE,GLYCINE,HISTIDINE,ISOLEUCINE5,LEUCINE,METHIONINE,PHENYLALANINE,PROLINE,SERINE,TAURINE,THREONINE,TRYPTOPHAN,TYROSINE,VALINE, CALCIUM CHLORIDE,MAGNESIUM SULFATE,POTASSIUM CHLORIDE,SODIUM ACETATE,LYSINE,ZINC SULPHATE,SODIUM GLYCEROPHOSPHATE HYDRATED",,,,,,shortage,غير متوفر,2026-09-23T21:00:33.751878,,
SA,Saudi Arabia,SFDA,,GOLIMUMAB,,,,,,shortage,غير متوفر,2026-09-23T21:00:34.106561,L04AB06,
SA,Saudi Arabia,SFDA,,GRANISETRON,,,,,,shortage,غير متوفر,2026-09-23T21:00:34.106588,A04AA02,
SA,Saudi Arabia,SFDA,,GUANFACINE HYDROCHLORIDE,,,,,,shortage,غير متوفر,2026-09-23T21:00:34.106599,C02AC02,
SA,Saudi Arabia,SFDA,,HALOPERIDOL,,,,,,shortage,غير متوفر,2026-09-23T21:00:34.106608,N05AD01,
SA,Saudi Arabia,SFDA,,HEPARIN SODIUM,,,,,,shortage,غير متوفر,2026-09-23T21:00:34.106618,B01AB01,
SA,Saudi Arabia,SFDA,,Hepatitis B Vaccine (Recombinant),,,,,,shortage,غير متوفر,2026-09-23T21:00:34.106627,J07BC01,
SA,Saudi Arabia,SFDA,,"HEPATITIS B VIRUS HBSAG SURFACE ANTIGEN,Hepatitis B Vaccine (Recombinant)",,,,,,shortage,غير متوفر,2026-09-23T21:00:34.106637,,
SA,Saudi Arabia,SFDA,,"HEXAMINE,PIPERAZINE,KHELLIN",,,,,,shortage,غير متوفر,2026-09-23T21:00:34.106647,,
SA,Saudi Arabia,SFDA,,HUMAN COAGULATION FACTOR VIII,,,,,,shortage,غير متوفر,2026-09-23T21:00:34.106656,B02BD02,
SA,Saudi Arabia,SFDA,,"HUMAN COAGULATION FACTOR VIII,HUMAN VON WILLEBRAND FACTOR",,,,,,shortage,غير متوفر,2026-09-23T21:00:34.106665,,
SA,Saudi Arabia,SFDA,,"HUMAN FIBRINOGEN,HUMAN THROMBIN",,,,,,shortage,غير متوفر,2026-09-23T21:00:34.458443,,
SA,Saudi Arabia,SFDA,,HUMAN IMMUNOGLOBULIN G,,,,,,shortage,غير متوفر,2026-09-23T21:00:34.458468,J06BA01,
SA,Saudi Arabia,SFDA,,HUMAN NORMAL IMMUNOGLOBULIN,,,,,,shortage,غير متوفر,2026-09-23T21:00:34.458482,J06BA01,
SA,Saudi Arabia,SFDA,,HUMAN NORMAL IMMUNOGLOBULIN,,,,,,shortage,غير متوفر,2026-09-23T21:00:34.458492,J06BA01,
SA,Saudi Arabia,SFDA,,HUMAN RHO(D) IMMUNE GLOBULIN,,,,,,shortage,غير متوفر,2026-09-23T21:00:34.458502,J06BB01,
SA,Saudi Arabia,SFDA,,HYALURONIC ACID,,,,,,shortage,غير متوفر,2026-09-23T21:00:34.458511,D03AX05,
SA,Saudi Arabia,SFDA,,HYDRALAZINE,,,,,,shortage,غير متوفر,2026-09-23T21:00:34.458520,C02DB02,
SA,Saudi Arabia,SFDA,,"HYDROCHLOROTHIAZIDE,AMILORIDE",,,,,,shortage,غير متوفر,2026-09-23T21:00:34.458529,,
SA,Saudi Arabia,SFDA,,"HYDROCHLOROTHIAZIDE,BISOPROLOL FUMARATE",,,,,,shortage,غير متوفر,2026-09-23T21:00:34.458539,,
SA,Saudi Arabia,SFDA,,HYDROCORTISONE,,,,,,shortage,غير متوفر,2026-09-23T21:00:34.458547,A01AC03,
SA,Saudi Arabia,SFDA,,"HYDROCORTISONE ACETATE,CLIOQUINOL",,,,,,shortage,غير متوفر,2026-09-23T21:00:34.814459,,
SA,Saudi Arabia,SFDA,,HYDROMORPHONE HYDROCHLORIDE,,,,,,shortage,غير متوفر,2026-09-23T21:00:34.814490,N02AA03,
SA,Saudi Arabia,SFDA,,HYDROQUINONE,,,,,,shortage,غير متوفر,2026-09-23T21:00:34.814503,D11AX11,
SA,Saudi Arabia,SFDA,,HYDROXYCARBAMIDE,,,,,,shortage,غير متوفر,2026-09-23T21:00:34.814514,L01XX05,
SA,Saudi Arabia,SFDA,,HYDROXYCHLOROQUINE SULFATE,,,,,,shortage,غير متوفر,2026-09-23T21:00:34.814525,P01BA02,
SA,Saudi Arabia,SFDA,,HYOSCINE BUTYLBROMIDE,,,,,,shortage,غير متوفر,2026-09-23T21:00:34.814535,A03BB01,
SA,Saudi Arabia,SFDA,,IBRUTINIB,,,,,,shortage,غير متوفر,2026-09-23T21:00:34.814546,L01EL01,
SA,Saudi Arabia,SFDA,,IBUPROFEN,,,,,,shortage,غير متوفر,2026-09-23T21:00:34.814556,C01EB16,
SA,Saudi Arabia,SFDA,,"IBUPROFEN,CAFFEINE CITRATE",,,,,,shortage,غير متوفر,2026-09-23T21:00:34.814566,,
SA,Saudi Arabia,SFDA,,"IBUPROFEN,PSEUDOEPHEDRINE HYDROCHLORIDE",,,,,,shortage,غير متوفر,2026-09-23T21:00:34.814577,,
SA,Saudi Arabia,SFDA,,IDARUBICIN HYDROCHLORIDE,,,,,,shortage,غير متوفر,2026-09-23T21:00:35.171646,L01DB06,
SA,Saudi Arabia,SFDA,,ILOPROST,,,,,,shortage,غير متوفر,2026-09-23T21:00:35.171673,B01AC11,
SA,Saudi Arabia,SFDA,,IMATINIB MESILATE,,,,,,shortage,غير متوفر,2026-09-23T21:00:35.171684,L01EA01,
SA,Saudi Arabia,SFDA,,IMIQUIMOD,,,,,,shortage,غير متوفر,2026-09-23T21:00:35.171695,D06BB10,
SA,Saudi Arabia,SFDA,,INDOMETACIN,,,,,,shortage,غير متوفر,2026-09-23T21:00:35.171705,C01EB03,
SA,Saudi Arabia,SFDA,,INFLIXIMAB,,,,,,shortage,غير متوفر,2026-09-23T21:00:35.171714,L04AB02,
SA,Saudi Arabia,SFDA,,INSULIN ASPART,,,,,,shortage,غير متوفر,2026-09-23T21:00:35.171723,A10AB05,
SA,Saudi Arabia,SFDA,,INSULIN GLARGINE,,,,,,shortage,غير متوفر,2026-09-23T21:00:35.171732,A10AE04,
SA,Saudi Arabia,SFDA,,Insulin Icodec,,,,,,shortage,غير متوفر,2026-09-23T21:00:35.171743,A10AE07,
SA,Saudi Arabia,SFDA,,INSULIN ISOPHANE,,,,,,shortage,غير متوفر,2026-09-23T21:00:35.171752,A10AC01,
SA,Saudi Arabia,SFDA,,Insulin Lispro Zinc Crystals,,,,,,shortage,غير متوفر,2026-09-23T21:00:35.531601,A10AB04,
SA,Saudi Arabia,SFDA,,INTERFERON BETA-1A,,,,,,shortage,غير متوفر,2026-09-23T21:00:35.531627,L03AB07,
SA,Saudi Arabia,SFDA,,INTERFERON BETA-1B,,,,,,shortage,غير متوفر,2026-09-23T21:00:35.531638,L03AB08,
SA,Saudi Arabia,SFDA,,IOBITRIDOL,,,,,,shortage,غير متوفر,2026-09-23T21:00:35.531648,V08AB11,
SA,Saudi Arabia,SFDA,,IODIXANOL,,,,,,shortage,غير متوفر,2026-09-23T21:00:35.531657,V08AB09,
SA,Saudi Arabia,SFDA,,IOPROMIDE,,,,,,shortage,غير متوفر,2026-09-23T21:00:35.531667,V08AB05,
SA,Saudi Arabia,SFDA,,IOVERSOL,,,,,,shortage,غير متوفر,2026-09-23T21:00:35.531676,V08AB07,
SA,Saudi Arabia,SFDA,,IRBESARTAN,,,,,,shortage,غير متوفر,2026-09-23T21:00:35.531685,C09CA04,
SA,Saudi Arabia,SFDA,,"IRBESARTAN,AMLODIPINE BESILATE",,,,,,shortage,غير متوفر,2026-09-23T21:00:35.531694,,
SA,Saudi Arabia,SFDA,,"IRBESARTAN,HYDROCHLOROTHIAZIDE",,,,,,shortage,غير متوفر,2026-09-23T21:00:35.531703,,
SA,Saudi Arabia,SFDA,,"IRBESARTAN,HYDROCHLOROTHIAZIDE",,,,,,shortage,غير متوفر,2026-09-23T21:00:35.998196,,
SA,Saudi Arabia,SFDA,,IRINOTECAN,,,,,,shortage,غير متوفر,2026-09-23T21:00:35.998210,L01CE02,
SA,Saudi Arabia,SFDA,,"IRON CHLORIDE TETRAHYDRATE,ZINC CHLORIDE,SODIUM FLUORIDE,SODIUM SELENITE PENTAHYDRATE,CHROMIUM CHLORIDE HEXAHYDRATE,SODIUM MOLYBDATE",,,,,,shortage,غير متوفر,2026-09-23T21:00:35.998216,,
SA,Saudi Arabia,SFDA,,IRON POLYMALTOSE,,,,,,shortage,غير متوفر,2026-09-23T21:00:35.998221,B03AB03,
SA,Saudi Arabia,SFDA,,"IRON POLYMALTOSE,FOLIC ACID",,,,,,shortage,غير متوفر,2026-09-23T21:00:35.998226,,
SA,Saudi Arabia,SFDA,,IRON SUCROSE,,,,,,shortage,غير متوفر,2026-09-23T21:00:35.998231,B03AB04,
SA,Saudi Arabia,SFDA,,ISOFLURANE,,,,,,shortage,غير متوفر,2026-09-23T21:00:35.998235,N01AB06,
SA,Saudi Arabia,SFDA,,ISOPRENALINE,,,,,,shortage,غير متوفر,2026-09-23T21:00:35.998240,C01CA02,
SA,Saudi Arabia,SFDA,,ISOTRETINOIN,,,,,,shortage,غير متوفر,2026-09-23T21:00:35.998245,D10AD04,
SA,Saudi Arabia,SFDA,,"ISPAGHULA SEED,TINNEVELLY SENNA PODS,ISPAGHULA HUSK",,,,,,shortage,غير متوفر,2026-09-23T21:00:35.998249,,
SA,Saudi Arabia,SFDA,,IXAZOMIB CITRATE,,,,,,shortage,غير متوفر,2026-09-23T21:00:36.357866,L01XG03,
SA,Saudi Arabia,SFDA,,KETOCONAZOLE,,,,,,shortage,غير متوفر,2026-09-23T21:00:36.357893,D01AC08,
SA,Saudi Arabia,SFDA,,KETOPROFEN,,,,,,shortage,غير متوفر,2026-09-23T21:00:36.357905,M01AE03,
SA,Saudi Arabia,SFDA,,KETOTIFEN,,,,,,shortage,غير متوفر,2026-09-23T21:00:36.357915,R06AX17,
SA,Saudi Arabia,SFDA,,LABETALOL HYDROCHLORIDE,,,,,,shortage,غير متوفر,2026-09-23T21:00:36.357925,C07AG01,
SA,Saudi Arabia,SFDA,,LACOSAMIDE,,,,,,shortage,غير متوفر,2026-09-23T21:00:36.357934,N03AX18,
SA,Saudi Arabia,SFDA,,LAMIVUDINE,,,,,,shortage,غير متوفر,2026-09-23T21:00:36.357943,J05AF05,
SA,Saudi Arabia,SFDA,,"LAMIVUDINE,ZIDOVUDINE",,,,,,shortage,غير متوفر,2026-09-23T21:00:36.357953,,
SA,Saudi Arabia,SFDA,,LAMOTRIGINE,,,,,,shortage,غير متوفر,2026-09-23T21:00:36.357962,N03AX09,
SA,Saudi Arabia,SFDA,,LANSOPRAZOLE,,,,,,shortage,غير متوفر,2026-09-23T21:00:36.357971,A02BC03,
SA,Saudi Arabia,SFDA,,LAPATINIB,,,,,,shortage,غير متوفر,2026-09-23T21:00:36.718232,L01EH01,
SA,Saudi Arabia,SFDA,,LASMIDITAN,,,,,,shortage,غير متوفر,2026-09-23T21:00:36.718257,N02CC08,
SA,Saudi Arabia,SFDA,,LEFLUNOMIDE,,,,,,shortage,غير متوفر,2026-09-23T21:00:36.718268,L04AK01,
SA,Saudi Arabia,SFDA,,LENALIDOMIDE,,,,,,shortage,غير متوفر,2026-09-23T21:00:36.718278,L04AX04,
SA,Saudi Arabia,SFDA,,LENALIDOMIDE,,,,,,shortage,غير متوفر,2026-09-23T21:00:36.718288,L04AX04,
SA,Saudi Arabia,SFDA,,LENVATINIB,,,,,,shortage,غير متوفر,2026-09-23T21:00:36.718298,L01EX08,
SA,Saudi Arabia,SFDA,,LERCANIDIPINE HYDROCHLORIDE,,,,,,shortage,غير متوفر,2026-09-23T21:00:36.718308,C08CA13,
SA,Saudi Arabia,SFDA,,LETROZOLE,,,,,,shortage,غير متوفر,2026-09-23T21:00:36.718317,L02BG04,
SA,Saudi Arabia,SFDA,,LEUPRORELIN,,,,,,shortage,غير متوفر,2026-09-23T21:00:36.718326,L02AE02,
SA,Saudi Arabia,SFDA,,LEVETIRACETAM,,,,,,shortage,غير متوفر,2026-09-23T21:00:36.718334,N03AX14,
SA,Saudi Arabia,SFDA,,LEVOCETIRIZINE DIHYDROCHLORIDE,,,,,,shortage,غير متوفر,2026-09-23T21:00:37.073024,R06AE09,
SA,Saudi Arabia,SFDA,,LEVOFLOXACIN,,,,,,shortage,غير متوفر,2026-09-23T21:00:37.073048,J01MA12,
SA,Saudi Arabia,SFDA,,LEVOFLOXACIN,,,,,,shortage,غير متوفر,2026-09-23T21:00:37.073061,J01MA12,
SA,Saudi Arabia,SFDA,,LEVOTHYROXINE SODIUM,,,,,,shortage,غير متوفر,2026-09-23T21:00:37.073072,H03AA01,
SA,Saudi Arabia,SFDA,,LIDOCAINE HYDROCHLORIDE,,,,,,shortage,غير متوفر,2026-09-23T21:00:37.073082,C01BB01,
SA,Saudi Arabia,SFDA,,"LIDOCAINE HYDROCHLORIDE,CETRIMIDE",,,,,,shortage,غير متوفر,2026-09-23T21:00:37.073093,,
SA,Saudi Arabia,SFDA,,"LIDOCAINE HYDROCHLORIDE,EPINEPHRINE",,,,,,shortage,غير متوفر,2026-09-23T21:00:37.073104,,
SA,Saudi Arabia,SFDA,,"LIDOCAINE HYDROCHLORIDE,PRILOCAINE",,,,,,shortage,غير متوفر,2026-09-23T21:00:37.073114,,
SA,Saudi Arabia,SFDA,,LINAGLIPTIN,,,,,,shortage,غير متوفر,2026-09-23T21:00:37.073124,A10BH05,
SA,Saudi Arabia,SFDA,,"LINAGLIPTIN,METFORMIN HYDROCHLORIDE",,,,,,shortage,غير متوفر,2026-09-23T21:00:37.073135,,
SA,Saudi Arabia,SFDA,,LINEZOLID,,,,,,shortage,غير متوفر,2026-09-23T21:00:37.432125,J01XX08,
SA,Saudi Arabia,SFDA,,LISDEXAMFETAMINE DIMESILATE,,,,,,shortage,غير متوفر,2026-09-23T21:00:37.432147,N06BA12,
SA,Saudi Arabia,SFDA,,LISINOPRIL,,,,,,shortage,غير متوفر,2026-09-23T21:00:37.432158,C09AA03,
SA,Saudi Arabia,SFDA,,"LISINOPRIL,AMLODIPINE BESILATE",,,,,,shortage,غير متوفر,2026-09-23T21:00:37.432168,,
SA,Saudi Arabia,SFDA,,live attenuated bacteria of the type Mycobacterium bovis BCG (Bacillus Calmette-Guerin),,,,,,shortage,غير متوفر,2026-09-23T21:00:37.432180,J07BF01,
SA,Saudi Arabia,SFDA,,LOMEFLOXACIN,,,,,,shortage,غير متوفر,2026-09-23T21:00:37.432189,J01MA07,
SA,Saudi Arabia,SFDA,,LOPERAMIDE,,,,,,shortage,غير متوفر,2026-09-23T21:00:37.432198,A07DA03,
SA,Saudi Arabia,SFDA,,LORATADINE,,,,,,shortage,غير متوفر,2026-09-23T21:00:37.432208,R06AX13,
SA,Saudi Arabia,SFDA,,"LOSARTAN POTASSIUM,HYDROCHLOROTHIAZIDE",,,,,,shortage,غير متوفر,2026-09-23T21:00:37.432218,,
SA,Saudi Arabia,SFDA,,LOXOPROFEN,,,,,,shortage,غير متوفر,2026-09-23T21:00:37.432227,M01AE19,
SA,Saudi Arabia,SFDA,,LURASIDONE,,,,,,shortage,غير متوفر,2026-09-23T21:00:37.789162,N05AE05,
SA,Saudi Arabia,SFDA,,MACITENTAN,,,,,,shortage,غير متوفر,2026-09-23T21:00:37.789189,C02KX04,
SA,Saudi Arabia,SFDA,,MAGALDRATE,,,,,,shortage,غير متوفر,2026-09-23T21:00:37.789200,A02AD02,
SA,Saudi Arabia,SFDA,,"MAGALDRATE,SIMETHICONE",,,,,,shortage,غير متوفر,2026-09-23T21:00:37.789209,,
SA,Saudi Arabia,SFDA,,"MANGANESE GLUCONATE,COPPER GLUCONATE,ZINC GLUCONATE,SODIUM SELENITE PENTAHYDRATE,POTASSIUM IODIDE",,,,,,shortage,غير متوفر,2026-09-23T21:00:37.789219,,
SA,Saudi Arabia,SFDA,,MANNITOL,,,,,,shortage,غير متوفر,2026-09-23T21:00:37.789228,A06AD16,
SA,Saudi Arabia,SFDA,,MARAVIROC,,,,,,shortage,غير متوفر,2026-09-23T21:00:37.789237,J05AX09,
SA,Saudi Arabia,SFDA,,"MEASLES VIRUS (SCHWARZ) LIVE ATTENUATED,MUMPS VIRUS (JERYL LYNN, STRAIN RIT 4385) LIVE ATTENUATED,RUBELLA VIRUS (WISTAR RA 27/3) LIVE ATTENUATED,VARICELLA ZOSTER VIRUS (OKA STRAIN) LIVE ATTENUATED",,,,,,shortage,غير متوفر,2026-09-23T21:00:37.789247,,
SA,Saudi Arabia,SFDA,,MEBEVERINE HYDROCHLORIDE,,,,,,shortage,غير متوفر,2026-09-23T21:00:37.789256,A03AA04,
SA,Saudi Arabia,SFDA,,MEFENAMIC ACID,,,,,,shortage,غير متوفر,2026-09-23T21:00:37.789265,M01AG01,
SA,Saudi Arabia,SFDA,,MEFLOQUINE,,,,,,shortage,غير متوفر,2026-09-23T21:00:38.150182,P01BC02,
SA,Saudi Arabia,SFDA,,MELOXICAM,,,,,,shortage,غير متوفر,2026-09-23T21:00:38.150211,M01AC06,
SA,Saudi Arabia,SFDA,,MEMANTINE HYDROCHLORIDE,,,,,,shortage,غير متوفر,2026-09-23T21:00:38.150223,N06DX01,
SA,Saudi Arabia,SFDA,,MENOTROPHIN,,,,,,shortage,غير متوفر,2026-09-23T21:00:38.150234,H01AC01,
SA,Saudi Arabia,SFDA,,"MENTHOL,BENZOCAINE",,,,,,shortage,غير متوفر,2026-09-23T21:00:38.150244,,
SA,Saudi Arabia,SFDA,,MEPIVACAINE HYDROCHLORIDE,,,,,,shortage,غير متوفر,2026-09-23T21:00:38.150253,N01BB03,
SA,Saudi Arabia,SFDA,,MEROPENEM,,,,,,shortage,غير متوفر,2026-09-23T21:00:38.150262,J01DH02,
SA,Saudi Arabia,SFDA,,MESALAZINE,,,,,,shortage,غير متوفر,2026-09-23T21:00:38.150271,A07EC02,
SA,Saudi Arabia,SFDA,,MESNA,,,,,,shortage,غير متوفر,2026-09-23T21:00:38.150280,R05CB05,
SA,Saudi Arabia,SFDA,,METFORMIN HYDROCHLORIDE,,,,,,shortage,غير متوفر,2026-09-23T21:00:38.150289,A10BA02,
SA,Saudi Arabia,SFDA,,"METFORMIN HYDROCHLORIDE,ALOGLIPTIN",,,,,,shortage,غير متوفر,2026-09-23T21:00:38.507943,,
SA,Saudi Arabia,SFDA,,"METFORMIN HYDROCHLORIDE,GLIMEPIRIDE",,,,,,shortage,غير متوفر,2026-09-23T21:00:38.507968,,
SA,Saudi Arabia,SFDA,,"METFORMIN HYDROCHLORIDE,VILDAGLIPTIN",,,,,,shortage,غير متوفر,2026-09-23T21:00:38.507979,,
SA,Saudi Arabia,SFDA,,METHOTREXATE,,,,,,shortage,غير متوفر,2026-09-23T21:00:38.507989,L01BA01,
SA,Saudi Arabia,SFDA,,METHOXY POLYETHYLENE GLYCOL-EPOETIN BETA,,,,,,shortage,غير متوفر,2026-09-23T21:00:38.507999,B03XA03,
SA,Saudi Arabia,SFDA,,METHYLPHENIDATE,,,,,,shortage,غير متوفر,2026-09-23T21:00:38.508008,N06BA04,
SA,Saudi Arabia,SFDA,,METHYLPREDNISOLONE,,,,,,shortage,غير متوفر,2026-09-23T21:00:38.508017,D07AA01,
SA,Saudi Arabia,SFDA,,METHYLPREDNISOLONE SODIUM SUCCINATE,,,,,,shortage,غير متوفر,2026-09-23T21:00:38.508028,D07AA01,
SA,Saudi Arabia,SFDA,,METHYLTHIONINIUM CHLORIDE,,,,,,shortage,غير متوفر,2026-09-23T21:00:38.508037,V03AB17,
SA,Saudi Arabia,SFDA,,METOCLOPRAMIDE HYDROCHLORIDE,,,,,,shortage,غير متوفر,2026-09-23T21:00:38.508045,A03FA01,
SA,Saudi Arabia,SFDA,,METOPROLOL TARTRATE,,,,,,shortage,غير متوفر,2026-09-23T21:00:38.860534,C07AB02,
SA,Saudi Arabia,SFDA,,METRONIDAZOLE,,,,,,shortage,غير متوفر,2026-09-23T21:00:38.860559,A01AB17,
SA,Saudi Arabia,SFDA,,METRONIDAZOLE,,,,,,shortage,غير متوفر,2026-09-23T21:00:38.860571,A01AB17,
SA,Saudi Arabia,SFDA,,MICAFUNGIN,,,,,,shortage,غير متوفر,2026-09-23T21:00:38.860580,J02AX05,
SA,Saudi Arabia,SFDA,,MICONAZOLE NITRATE,,,,,,shortage,غير متوفر,2026-09-23T21:00:38.860590,A01AB09,
SA,Saudi Arabia,SFDA,,"MICONAZOLE NITRATE,MOMETASONE FUROATE",,,,,,shortage,غير متوفر,2026-09-23T21:00:38.860600,,
SA,Saudi Arabia,SFDA,,MILRINONE,,,,,,shortage,غير متوفر,2026-09-23T21:00:38.860609,C01CE02,
SA,Saudi Arabia,SFDA,,MINOXIDIL,,,,,,shortage,غير متوفر,2026-09-23T21:00:38.860624,C02DC01,
SA,Saudi Arabia,SFDA,,MIRTAZAPINE,,,,,,shortage,غير متوفر,2026-09-23T21:00:38.860633,N06AX11,
SA,Saudi Arabia,SFDA,,MIRTAZAPINE,,,,,,shortage,غير متوفر,2026-09-23T21:00:38.860644,N06AX11,
SA,Saudi Arabia,SFDA,,Mirvetuximab Soravtansine,,,,,,shortage,غير متوفر,2026-09-23T21:00:39.217185,L01FX26,
SA,Saudi Arabia,SFDA,,MOMETASONE FUROATE,,,,,,shortage,غير متوفر,2026-09-23T21:00:39.217211,R01AD09,
SA,Saudi Arabia,SFDA,,"MOMETASONE FUROATE,(indacaterol (as acetate",,,,,,shortage,غير متوفر,2026-09-23T21:00:39.217223,,
SA,Saudi Arabia,SFDA,,MONTELUKAST SODIUM,,,,,,shortage,غير متوفر,2026-09-23T21:00:39.217232,R03DC03,
SA,Saudi Arabia,SFDA,,MOROCTOCOG ALFA,,,,,,shortage,غير متوفر,2026-09-23T21:00:39.217242,B02BD02,
SA,Saudi Arabia,SFDA,,MOXIFLOXACIN HYDROCHLORIDE,,,,,,shortage,غير متوفر,2026-09-23T21:00:39.217251,J01MA14,
SA,Saudi Arabia,SFDA,,MULTIVITAMINS,,,,,,shortage,غير متوفر,2026-09-23T21:00:39.217261,,
SA,Saudi Arabia,SFDA,,MUPIROCIN CALCIUM,,,,,,shortage,غير متوفر,2026-09-23T21:00:39.217270,D06AX09,
SA,Saudi Arabia,SFDA,,Mycobacterium bovis (M. bovis) Bacillus Calmette-Guérin (BCG),,,,,,shortage,غير متوفر,2026-09-23T21:00:39.217281,L03AX01,
SA,Saudi Arabia,SFDA,,MYCOPHENOLATE MOFETIL,,,,,,shortage,غير متوفر,2026-09-23T21:00:39.217291,L04AA06,
SA,Saudi Arabia,SFDA,,Nalbuphine,,,,,,shortage,غير متوفر,2026-09-23T21:00:39.567672,N02AF02,
SA,Saudi Arabia,SFDA,,NALOXONE HYDROCHLORIDE,,,,,,shortage,غير متوفر,2026-09-23T21:00:39.567701,A06AH04,
SA,Saudi Arabia,SFDA,,NAPROXEN,,,,,,shortage,غير متوفر,2026-09-23T21:00:39.567713,G02CC02,
SA,Saudi Arabia,SFDA,,NATALIZUMAB,,,,,,shortage,غير متوفر,2026-09-23T21:00:39.567723,L04AG03,
SA,Saudi Arabia,SFDA,,"NEOMYCIN SULFATE,BETAMETHASONE",,,,,,shortage,غير متوفر,2026-09-23T21:00:39.567733,,
SA,Saudi Arabia,SFDA,,"NEOMYCIN SULFATE,BETAMETHASONE VALERATE",,,,,,shortage,غير متوفر,2026-09-23T21:00:39.567742,,
SA,Saudi Arabia,SFDA,,NERATINIB,,,,,,shortage,غير متوفر,2026-09-23T21:00:39.567751,L01EH02,
SA,Saudi Arabia,SFDA,,NICOTINE,,,,,,shortage,غير متوفر,2026-09-23T21:00:39.567760,N07BA01,
SA,Saudi Arabia,SFDA,,NICOTINE DITATRATE DIHYDRATE,,,,,,shortage,غير متوفر,2026-09-23T21:00:39.567769,N07BA01,
SA,Saudi Arabia,SFDA,,NILOTINIB,,,,,,shortage,غير متوفر,2026-09-23T21:00:39.567778,L01EA03,
SA,Saudi Arabia,SFDA,,NIMODIPINE,,,,,,shortage,غير متوفر,2026-09-23T21:00:39.918730,C08CA06,
SA,Saudi Arabia,SFDA,,NINTEDANIB,,,,,,shortage,غير متوفر,2026-09-23T21:00:39.918758,L01EX09,
SA,Saudi Arabia,SFDA,,NITROGLYCERIN,,,,,,shortage,غير متوفر,2026-09-23T21:00:39.918769,C01DA02,
SA,Saudi Arabia,SFDA,,NIZATIDINE,,,,,,shortage,غير متوفر,2026-09-23T21:00:39.918778,A02BA04,
SA,Saudi Arabia,SFDA,,NORFLOXACIN,,,,,,shortage,غير متوفر,2026-09-23T21:00:39.918788,J01MA06,
SA,Saudi Arabia,SFDA,,NORMAL HUMAN IMMUNOGLOBULIN,,,,,,shortage,غير متوفر,2026-09-23T21:00:39.918797,J06BA01,
SA,Saudi Arabia,SFDA,,NYSTATIN,,,,,,shortage,غير متوفر,2026-09-23T21:00:39.918807,A07AA02,
SA,Saudi Arabia,SFDA,,"NYSTATIN,NEOMYCIN SULFATE,GRAMICIDIN,TRIAMCINOLONE ACETONIDE",,,,,,shortage,غير متوفر,2026-09-23T21:00:39.918816,,
SA,Saudi Arabia,SFDA,,"NYSTATIN,NEOMYCIN SULFATE,TRIAMCINOLONE ACETONIDE,GRAMICIDIN",,,,,,shortage,غير متوفر,2026-09-23T21:00:39.918825,,
SA,Saudi Arabia,SFDA,,Obeticholic Acid,,,,,,shortage,غير متوفر,2026-09-23T21:00:39.918834,A05AA04,
SA,Saudi Arabia,SFDA,,OCTREOTIDE ACETATE,,,,,,shortage,غير متوفر,2026-09-23T21:00:40.266424,H01CB02,
SA,Saudi Arabia,SFDA,,OFLOXACIN,,,,,,shortage,غير متوفر,2026-09-23T21:00:40.266451,J01MA01,
SA,Saudi Arabia,SFDA,,OLANZAPINE,,,,,,shortage,غير متوفر,2026-09-23T21:00:40.266464,N05AH03,
SA,Saudi Arabia,SFDA,,"OLIVE OIL,SOYA OIL,ALANINE,ARGININE,ASPARTIC ACID,GLUTAMIC ACID,GLYCINE,HISTIDINE,ISOLEUCINE5,LEUCINE,LYSINE,METHIONINE,PHENYLALANINE,PROLINE,SERINE,THREONINE,TRYPTOPHAN,TYROSINE,VALINE,GLUCOSE,SODIUM ACETATE,SODIUM GLYCEROPHOSPHATE HYDRATED,POTASSIUM CHLORIDE,MAGNESIUM CHLORIDE, CALCIUM CHLORIDE",,,,,,shortage,غير متوفر,2026-09-23T21:00:40.266475,,
SA,Saudi Arabia,SFDA,,"OLIVE OIL,SOYA OIL,ALANINE,ARGININE,ASPARTIC ACID,GLUTAMIC ACID,GLYCINE,HISTIDINE,ISOLEUCINE5,LEUCINE,METHIONINE,PHENYLALANINE,PROLINE,SERINE,THREONINE,TRYPTOPHAN,TYROSINE,VALINE,SODIUM ACETATE,SODIUM GLYCEROPHOSPHATE HYDRATED,POTASSIUM CHLORIDE,MAGNESIUM CHLORIDE, CALCIUM CHLORIDE,GLUCOSE,LYSINE",,,,,,shortage,غير متوفر,2026-09-23T21:00:40.266486,,
SA,Saudi Arabia,SFDA,,"OLIVE OIL,SOYA OIL,ALANINE,ARGININE,ASPARTIC ACID,GLUTAMIC ACID,GLYCINE,HISTIDINE,ISOLEUCINE5,LEUCINE,METHIONINE,PHENYLALANINE,PROLINE,SERINE,THREONINE,TRYPTOPHAN,TYROSINE,VALINE,SODIUM ACETATE,SODIUM GLYCEROPHOSPHATE HYDRATED,POTASSIUM CHLORIDE,MAGNESIUM CHLORIDE, CALCIUM CHLORIDE,LYSINE,GLUCOSE",,,,,,shortage,غير متوفر,2026-09-23T21:00:40.266496,,
SA,Saudi Arabia,SFDA,,OLMESARTAN MEDOXOMIL,,,,,,shortage,غير متوفر,2026-09-23T21:00:40.266505,C09CA08,
SA,Saudi Arabia,SFDA,,"OLMESARTAN MEDOXOMIL,AMLODIPINE BESILATE",,,,,,shortage,غير متوفر,2026-09-23T21:00:40.266515,,
SA,Saudi Arabia,SFDA,,"OLMESARTAN MEDOXOMIL,HYDROCHLOROTHIAZIDE",,,,,,shortage,غير متوفر,2026-09-23T21:00:40.266524,,
SA,Saudi Arabia,SFDA,,OMEPRAZOLE,,,,,,shortage,غير متوفر,2026-09-23T21:00:40.266533,A02BC01,
SA,Saudi Arabia,SFDA,,"OMEPRAZOLE,SODIUM BICARBONATE",,,,,,shortage,غير متوفر,2026-09-23T21:00:40.632014,,
SA,Saudi Arabia,SFDA,,OMFILOCTOCOG ALFA,,,,,,shortage,غير متوفر,2026-09-23T21:00:40.632041,B02BD08,
SA,Saudi Arabia,SFDA,,ONDANSETRON,,,,,,shortage,غير متوفر,2026-09-23T21:00:40.632053,A04AA01,
SA,Saudi Arabia,SFDA,,ORAL REHYDRATION SALTS,,,,,,shortage,غير متوفر,2026-09-23T21:00:40.632063,,
SA,Saudi Arabia,SFDA,,OSELTAMIVIR,,,,,,shortage,غير متوفر,2026-09-23T21:00:40.632073,J05AH02,
SA,Saudi Arabia,SFDA,,OXALIPLATIN,,,,,,shortage,غير متوفر,2026-09-23T21:00:40.632083,L01XA03,
SA,Saudi Arabia,SFDA,,OXYCODONE HYDROCHLORIDE,,,,,,shortage,غير متوفر,2026-09-23T21:00:40.632092,N02AA05,
SA,Saudi Arabia,SFDA,,OXYMETAZOLINE,,,,,,shortage,غير متوفر,2026-09-23T21:00:40.632101,D11AX27,
SA,Saudi Arabia,SFDA,,OXYTOCIN,,,,,,shortage,غير متوفر,2026-09-23T21:00:40.632110,H01BB02,
SA,Saudi Arabia,SFDA,,Ozenoxacin,,,,,,shortage,غير متوفر,2026-09-23T21:00:40.632119,D06AX14,
SA,Saudi Arabia,SFDA,,PACLITAXEL,,,,,,shortage,غير متوفر,2026-09-23T21:00:40.974364,L01CD01,
SA,Saudi Arabia,SFDA,,PALBOCICLIB,,,,,,shortage,غير متوفر,2026-09-23T21:00:40.974388,L01EF01,
SA,Saudi Arabia,SFDA,,PALIPERIDONE,,,,,,shortage,غير متوفر,2026-09-23T21:00:40.974399,N05AX13,
SA,Saudi Arabia,SFDA,,PALONOSETRON HYDROCHLORIDE,,,,,,shortage,غير متوفر,2026-09-23T21:00:40.974409,A04AA05,
SA,Saudi Arabia,SFDA,,PANCREATIN,,,,,,shortage,غير متوفر,2026-09-23T21:00:40.974418,A09AA02,
SA,Saudi Arabia,SFDA,,PANTOPRAZOLE,,,,,,shortage,غير متوفر,2026-09-23T21:00:40.974427,A02BC02,
SA,Saudi Arabia,SFDA,,PARACETAMOL,,,,,,shortage,غير متوفر,2026-09-23T21:00:40.974437,N02BE01,
SA,Saudi Arabia,SFDA,,"PARACETAMOL,DIPHENHYDRAMINE HYDROCHLORIDE",,,,,,shortage,غير متوفر,2026-09-23T21:00:40.974447,,
SA,Saudi Arabia,SFDA,,"PARACETAMOL,PSEUDOEPHEDRINE HYDROCHLORIDE",,,,,,shortage,غير متوفر,2026-09-23T21:00:40.974456,,
SA,Saudi Arabia,SFDA,,"PARACETAMOL,PSEUDOEPHEDRINE HYDROCHLORIDE,CHLORPHENIRAMINE MALEATE",,,,,,shortage,غير متوفر,2026-09-23T21:00:40.974465,,
SA,Saudi Arabia,SFDA,,"PARACETAMOL,PSEUDOEPHEDRINE HYDROCHLORIDE,DEXTROMETHORPHAN",,,,,,shortage,غير متوفر,2026-09-23T21:00:41.324809,,
SA,Saudi Arabia,SFDA,,PARICALCITOL,,,,,,shortage,غير متوفر,2026-09-23T21:00:41.324837,H05BX02,
SA,Saudi Arabia,SFDA,,PAROXETINE,,,,,,shortage,غير متوفر,2026-09-23T21:00:41.324849,N06AB05,
SA,Saudi Arabia,SFDA,,PATIROMER SORBITEX CALCIUM,,,,,,shortage,غير متوفر,2026-09-23T21:00:41.324859,,
SA,Saudi Arabia,SFDA,,PAZOPANIB HYDROCHLORIDE,,,,,,shortage,غير متوفر,2026-09-23T21:00:41.324868,L01EX03,
SA,Saudi Arabia,SFDA,,PEGFILGRASTIM,,,,,,shortage,غير متوفر,2026-09-23T21:00:41.324878,L03AA13,
SA,Saudi Arabia,SFDA,,PEGYLATED B DOMAIN DELETED RECOMBINANT HUMAN COAGULATION FACTOR VIII DAMOCTOCOG ALFA PEGOL,,,,,,shortage,غير متوفر,2026-09-23T21:00:41.324888,B02BD08,
SA,Saudi Arabia,SFDA,,PEMETREXED,,,,,,shortage,غير متوفر,2026-09-23T21:00:41.324897,L01BA04,
SA,Saudi Arabia,SFDA,,PENCICLOVIR,,,,,,shortage,غير متوفر,2026-09-23T21:00:41.324906,D06BB06,
SA,Saudi Arabia,SFDA,,PERMETHRIN,,,,,,shortage,غير متوفر,2026-09-23T21:00:41.324915,P03AC04,
SA,Saudi Arabia,SFDA,,PHENOXYMETHYLPENICILLIN,,,,,,shortage,غير متوفر,2026-09-23T21:00:41.680003,J01CE02,
SA,Saudi Arabia,SFDA,,"PHENYLALANINE,METHIONINE,LYSINE,LEUCINE,ISOLEUCINE5,ARGININE,GLYCINE,THREONINE,FISH OIL,PROLINE,HISTIDINE,SERINE,ALANINE,TRYPTOPHAN,OLIVE OIL,TYROSINE,VALINE, CALCIUM CHLORIDE,SODIUM GLYCEROPHOSPHATE HYDRATED,MAGNESIUM SULFATE,POTASSIUM CHLORIDE,SODIUM ACETATE,ZINC SULPHATE,GLUCOSE,SOYA OIL,TAURINE,TRIGLYCERIDES MEDIUM CHAIN",,,,,,shortage,غير متوفر,2026-09-23T21:00:41.680031,,
SA,Saudi Arabia,SFDA,,PHENYLEPHRINE HYDROCHLORIDE,,,,,,shortage,غير متوفر,2026-09-23T21:00:41.680042,C01CA06,
SA,Saudi Arabia,SFDA,,PHENYTOIN SODIUM,,,,,,shortage,غير متوفر,2026-09-23T21:00:41.680053,N03AB02,
SA,Saudi Arabia,SFDA,,PHENYTOIN SODIUM,,,,,,shortage,غير متوفر,2026-09-23T21:00:41.680063,N03AB02,
SA,Saudi Arabia,SFDA,,"PHOSPHORUS,CALCIUM PHOSPHATE,MAGNESIUM OXIDE,POTASSIUM IODIDE,ZINC OXIDE,MANGANESE,COPPER,SODIUM MOLYBDATE,BIOTIN,NICOTINAMIDE,ASCORBIC ACID,CYANOCOBALAMIN,PYRIDOXINE (VITAMIN B6),RIBOFLAVIN (VITAMIN B2),THIAMINE,TOCOPHEROL,GINSENG,FERROUS FUMARATE,MAGNESIUM SULFATE,CHOLECALCIFEROL,FOLIC ACID,CALCIUM PANTOTHENATE,PHOSPHOLIPIDS",,,,,,shortage,غير متوفر,2026-09-23T21:00:41.680075,,
SA,Saudi Arabia,SFDA,,PHYTOMENADIONE,,,,,,shortage,غير متوفر,2026-09-23T21:00:41.680084,B02BA01,
SA,Saudi Arabia,SFDA,,PILOCARPINE HYDROCHLORIDE,,,,,,shortage,غير متوفر,2026-09-23T21:00:41.680093,N07AX01,
SA,Saudi Arabia,SFDA,,PIMECROLIMUS,,,,,,shortage,غير متوفر,2026-09-23T21:00:41.680103,D11AH02,
SA,Saudi Arabia,SFDA,,PIOGLITAZONE,,,,,,shortage,غير متوفر,2026-09-23T21:00:41.680113,A10BG03,
SA,Saudi Arabia,SFDA,,"PIPERACILLIN,Tazobactam",,,,,,shortage,غير متوفر,2026-09-23T21:00:42.033066,,
SA,Saudi Arabia,SFDA,,PIRFENIDONE,,,,,,shortage,غير متوفر,2026-09-23T21:00:42.033096,L04AX05,
SA,Saudi Arabia,SFDA,,PIROXICAM,,,,,,shortage,غير متوفر,2026-09-23T21:00:42.033107,M01AC01,
SA,Saudi Arabia,SFDA,,PITAVASTATIN,,,,,,shortage,غير متوفر,2026-09-23T21:00:42.033118,C10AA08,
SA,Saudi Arabia,SFDA,,PITOLISANT,,,,,,shortage,غير متوفر,2026-09-23T21:00:42.033127,N07XX11,
SA,Saudi Arabia,SFDA,,PLASMA PROTEIN FRACTION,,,,,,shortage,غير متوفر,2026-09-23T21:00:42.033137,B05AA01,
SA,Saudi Arabia,SFDA,,PLERIXAFOR,,,,,,shortage,غير متوفر,2026-09-23T21:00:42.033147,L03AX16,
SA,Saudi Arabia,SFDA,,POLICRESULEN,,,,,,shortage,غير متوفر,2026-09-23T21:00:42.033159,D08AE02,
SA,Saudi Arabia,SFDA,,"POLYMYXIN B,PREDNISOLONE,NEOMYCIN SULFATE",,,,,,shortage,غير متوفر,2026-09-23T21:00:42.033169,,
SA,Saudi Arabia,SFDA,,POMALIDOMIDE,,,,,,shortage,غير متوفر,2026-09-23T21:00:42.033178,L04AX06,
SA,Saudi Arabia,SFDA,,POSACONAZOLE,,,,,,shortage,غير متوفر,2026-09-23T21:00:42.388471,J02AC04,
SA,Saudi Arabia,SFDA,,POTASSIUM ACETATE,,,,,,shortage,غير متوفر,2026-09-23T21:00:42.388498,A12BA01,
SA,Saudi Arabia,SFDA,,POTASSIUM IODIDE,,,,,,shortage,غير متوفر,2026-09-23T21:00:42.388509,R05CA02,
SA,Saudi Arabia,SFDA,,POVIDONE-IODINE,,,,,,shortage,غير متوفر,2026-09-23T21:00:42.388520,D08AG02,
SA,Saudi Arabia,SFDA,,PRALIDOXIME CHLORIDE,,,,,,shortage,غير متوفر,2026-09-23T21:00:42.388529,V03AB04,
SA,Saudi Arabia,SFDA,,PRAMIPEXOLE,,,,,,shortage,غير متوفر,2026-09-23T21:00:42.388538,N04BC05,
SA,Saudi Arabia,SFDA,,PRASUGREL,,,,,,shortage,غير متوفر,2026-09-23T21:00:42.388547,B01AC22,
SA,Saudi Arabia,SFDA,,PRAZIQUANTEL,,,,,,shortage,غير متوفر,2026-09-23T21:00:42.388556,P02BA01,
SA,Saudi Arabia,SFDA,,PREDNISOLONE,,,,,,shortage,غير متوفر,2026-09-23T21:00:42.388565,A01AC04,
SA,Saudi Arabia,SFDA,,PREDNISOLONE SODIUM PHOSPHATE,,,,,,shortage,غير متوفر,2026-09-23T21:00:42.388574,A01AC04,
SA,Saudi Arabia,SFDA,,PREGABALIN,,,,,,shortage,غير متوفر,2026-09-23T21:00:42.738683,N02BF02,
SA,Saudi Arabia,SFDA,,PROGESTERONE,,,,,,shortage,غير متوفر,2026-09-23T21:00:42.738711,G03DA04,
SA,Saudi Arabia,SFDA,,PROMETHAZINE,,,,,,shortage,غير متوفر,2026-09-23T21:00:42.738720,D04AA10,
SA,Saudi Arabia,SFDA,,PROPOFOL,,,,,,shortage,غير متوفر,2026-09-23T21:00:42.738729,N01AX10,
SA,Saudi Arabia,SFDA,,"PSEUDOEPHEDRINE HYDROCHLORIDE,LORATADINE",,,,,,shortage,غير متوفر,2026-09-23T21:00:42.738737,,
SA,Saudi Arabia,SFDA,,"PSEUDOEPHEDRINE HYDROCHLORIDE,TRIPROLIDINE",,,,,,shortage,غير متوفر,2026-09-23T21:00:42.738746,,
SA,Saudi Arabia,SFDA,,"PYRIDOXINE,THIAMINE,CYANOCOBALAMIN",,,,,,shortage,غير متوفر,2026-09-23T21:00:42.738754,,
SA,Saudi Arabia,SFDA,,QUETIAPINE,,,,,,shortage,غير متوفر,2026-09-23T21:00:42.738762,N05AH04,
SA,Saudi Arabia,SFDA,,QUINAGOLIDE,,,,,,shortage,غير متوفر,2026-09-23T21:00:42.738769,G02CB04,
SA,Saudi Arabia,SFDA,,r L asparaginase,,,,,,shortage,غير متوفر,2026-09-23T21:00:42.738777,L01XX02,
SA,Saudi Arabia,SFDA,,RALOXIFENE,,,,,,shortage,غير متوفر,2026-09-23T21:00:43.090612,G03XC01,
SA,Saudi Arabia,SFDA,,RAMIPRIL,,,,,,shortage,غير متوفر,2026-09-23T21:00:43.090639,C09AA05,
SA,Saudi Arabia,SFDA,,"RAMIPRIL,AMLODIPINE BESILATE",,,,,,shortage,غير متوفر,2026-09-23T21:00:43.090650,,
SA,Saudi Arabia,SFDA,,"RAMIPRIL,AMLODIPINE BESILATE,HYDROCHLOROTHIAZIDE",,,,,,shortage,غير متوفر,2026-09-23T21:00:43.090661,,
SA,Saudi Arabia,SFDA,,RAMUCIRUMAB,,,,,,shortage,غير متوفر,2026-09-23T21:00:43.090671,L01FG02,
SA,Saudi Arabia,SFDA,,RANOLAZINE,,,,,,shortage,غير متوفر,2026-09-23T21:00:43.090681,C01EB18,
SA,Saudi Arabia,SFDA,,RASAGILINE,,,,,,shortage,غير متوفر,2026-09-23T21:00:43.090690,N04BD02,
SA,Saudi Arabia,SFDA,,RASBURICASE,,,,,,shortage,غير متوفر,2026-09-23T21:00:43.090699,V03AF07,
SA,Saudi Arabia,SFDA,,REMIFENTANIL HYDROCHLORIDE,,,,,,shortage,غير متوفر,2026-09-23T21:00:43.090708,N01AH06,
SA,Saudi Arabia,SFDA,,"RETINOL,COLECALCIFEROL (VITAMIN D3),TOCOPHEROL,ASCORBIC ACID,THIAMINE,RIBOFLAVIN (VITAMIN B2),PYRIDOXINE (VITAMIN B6),NICOTINAMIDE",,,,,,shortage,غير متوفر,2026-09-23T21:00:43.090717,,
SA,Saudi Arabia,SFDA,,REVEFENACIN,,,,,,shortage,غير متوفر,2026-09-23T21:00:43.435054,R03BB08,
SA,Saudi Arabia,SFDA,,RIBAVIRIN,,,,,,shortage,غير متوفر,2026-09-23T21:00:43.435079,J05AP01,
SA,Saudi Arabia,SFDA,,RIBOCICLIB,,,,,,shortage,غير متوفر,2026-09-23T21:00:43.435090,L01EF02,
SA,Saudi Arabia,SFDA,,"RIFAMPICIN,ISONIAZID",,,,,,shortage,غير متوفر,2026-09-23T21:00:43.435099,,
SA,Saudi Arabia,SFDA,,RIOCIGUAT,,,,,,shortage,غير متوفر,2026-09-23T21:00:43.435109,C02KX05,
SA,Saudi Arabia,SFDA,,RISANKIZUMAB,,,,,,shortage,غير متوفر,2026-09-23T21:00:43.435119,L04AC18,
SA,Saudi Arabia,SFDA,,RISPERIDONE,,,,,,shortage,غير متوفر,2026-09-23T21:00:43.435128,N05AX08,
SA,Saudi Arabia,SFDA,,RIVAROXABAN,,,,,,shortage,غير متوفر,2026-09-23T21:00:43.435137,B01AF01,
SA,Saudi Arabia,SFDA,,RIVASTIGMINE,,,,,,shortage,غير متوفر,2026-09-23T21:00:43.435146,N06DA03,
SA,Saudi Arabia,SFDA,,ROFLUMILAST,,,,,,shortage,غير متوفر,2026-09-23T21:00:43.435155,D05AX06,
SA,Saudi Arabia,SFDA,,ROPIVACAINE,,,,,,shortage,غير متوفر,2026-09-23T21:00:43.799911,N01BB09,
SA,Saudi Arabia,SFDA,,ROSUVASTATIN,,,,,,shortage,غير متوفر,2026-09-23T21:00:43.799941,C10AA07,
SA,Saudi Arabia,SFDA,,ROSUVASTATIN,,,,,,shortage,غير متوفر,2026-09-23T21:00:43.799952,C10AA07,
SA,Saudi Arabia,SFDA,,"ROSUVASTATIN,EZETIMIBE",,,,,,shortage,غير متوفر,2026-09-23T21:00:43.799964,,
SA,Saudi Arabia,SFDA,,ROTIGOTINE,,,,,,shortage,غير متوفر,2026-09-23T21:00:43.799974,N04BC09,
SA,Saudi Arabia,SFDA,,"SACUBITRIL,VALSARTAN",,,,,,shortage,غير متوفر,2026-09-23T21:00:43.799983,,
SA,Saudi Arabia,SFDA,,SALBUTAMOL,,,,,,shortage,غير متوفر,2026-09-23T21:00:43.799992,R03AC02,
SA,Saudi Arabia,SFDA,,"SALICYLIC ACID,BETAMETHASONE",,,,,,shortage,غير متوفر,2026-09-23T21:00:43.800001,,
SA,Saudi Arabia,SFDA,,"SALICYLIC ACID,DEXAMETHASONE",,,,,,shortage,غير متوفر,2026-09-23T21:00:43.800010,,
SA,Saudi Arabia,SFDA,,"SALICYLIC ACID,MOMETASONE FUROATE",,,,,,shortage,غير متوفر,2026-09-23T21:00:43.800020,,
SA,Saudi Arabia,SFDA,,SAXAGLIPTIN,,,,,,shortage,غير متوفر,2026-09-23T21:00:44.150549,A10BH03,
SA,Saudi Arabia,SFDA,,SEVELAMER CARBONATE,,,,,,shortage,غير متوفر,2026-09-23T21:00:44.150576,V03AE02,
SA,Saudi Arabia,SFDA,,SEVOFLURANE,,,,,,shortage,غير متوفر,2026-09-23T21:00:44.150589,N01AB08,
SA,Saudi Arabia,SFDA,,SILDENAFIL,,,,,,shortage,غير متوفر,2026-09-23T21:00:44.150599,G04BE03,
SA,Saudi Arabia,SFDA,,SIMETHICONE,,,,,,shortage,غير متوفر,2026-09-23T21:00:44.150609,A03AX13,
SA,Saudi Arabia,SFDA,,SIMVASTATIN,,,,,,shortage,غير متوفر,2026-09-23T21:00:44.150619,C10AA01,
SA,Saudi Arabia,SFDA,,SITAGLIPTIN HYDROCHLORIDE,,,,,,shortage,غير متوفر,2026-09-23T21:00:44.150628,A10BH01,
SA,Saudi Arabia,SFDA,,"SITAGLIPTIN HYDROCHLORIDE,METFORMIN HYDROCHLORIDE",,,,,,shortage,غير متوفر,2026-09-23T21:00:44.150639,,
SA,Saudi Arabia,SFDA,,Sitagliptin Phosphate Monohydrate,,,,,,shortage,غير متوفر,2026-09-23T21:00:44.150649,A10BH01,
SA,Saudi Arabia,SFDA,,"Sitagliptin Phosphate Monohydrate,METFORMIN HYDROCHLORIDE",,,,,,shortage,غير متوفر,2026-09-23T21:00:44.150658,,
SA,Saudi Arabia,SFDA,,"SITAGLIPTIN PHOSPHATE,METFORMIN HYDROCHLORIDE",,,,,,shortage,غير متوفر,2026-09-23T21:00:44.494165,,
SA,Saudi Arabia,SFDA,,"SODIUM ALGINATE,CALCIUM CARBONATE,SODIUM BICARBONATE",,,,,,shortage,غير متوفر,2026-09-23T21:00:44.494192,,
SA,Saudi Arabia,SFDA,,"SODIUM ALGINATE,POTASSIUM BICARBONATE",,,,,,shortage,غير متوفر,2026-09-23T21:00:44.494203,,
SA,Saudi Arabia,SFDA,,"SODIUM ALGINATE,SODIUM BICARBONATE,CALCIUM CARBONATE",,,,,,shortage,غير متوفر,2026-09-23T21:00:44.494213,,
SA,Saudi Arabia,SFDA,,SODIUM BICARBONATE,,,,,,shortage,غير متوفر,2026-09-23T21:00:44.494222,B05CB04,
SA,Saudi Arabia,SFDA,,"SODIUM BICARBONATE,PARACETAMOL",,,,,,shortage,غير متوفر,2026-09-23T21:00:44.494231,,
SA,Saudi Arabia,SFDA,,"SODIUM BICARBONATE,TARTARIC ACID,CITRIC ACID ANHYDROUS,TRI SODIUM CITRATE",,,,,,shortage,غير متوفر,2026-09-23T21:00:44.494241,,
SA,Saudi Arabia,SFDA,,SODIUM CHLORIDE,,,,,,shortage,غير متوفر,2026-09-23T21:00:44.494250,A12BA01,
SA,Saudi Arabia,SFDA,,"SODIUM CHLORIDE, CALCIUM CHLORIDE,MAGNESIUM CHLORIDE,DEXTROSE,ACETIC ACID",,,,,,shortage,غير متوفر,2026-09-23T21:00:44.494259,,
SA,Saudi Arabia,SFDA,,"SODIUM CHLORIDE,DEXTROSE,CALCIUM CHLORIDE,POTASSIUM CHLORIDE,ACETIC ACID,MAGNESIUM CHLORIDE",,,,,,shortage,غير متوفر,2026-09-23T21:00:44.494268,,
SA,Saudi Arabia,SFDA,,"SODIUM CHLORIDE,HYPROMELLOSE 2208 (750 MPA.S)",,,,,,shortage,غير متوفر,2026-09-23T21:00:44.848169,,
SA,Saudi Arabia,SFDA,,"SODIUM CHLORIDE,POTASSIUM CHLORIDE",,,,,,shortage,غير متوفر,2026-09-23T21:00:44.848197,,
SA,Saudi Arabia,SFDA,,"SODIUM CHLORIDE,POTASSIUM CHLORIDE, CALCIUM CHLORIDE",,,,,,shortage,غير متوفر,2026-09-23T21:00:44.848208,,
SA,Saudi Arabia,SFDA,,"SODIUM CHLORIDE,POTASSIUM CHLORIDE,TRI SODIUM CITRATE,DEXTROSE",,,,,,shortage,غير متوفر,2026-09-23T21:00:44.848218,,
SA,Saudi Arabia,SFDA,,"SODIUM CHLORIDE,SODIUM BICARBONATE,POTASSIUM CHLORIDE,POLYETHYLENE GLYCOL",,,,,,shortage,غير متوفر,2026-09-23T21:00:44.848228,,
SA,Saudi Arabia,SFDA,,SODIUM GLYCEROPHOSPHATE HYDRATED,,,,,,shortage,غير متوفر,2026-09-23T21:00:44.848239,,
SA,Saudi Arabia,SFDA,,SODIUM HYALURONATE,,,,,,shortage,غير متوفر,2026-09-23T21:00:44.848248,M09AX01,
SA,Saudi Arabia,SFDA,,SODIUM VALPROATE,,,,,,shortage,غير متوفر,2026-09-23T21:00:44.848257,N03AG01,
SA,Saudi Arabia,SFDA,,SOFOSBUVIR,,,,,,shortage,غير متوفر,2026-09-23T21:00:44.848266,J05AP08,
SA,Saudi Arabia,SFDA,,SOLIFENACIN SUCCINATE,,,,,,shortage,غير متوفر,2026-09-23T21:00:44.848275,G04BD08,
SA,Saudi Arabia,SFDA,,SOMAPACITAN,,,,,,shortage,غير متوفر,2026-09-23T21:00:45.201590,H01AC07,
SA,Saudi Arabia,SFDA,,SOMATROPIN,,,,,,shortage,غير متوفر,2026-09-23T21:00:45.201615,H01AC01,
SA,Saudi Arabia,SFDA,,SORAFENIB,,,,,,shortage,غير متوفر,2026-09-23T21:00:45.201628,L01EX02,
SA,Saudi Arabia,SFDA,,"SOYA OIL,TRIGLYCERIDES MEDIUM CHAIN,OLIVE OIL,FISH OIL",,,,,,shortage,غير متوفر,2026-09-23T21:00:45.201638,,
SA,Saudi Arabia,SFDA,,STERILIZED APYROGENIC DISTILLED WATER,,,,,,shortage,غير متوفر,2026-09-23T21:00:45.201648,,
SA,Saudi Arabia,SFDA,,SUGAMMADEX,,,,,,shortage,غير متوفر,2026-09-23T21:00:45.201657,V03AB35,
SA,Saudi Arabia,SFDA,,SULFADIAZINE SILVER,,,,,,shortage,غير متوفر,2026-09-23T21:00:45.201666,,
SA,Saudi Arabia,SFDA,,"SULFAMETHOXAZOLE,TRIMETHOPRIM",,,,,,shortage,غير متوفر,2026-09-23T21:00:45.201675,,
SA,Saudi Arabia,SFDA,,SULFASALAZINE,,,,,,shortage,غير متوفر,2026-09-23T21:00:45.201685,A07EC01,
SA,Saudi Arabia,SFDA,,SULPIRIDE,,,,,,shortage,غير متوفر,2026-09-23T21:00:45.201694,N05AL01,
SA,Saudi Arabia,SFDA,,SUMATRIPTAN,,,,,,shortage,غير متوفر,2026-09-23T21:00:45.550649,N02CC01,
SA,Saudi Arabia,SFDA,,SUNITINIB,,,,,,shortage,غير متوفر,2026-09-23T21:00:45.550675,L01EX01,
SA,Saudi Arabia,SFDA,,TACROLIMUS,,,,,,shortage,غير متوفر,2026-09-23T21:00:45.550686,D11AH01,
SA,Saudi Arabia,SFDA,,TACROLIMUS,,,,,,shortage,غير متوفر,2026-09-23T21:00:45.550695,D11AH01,
SA,Saudi Arabia,SFDA,,TADALAFIL,,,,,,shortage,غير متوفر,2026-09-23T21:00:45.550704,G04BE08,
SA,Saudi Arabia,SFDA,,TADALAFIL,,,,,,shortage,غير متوفر,2026-09-23T21:00:45.550714,G04BE08,
SA,Saudi Arabia,SFDA,,TAFLUPROST,,,,,,shortage,غير متوفر,2026-09-23T21:00:45.550724,S01EE05,
SA,Saudi Arabia,SFDA,,TAMSULOSIN HYDROCHLORIDE,,,,,,shortage,غير متوفر,2026-09-23T21:00:45.550733,G04CA02,
SA,Saudi Arabia,SFDA,,TELAVANCIN HYDROCHLORIDE,,,,,,shortage,غير متوفر,2026-09-23T21:00:45.550742,J01XA03,
SA,Saudi Arabia,SFDA,,"TELMISARTAN,AMLODIPINE BESILATE",,,,,,shortage,غير متوفر,2026-09-23T21:00:45.550753,,
SA,Saudi Arabia,SFDA,,TEMOZOLOMIDE,,,,,,shortage,غير متوفر,2026-09-23T21:00:45.904939,L01AX03,
SA,Saudi Arabia,SFDA,,TENECTEPLASE,,,,,,shortage,غير متوفر,2026-09-23T21:00:45.904967,B01AD11,
SA,Saudi Arabia,SFDA,,TENOFOVIR DISOPROXIL,,,,,,shortage,غير متوفر,2026-09-23T21:00:45.904979,J05AF07,
SA,Saudi Arabia,SFDA,,TENOXICAM,,,,,,shortage,غير متوفر,2026-09-23T21:00:45.904990,M01AC02,
SA,Saudi Arabia,SFDA,,TERBINAFINE,,,,,,shortage,غير متوفر,2026-09-23T21:00:45.904999,D01AE15,
SA,Saudi Arabia,SFDA,,TERBUTALINE,,,,,,shortage,غير متوفر,2026-09-23T21:00:45.905009,R03AC03,
SA,Saudi Arabia,SFDA,,TERIFLUNOMIDE,,,,,,shortage,غير متوفر,2026-09-23T21:00:45.905018,L04AK02,
SA,Saudi Arabia,SFDA,,TERIPARATIDE,,,,,,shortage,غير متوفر,2026-09-23T21:00:45.905027,H05AA02,
SA,Saudi Arabia,SFDA,,TERLIPRESSIN DIACETATE PENTAHYDRATE,,,,,,shortage,غير متوفر,2026-09-23T21:00:45.905038,H01BA03,
SA,Saudi Arabia,SFDA,,"TETANUS TOXOID,DIPHTHERIA TOXOID",,,,,,shortage,غير متوفر,2026-09-23T21:00:45.905047,,
SA,Saudi Arabia,SFDA,,TETRACOSACTIDE,,,,,,shortage,غير متوفر,2026-09-23T21:00:46.265699,H01AA02,
SA,Saudi Arabia,SFDA,,TETRACYCLINE,,,,,,shortage,غير متوفر,2026-09-23T21:00:46.265728,A01AB13,
SA,Saudi Arabia,SFDA,,THIOPENTAL SODIUM,,,,,,shortage,غير متوفر,2026-09-23T21:00:46.265740,N01AF03,
SA,Saudi Arabia,SFDA,,Thrombin alfa,,,,,,shortage,غير متوفر,2026-09-23T21:00:46.265750,,
SA,Saudi Arabia,SFDA,,TIBOLONE,,,,,,shortage,غير متوفر,2026-09-23T21:00:46.265759,G03CX01,
SA,Saudi Arabia,SFDA,,TICAGRELOR,,,,,,shortage,غير متوفر,2026-09-23T21:00:46.265769,B01AC24,
SA,Saudi Arabia,SFDA,,TIGECYCLINE,,,,,,shortage,غير متوفر,2026-09-23T21:00:46.265778,J01AA12,
SA,Saudi Arabia,SFDA,,TIMOLOL MALEATE,,,,,,shortage,غير متوفر,2026-09-23T21:00:46.265789,C07AA06,
SA,Saudi Arabia,SFDA,,TINZAPARIN SODIUM,,,,,,shortage,غير متوفر,2026-09-23T21:00:46.265798,B01AB10,
SA,Saudi Arabia,SFDA,,TIROFIBAN,,,,,,shortage,غير متوفر,2026-09-23T21:00:46.265807,B01AC17,
SA,Saudi Arabia,SFDA,,TIRZEPATIDE,,,,,,shortage,غير متوفر,2026-09-23T21:00:46.623073,A10BX16,
SA,Saudi Arabia,SFDA,,TOBRAMYCIN,,,,,,shortage,غير متوفر,2026-09-23T21:00:46.623098,J01GB01,
SA,Saudi Arabia,SFDA,,TOCILIZUMAB,,,,,,shortage,غير متوفر,2026-09-23T21:00:46.623109,L04AC07,
SA,Saudi Arabia,SFDA,,TOFACITINIB,,,,,,shortage,غير متوفر,2026-09-23T21:00:46.623121,L04AF01,
SA,Saudi Arabia,SFDA,,TOLTERODINE TARTRATE,,,,,,shortage,غير متوفر,2026-09-23T21:00:46.623131,G04BD07,
SA,Saudi Arabia,SFDA,,TOLVAPTAN,,,,,,shortage,غير متوفر,2026-09-23T21:00:46.623141,C03XA01,
SA,Saudi Arabia,SFDA,,TOPIRAMATE,,,,,,shortage,غير متوفر,2026-09-23T21:00:46.623150,N03AX11,
SA,Saudi Arabia,SFDA,,TOPOTECAN,,,,,,shortage,غير متوفر,2026-09-23T21:00:46.623159,L01CE01,
SA,Saudi Arabia,SFDA,,TOREMIFENE CITRATE,,,,,,shortage,غير متوفر,2026-09-23T21:00:46.623168,L02BA02,
SA,Saudi Arabia,SFDA,,TRAMADOL HYDROCHLORIDE,,,,,,shortage,غير متوفر,2026-09-23T21:00:46.623177,N02AX02,
SA,Saudi Arabia,SFDA,,TRANEXAMIC ACID,,,,,,shortage,غير متوفر,2026-09-23T21:00:46.969049,B02AA02,
SA,Saudi Arabia,SFDA,,Trastuzumab,,,,,,shortage,غير متوفر,2026-09-23T21:00:46.969079,L01FD01,
SA,Saudi Arabia,SFDA,,Trastuzumab,,,,,,shortage,غير متوفر,2026-09-23T21:00:46.969093,L01FD01,
SA,Saudi Arabia,SFDA,,TREPROSTINIL,,,,,,shortage,غير متوفر,2026-09-23T21:00:46.969105,B01AC21,
SA,Saudi Arabia,SFDA,,TRETINOIN,,,,,,shortage,غير متوفر,2026-09-23T21:00:46.969116,D10AD01,
SA,Saudi Arabia,SFDA,,"TRIBENOSIDE,LIDOCAINE HYDROCHLORIDE",,,,,,shortage,غير متوفر,2026-09-23T21:00:46.969128,,
SA,Saudi Arabia,SFDA,,TRIFAROTENE,,,,,,shortage,غير متوفر,2026-09-23T21:00:46.969140,D10AD06,
SA,Saudi Arabia,SFDA,,TROPICAMIDE,,,,,,shortage,غير متوفر,2026-09-23T21:00:46.969152,S01FA06,
SA,Saudi Arabia,SFDA,,"TROPICAMIDE,PHENYLEPHRINE HYDROCHLORIDE,LIDOCAINE HYDROCHLORIDE",,,,,,shortage,غير متوفر,2026-09-23T21:00:46.969163,,
SA,Saudi Arabia,SFDA,,"TRYPTOPHAN,ARGININE,PHENYLALANINE,REFINED OLIVE OIL (~80%) + REFINED SOYA OIL (~20%),METHIONINE,CALCIUM CHLORIDE DIHYDRATE,GLUTAMIC ACID,ASPARTIC ACID,TAURINE,SERINE,PROLINE,ISOLEUCINE5,HISTIDINE,CYSTEINE,POTASSIUM ACETATE,THREONINE,TYROSINE,ORNITHINE,GLYCINE,LYSINE,LEUCINE,SODIUM CHLORIDE,GLUCOSE,SODIUM GLYCEROPHOSPHATE HYDRATED,ALANINE,MAGNESIUM ACETATE TETRAHYDRATE,VALINE",,,,,,shortage,غير متوفر,2026-09-23T21:00:46.969175,,
SA,Saudi Arabia,SFDA,,"TRYPTOPHAN,LYSINE,GLUCOSE,SODIUM ACETATE,POTASSIUM CHLORIDE,MAGNESIUM SULFATE, CALCIUM CHLORIDE,VALINE,TYROSINE,THREONINE,GLYCINE,SERINE,PROLINE,PHENYLALANINE,METHIONINE,LEUCINE,ISOLEUCINE5,HISTIDINE,TAURINE,ARGININE,ALANINE,FISH OIL,OLIVE OIL,TRIGLYCERIDES MEDIUM CHAIN,SOYA OIL,ZINC SULPHATE,SODIUM GLYCEROPHOSPHATE HYDRATED",,,,,,shortage,غير متوفر,2026-09-23T21:00:47.327152,,
SA,Saudi Arabia,SFDA,,TUCATINIB,,,,,,shortage,غير متوفر,2026-09-23T21:00:47.327180,L01EH03,
SA,Saudi Arabia,SFDA,,UROFOLLITROPIN,,,,,,shortage,غير متوفر,2026-09-23T21:00:47.327192,G03GA04,
SA,Saudi Arabia,SFDA,,VALACICLOVIR,,,,,,shortage,غير متوفر,2026-09-23T21:00:47.327202,J05AB11,
SA,Saudi Arabia,SFDA,,VALPROATE SODIUM,,,,,,shortage,غير متوفر,2026-09-23T21:00:47.327212,N03AG01,
SA,Saudi Arabia,SFDA,,VALSARTAN,,,,,,shortage,غير متوفر,2026-09-23T21:00:47.327223,C09CA03,
SA,Saudi Arabia,SFDA,,VALSARTAN,,,,,,shortage,غير متوفر,2026-09-23T21:00:47.327234,C09CA03,
SA,Saudi Arabia,SFDA,,"VALSARTAN,HYDROCHLOROTHIAZIDE",,,,,,shortage,غير متوفر,2026-09-23T21:00:47.327243,,
SA,Saudi Arabia,SFDA,,"VALSARTAN,HYDROCHLOROTHIAZIDE,AMLODIPINE BESILATE",,,,,,shortage,غير متوفر,2026-09-23T21:00:47.327253,,
SA,Saudi Arabia,SFDA,,VANCOMYCIN,,,,,,shortage,غير متوفر,2026-09-23T21:00:47.327263,A07AA09,
SA,Saudi Arabia,SFDA,,VANCOMYCIN,,,,,,shortage,غير متوفر,2026-09-23T21:00:47.672053,A07AA09,
SA,Saudi Arabia,SFDA,,VANDETANIB,,,,,,shortage,غير متوفر,2026-09-23T21:00:47.672084,L01EX04,
SA,Saudi Arabia,SFDA,,VARDENAFIL,,,,,,shortage,غير متوفر,2026-09-23T21:00:47.672096,G04BE09,
SA,Saudi Arabia,SFDA,,VARENICLINE,,,,,,shortage,غير متوفر,2026-09-23T21:00:47.672107,N07BA03,
SA,Saudi Arabia,SFDA,,VASOPRESSIN,,,,,,shortage,غير متوفر,2026-09-23T21:00:47.672116,H01BA01,
SA,Saudi Arabia,SFDA,,VENLAFAXINE HYDROCHLORIDE,,,,,,shortage,غير متوفر,2026-09-23T21:00:47.672126,N06AX16,
SA,Saudi Arabia,SFDA,,VERAPAMIL HYDROCHLORIDE,,,,,,shortage,غير متوفر,2026-09-23T21:00:47.672135,C08DA01,
SA,Saudi Arabia,SFDA,,VERICIGUAT,,,,,,shortage,غير متوفر,2026-09-23T21:00:47.672146,C01DX22,
SA,Saudi Arabia,SFDA,,VIGABATRIN,,,,,,shortage,غير متوفر,2026-09-23T21:00:47.672156,N03AG04,
SA,Saudi Arabia,SFDA,,VILAZODONE,,,,,,shortage,غير متوفر,2026-09-23T21:00:47.672165,N06AX24,
SA,Saudi Arabia,SFDA,,VILDAGLIPTIN,,,,,,shortage,غير متوفر,2026-09-23T21:00:48.024165,A10BH02,
SA,Saudi Arabia,SFDA,,VINBLASTINE,,,,,,shortage,غير متوفر,2026-09-23T21:00:48.024194,L01CA01,
SA,Saudi Arabia,SFDA,,VINCRISTINE,,,,,,shortage,غير متوفر,2026-09-23T21:00:48.024205,L01CA02,
SA,Saudi Arabia,SFDA,,VORICONAZOLE,,,,,,shortage,غير متوفر,2026-09-23T21:00:48.024215,J02AC03,
SA,Saudi Arabia,SFDA,,Vutrisiran,,,,,,shortage,غير متوفر,2026-09-23T21:00:48.024224,N07XX18,
SA,Saudi Arabia,SFDA,,WARFARIN SODIUM,,,,,,shortage,غير متوفر,2026-09-23T21:00:48.024234,B01AA03,
SA,Saudi Arabia,SFDA,,WATER,,,,,,shortage,غير متوفر,2026-09-23T21:00:48.024244,,
SA,Saudi Arabia,SFDA,,"WHITE PETROLATUM,Mineral Oil",,,,,,shortage,غير متوفر,2026-09-23T21:00:48.024253,,
SA,Saudi Arabia,SFDA,,XYLOMETAZOLINE HYDROCHLORIDE,,,,,,shortage,غير متوفر,2026-09-23T21:00:48.024263,R01AA07,
SA,Saudi Arabia,SFDA,,ZANAMIVIR,,,,,,shortage,غير متوفر,2026-09-23T21:00:48.024272,J05AH01,
SA,Saudi Arabia,SFDA,,ZIDOVUDINE,,,,,,shortage,غير متوفر,2026-09-23T21:00:48.384743,J05AF01,
SA,Saudi Arabia,SFDA,,ZINC OXIDE,,,,,,shortage,غير متوفر,2026-09-23T21:00:48.384770,C05AX04,
SA,Saudi Arabia,SFDA,,ZOLEDRONIC ACID,,,,,,shortage,غير متوفر,2026-09-23T21:00:48.384781,M05BA08,
SA,Saudi Arabia,SFDA,,ZOLPIDEM,,,,,,shortage,غير متوفر,2026-09-23T21:00:48.384791,N05CF02,
SA,Saudi Arabia,SFDA,,ZUCLOPENTHIXOL ACETATE,,,,,,shortage,غير متوفر,2026-09-23T21:00:48.384801,N05AF05,
SA,Saudi Arabia,SFDA,,ZUCLOPENTHIXOL DECANOATE,,,,,,shortage,غير متوفر,2026-09-23T21:00:48.384810,N05AF05,
