atc5,substance,nl_mahs,max_mahs,max_country,ratio_max_to_nl,n_countries,focus_eu,signal,atc_code
A01AA30,Combinations,0,2,LT,,2,,geen_nl_meldingen,
A02AA04,"ALUMINUM HYDROXIDE,MAGNESIUM HYDROXIDE",0,2,SA,,1,,geen_nl_meldingen,
A02AD01,"aluminium oxide, hydrated;magnesium hydroxide",0,2,HU,,3,,geen_nl_meldingen,
A02BB01,,0,2,CA,,4,BE=1,geen_nl_meldingen,
A02BX02,,0,2,CA,,1,,geen_nl_meldingen,
A03AA04,mebeveriin,0,2,EE,,7,AT=1,geen_nl_meldingen,
A03AX13,Simeticonum INN,0,2,IS,,4,,geen_nl_meldingen,
A03FA01,,0,2,CA,,5,AT=1,geen_nl_meldingen,
A04AA02,,0,2,CA,,6,DE=1,geen_nl_meldingen,
A04AA05,palonosetron,0,2,TR,,3,,geen_nl_meldingen,
A04AA55,,0,2,SK,,4,,geen_nl_meldingen,
A04AD01,,0,2,CA,,3,,geen_nl_meldingen,
A05AA02,URSODEOXYCHOLIC ACID,0,2,MY,,9,AT=1,geen_nl_meldingen,
A06AB02,,0,2,CA,,8,,geen_nl_meldingen,
A06AB08,Sodium picosulfate,0,2,LT,,3,,geen_nl_meldingen,
A06AD15,Macrogol,0,2,LT,,1,,geen_nl_meldingen,
A06AD65,,0,2,CH,,4,,geen_nl_meldingen,
A06AG11,"sodium lauryl sulfoacetate, incl. combinations",0,2,LT,,2,,geen_nl_meldingen,
A06AX05,,0,2,CA,,2,BE=1,geen_nl_meldingen,
A07EA06,BUDESONID,0,2,AT,,5,AT=2,geen_nl_meldingen,
A07EC02,mesalazine,0,2,HU,,11,BE=1 · DE=1 · AT=1,geen_nl_meldingen,
A07XA04,Racecadotril,0,2,LT,,4,,geen_nl_meldingen,
A09AA02,PANKREAS(EXTRAKT),0,2,AT,,6,AT=2,geen_nl_meldingen,
A09AB04,"SODIUM BICARBONATE,TARTARIC ACID,CITRIC ACID ANHYDROUS,TRI SODIUM CITRATE",0,2,SA,,1,,geen_nl_meldingen,
A10AB05,Insulin aspart,0,2,DE,,8,BE=1 · DE=2 · AT=1,geen_nl_meldingen,
A10AE04,INSULIN GLARGINE,0,2,SA,,5,,geen_nl_meldingen,
A10BD15,Metformin and dapagliflozin,0,2,LT,,2,,geen_nl_meldingen,
A10BH03,,0,2,CA,,5,,geen_nl_meldingen,
A10BK02,,0,2,CA,,2,BE=1,geen_nl_meldingen,
A10BK03,empagliflozin,0,2,LT,,3,AT=1,geen_nl_meldingen,
A11AA03,multivitamin kompleksi,0,2,TR,,2,,geen_nl_meldingen,
A11CC03,Alfacalcidol,0,2,LT,,3,,geen_nl_meldingen,
A11CC04,,0,2,CA,,4,DE=1,geen_nl_meldingen,
A11DA01,Thiamine (vit B1),0,2,LT,,1,,geen_nl_meldingen,
A11GA01,ascorbic acid,0,2,HU,,2,,geen_nl_meldingen,
A12AA07,,0,2,CA,,3,,geen_nl_meldingen,
A12BA02,Potassium citrate,0,2,LT,,3,,geen_nl_meldingen,
A12CC02,,0,2,CA,,4,BE=1,geen_nl_meldingen,
A16AX04,,0,2,CA,,1,,geen_nl_meldingen,
B01AA03,,0,2,CA,,5,,geen_nl_meldingen,
B01AB05,Enoxaparin Sodium,0,2,BE,,5,BE=2,geen_nl_meldingen,
B01AC05,ticlopidine,0,2,HU,,1,,geen_nl_meldingen,
B01AC11,ILOPROST,0,2,SA,,2,,geen_nl_meldingen,
B01AC21,TREPROSTINIL,0,2,SA,,5,,geen_nl_meldingen,
B01AC23,Cilostazol,0,2,LT,,1,,geen_nl_meldingen,
B01AE06,,0,2,CA,,2,,geen_nl_meldingen,
B02BC30,"insan fibrinojeni, insan trombini",0,2,TR,,2,,geen_nl_meldingen,
B02BC81,humaanfibrinogeen +humaantrombiin,0,2,EE,,1,,geen_nl_meldingen,
B02BD01,"factor II, VII, IX, X",0,2,HU,,6,DE=1,geen_nl_meldingen,
B02BD03,Factor VIII inhibitor bypassing activity,0,2,LT,,1,,geen_nl_meldingen,
B03BA03,HYDROXOCOBALAMIN,0,2,US,,3,BE=1,geen_nl_meldingen,
B03XA02,,0,2,FI,,3,,geen_nl_meldingen,
B05BA02,"fish oil, rich in omega-3-acids;Olive Oil. Refined;soya-bean oil, refined;Tryglycerides, medium chain",0,2,HU,,2,,geen_nl_meldingen,
B05BA03,Glucosum,0,2,IS,,8,BE=1,geen_nl_meldingen,
B05BB02,electrolits,0,2,HU,,4,,geen_nl_meldingen,
B05XA19,,0,2,CA,,2,,geen_nl_meldingen,
C01BA02,,0,2,CA,,1,,geen_nl_meldingen,
C01BD07,Dronedaronum INN hýdróklóríð,0,2,IS,,1,,geen_nl_meldingen,
C01CA26,,0,2,CA,,3,,geen_nl_meldingen,
C01CE02,MILRINON,0,2,AT,,4,AT=2,geen_nl_meldingen,
C01CX08,,0,2,FI,,7,,geen_nl_meldingen,
C01EB15,trimetazidine,0,2,HU,,4,,geen_nl_meldingen,
C02AB01,Methyldopa (Ph.Eur.),0,2,DE,,2,DE=2,geen_nl_meldingen,
C02AC02,,0,2,CA,,3,,geen_nl_meldingen,
C02AC06,Rilmenidine,0,2,LT,,2,AT=1,geen_nl_meldingen,
C02DD01,,0,2,CA,,1,,geen_nl_meldingen,
C02KX05,,0,2,FI,,2,,geen_nl_meldingen,
C03EA01,,0,2,FI,,2,,geen_nl_meldingen,
C08CA02,Felodipine,0,2,BE,,7,BE=2,geen_nl_meldingen,
C08CA13,lercanidipine,0,2,HU,,9,BE=1 · AT=1,geen_nl_meldingen,
C09AA06,Quinapril,0,2,LT,,1,,geen_nl_meldingen,
C09BA81,enalapriil +hüdroklorotiasiid,0,2,EE,,1,,geen_nl_meldingen,
C09BB04,perindopriil +amlodipiin,0,2,EE,,6,BE=1 · DE=1,geen_nl_meldingen,
C09BB07,Ramipril and amlodipine,0,2,LT,,3,,geen_nl_meldingen,
C09DA04,irbesartan;hydrochlorothiazide,0,2,HU,,3,,geen_nl_meldingen,
C09DA07,Telmisartan and diuretics,0,2,LT,,3,,geen_nl_meldingen,
C09DA08,"Hydrochlorothiazide, Olmesartan Medoxomil",0,2,BE,,5,BE=2,geen_nl_meldingen,
C09DA82,valsartaan +hüdroklorotiasiid,0,2,EE,,1,,geen_nl_meldingen,
C09DA84,kandesartaan +hüdroklorotiasiid,0,2,EE,,1,,geen_nl_meldingen,
C09DB02,"Olmesartan Medoxomil, Amlodipine",0,2,BE,,6,BE=2,geen_nl_meldingen,
C09DX01,"AMLODIPIN BESILAT, HYDROCHLOROTHIAZID, VALSARTAN",0,2,AT,,5,BE=1 · AT=2,geen_nl_meldingen,
C09XA02,Aliskiren hemifumarate,0,2,IE,,4,AT=1,geen_nl_meldingen,
C10AA04,fluvastatiin,0,2,EE,,6,,geen_nl_meldingen,
C10AB04,,0,2,CA,,3,,geen_nl_meldingen,
C10BA06,Rosuvastatin and ezetimibe,0,2,LT,,2,,geen_nl_meldingen,
C10BX17,rosuvastatin and ramipril,0,2,LT,,1,,geen_nl_meldingen,
D01AC05,Isoconazole,0,2,LT,,1,,geen_nl_meldingen,
D04AA13,Dimetindene,0,2,LT,,1,,geen_nl_meldingen,
D05AX52,"Calcipotriolum INN, Betamethasonum INN díprópíónat",0,2,IS,,6,BE=1 · DE=1,geen_nl_meldingen,
D06BB10,Imiquimod,0,2,BE,,6,BE=2 · DE=1,geen_nl_meldingen,
D07AC14,Methylprednisolone aceponate,0,2,LT,,1,,geen_nl_meldingen,
D07AC17,Fluticasone,0,2,LT,,2,,geen_nl_meldingen,
D07BC80,beetametasoon +salitsüülhape,0,2,EE,,1,,geen_nl_meldingen,
D07CC01,,0,2,CH,,2,,geen_nl_meldingen,
D07XA02,Prednisolone,0,2,LT,,1,,geen_nl_meldingen,
D07XB02,TRIAMCINOLONE ACETONIDE,0,2,US,,2,,geen_nl_meldingen,
D08AC02,,0,2,CA,,3,BE=1,geen_nl_meldingen,
D10AD53,"Adapalene, combinations",0,2,LT,,4,BE=1,geen_nl_meldingen,
D10AE01,,0,2,CA,,2,,geen_nl_meldingen,
D10AF02,Erythromycin,0,2,DE,,2,DE=2,geen_nl_meldingen,
D10AF51,"Clindamycin, combinations",0,2,LT,,3,,geen_nl_meldingen,
D10AX03,aselaiinhape,0,2,EE,,3,,geen_nl_meldingen,
D11AH02,Pimecrolimus,0,2,LT,,2,,geen_nl_meldingen,
G01AA10,Clindamycin,0,2,LT,,4,,geen_nl_meldingen,
G01AF01,Metronidazole,0,2,LT,,3,,geen_nl_meldingen,
G01AF12,Fenticonazole,0,2,LT,,1,,geen_nl_meldingen,
G02AD02,DINOPROSTONE,0,2,GR,,8,BE=1 · DE=1 · AT=1,geen_nl_meldingen,
G02CB03,,0,2,CA,,5,BE=1,geen_nl_meldingen,
G02CB04,QUINAGOLIDE,0,2,SA,,4,,geen_nl_meldingen,
G03AA11,Norgestimate and ethinylestradiol,0,2,LT,,1,,geen_nl_meldingen,
G03AA16,,0,2,FI,,2,,geen_nl_meldingen,
G03AC09,desogestrel,0,2,HU,,3,,geen_nl_meldingen,
G03AD01,Levonorgestrel,0,2,LT,,4,,geen_nl_meldingen,
G03DA03,hidroksiprogesteron kaproat,0,2,TR,,1,,geen_nl_meldingen,
G03DB01,Dydrogesterone,0,2,LT,,1,,geen_nl_meldingen,
G03FA17,Drospirenone and estrogen,0,2,LT,,1,,geen_nl_meldingen,
G03FB05,Norethisterone and estrogen,0,2,LT,,1,,geen_nl_meldingen,
G03GA02,menopausaalne humaangonadotropiin,0,2,EE,,9,BE=1 · AT=1,geen_nl_meldingen,
G03GA05,Follitropinum alfa INN,0,2,IS,,4,,geen_nl_meldingen,
G03GA06,beetafollitropiin,0,2,EE,,2,,geen_nl_meldingen,
G03GB02,Clomifene,0,2,LT,,1,,geen_nl_meldingen,
G04BD10,,0,2,CA,,3,DE=1,geen_nl_meldingen,
G04BD11,Fesoterodinum INN fúmarat,0,2,IS,,7,BE=1,geen_nl_meldingen,
G04BE01,ALPROSTADILUM,0,2,RO,,9,DE=1,geen_nl_meldingen,
G04BX14,DAPOXETINE,0,2,SA,,2,,geen_nl_meldingen,
G04CA53,"Solifenacin , Tamsulosin",0,2,BE,,2,BE=2,geen_nl_meldingen,
H01AC01,Somatropinum INN,0,2,IS,,6,BE=1,geen_nl_meldingen,
H01BA01,,0,2,CA,,1,,geen_nl_meldingen,
H01BB02,,0,2,CA,,7,,geen_nl_meldingen,
H01CB02,,0,2,CA,,7,,geen_nl_meldingen,
H01CC01,,0,2,FI,,9,BE=1 · AT=1,geen_nl_meldingen,
H03BB02,Thiamazole,0,2,LT,,2,,geen_nl_meldingen,
H05AA02,,0,2,CA,,6,,geen_nl_meldingen,
J01AA12,TIGECYCLINE,0,2,SA,,7,BE=1,geen_nl_meldingen,
J01CA08,Pivmecillinamum INN hýdróklóríð,0,2,IS,,1,,geen_nl_meldingen,
J01CE02,fenoksimetil penisilin,0,2,TR,,4,,geen_nl_meldingen,
J01CF02,Cloxacillinum INN natríum,0,2,IS,,1,,geen_nl_meldingen,
J01CF04,Oxacillin,0,2,LT,,1,,geen_nl_meldingen,
J01CF05,,0,2,CA,,7,DE=1,geen_nl_meldingen,
J01DD01,Cefotaxime,0,2,IE,,10,AT=1,geen_nl_meldingen,
J01DD08,,0,2,SK,,6,DE=1,geen_nl_meldingen,
J01DD13,sefpodoksim proksetil,0,2,TR,,2,,geen_nl_meldingen,
J01DD15,sefdinir,0,2,TR,,1,,geen_nl_meldingen,
J01EA01,,0,2,CA,,3,,geen_nl_meldingen,
J01EC02,SULFADIAZINE SILVER,0,2,SA,,1,,geen_nl_meldingen,
J01MA01,ofloksasin,0,2,TR,,5,DE=1,geen_nl_meldingen,
J01XX09,,0,2,CA,,6,,geen_nl_meldingen,
J02AA01,Amphotericin B,0,2,LT,,5,,geen_nl_meldingen,
J04AB02,rifampicinum,0,2,SI,,9,BE=1 · DE=1 · AT=1,geen_nl_meldingen,
J04AB04,,0,2,FI,,2,AT=1,geen_nl_meldingen,
J05AB14,Valganciclovirum INN hýdróklóríð,0,2,IS,,4,,geen_nl_meldingen,
J05AE08,,0,2,CA,,6,,geen_nl_meldingen,
J05AE10,,0,2,CA,,10,AT=1,geen_nl_meldingen,
J05AF07,Tenofovirdisoproxil,0,2,DE,,10,DE=2,geen_nl_meldingen,
J05AP01,ribaviriin,0,2,EE,,3,,geen_nl_meldingen,
J05AR03,"Emtricitabine, Tenofovir Disoproxil",0,2,BE,,4,BE=2,geen_nl_meldingen,
J05AR06,Efavirenz; Emtricitabin; Tenofovirdisoproxil,0,2,DE,,4,BE=1 · DE=2,geen_nl_meldingen,
J05AX05,Inosine pranobex,0,2,LT,,1,,geen_nl_meldingen,
J07AM01,"DIPHTHERIA TOXOID,TETANUS TOXOID,PERTUSSIS TOXOID,Haemagglutinin,INACTIVATED POLIO VIRUS (IPV) TYPE 1,INACTIVATED POLIO VIRUS (IPV) TYPE 2,INACTIVATED POLIO VIRUS (IPV) TYPE 3,HEPATITIS B VIRUS HBSAG SURFACE ANTIGEN,HAEMOPHILUS INFLUENZAE TYPE B",0,2,SA,,1,,geen_nl_meldingen,
J07BA01,"Encephalitis, tick borne, inactivated, whole virus",0,2,LT,,4,,geen_nl_meldingen,
J07BC01,hepatitis B vaccine (rDNA),0,2,HU,,5,BE=1,geen_nl_meldingen,
J07BD54,"morbillorum, parotitidis, rubeolae et varicellae vaccinum combinatum viris attenuatis",0,2,SI,,2,,geen_nl_meldingen,
J07BL01,"Yellow fever, live attenuated",0,2,LT,,2,BE=1,geen_nl_meldingen,
J07BX05,"Recombinant Respiratory Syncytial Virus Pre-fusion F Protein, Adjuvanted with AS01E",0,2,BE,,1,BE=2,geen_nl_meldingen,
J07CA02,"Bordetella Pertussis Filamentous Hemagglutinin (FHA) , Diphtheria Toxoid (DT), Poliovirus Type 3 (inactivated), Pertactin (Bordetella Pertussis Antigen) , Bordetella Pertussis Toxoid (PT) , Tetanus Toxoid, Poliovirus Type 2 (inactivated), Poliovirus Type 1 (inactivated)",0,2,BE,,4,BE=2,geen_nl_meldingen,
L01AA02,Chlorambucil,0,2,LT,,1,,geen_nl_meldingen,
L01AA03,,0,2,CA,,3,,geen_nl_meldingen,
L01AB01,BUSULFAN,0,2,SA,,9,BE=1 · DE=1,geen_nl_meldingen,
L01BC01,,0,2,CA,,7,,geen_nl_meldingen,
L01CA01,,0,2,CA,,2,,geen_nl_meldingen,
L01CA02,,0,2,CA,,4,,geen_nl_meldingen,
L01CB01,,0,2,CA,,7,AT=1,geen_nl_meldingen,
L01DB06,idarubitsiin,0,2,EE,,4,,geen_nl_meldingen,
L01DB07,,0,2,CA,,2,,geen_nl_meldingen,
L01DC01,,0,2,CA,,4,,geen_nl_meldingen,
L01DC03,,0,2,CA,,7,BE=1 · DE=1,geen_nl_meldingen,
L01EH02,NERATINIB,0,2,SA,,1,,geen_nl_meldingen,
L01EK01,axitinib,0,2,LT,,2,,geen_nl_meldingen,
L01EL01,IBRUTINIB,0,2,SA,,2,,geen_nl_meldingen,
L01EX02,sorafenib,0,2,LT,,7,,geen_nl_meldingen,
L01FG01,bevatsizumab,0,2,EE,,5,BE=1 · AT=1,geen_nl_meldingen,
L01XC07,bevacizumab,0,2,HU,,1,,geen_nl_meldingen,
L01XG02,CARFILZOMIB,0,2,SA,,1,,geen_nl_meldingen,
L01XX05,Hydroxycarbamide,0,2,LT,,3,,geen_nl_meldingen,
L01XX17,TOPOTECAN,0,2,GR,,2,,geen_nl_meldingen,
L01XX27,,0,2,CA,,10,BE=1 · DE=2,geen_nl_meldingen,
L02BB01,Flutamid,0,2,DE,,1,DE=2,geen_nl_meldingen,
L03AA14,Lipegfilgrastim,0,2,BE,,2,BE=2,geen_nl_meldingen,
L03AB04,alfa-2a-interferoon,0,2,EE,,1,,geen_nl_meldingen,
L03AB08,interferon beta-1b,0,2,HU,,4,,geen_nl_meldingen,
L03AX13,GLATIRAMER ACETAT,0,2,RO,,6,,geen_nl_meldingen,
L04AA13,leflunomide,0,2,HU,,2,DE=1,geen_nl_meldingen,
L04AA40,,0,2,CA,,3,,geen_nl_meldingen,
L04AB01,Etanerceptum INN,0,2,IS,,8,BE=1 · DE=1,geen_nl_meldingen,
L04AB02,infliksimab,0,2,EE,,5,,geen_nl_meldingen,
L04AB05,Certolizumab Pegol,0,2,BE,,1,BE=2,geen_nl_meldingen,
L04AC07,TOCILIZUMAB,0,2,SA,,5,AT=1,geen_nl_meldingen,
L04AC18,RISANKIZUMAB,0,2,SA,,2,,geen_nl_meldingen,
L04AD01,CICLOSPORIN,0,2,AT,,6,AT=2,geen_nl_meldingen,
L04AF03,UPADACITINIB,0,2,SA,,1,,geen_nl_meldingen,
M01AB01,INDOMETACIN,0,2,SA,,5,DE=1,geen_nl_meldingen,
M01AE03,,0,2,CA,,7,,geen_nl_meldingen,
M01AE52,Naproxen and esomeprazole,0,2,LT,,1,,geen_nl_meldingen,
M01AG01,,0,2,CH,,3,AT=1,geen_nl_meldingen,
M01AX25,,0,2,CH,,1,,geen_nl_meldingen,
M02AA10,Ketoprofen,0,2,LT,,2,,geen_nl_meldingen,
M02AA13,Ibuprofen,0,2,LT,,3,,geen_nl_meldingen,
M03AC10,Mivacurium chloride,0,2,LT,,5,DE=1 · AT=1,geen_nl_meldingen,
M03AC11,,0,2,CA,,6,BE=1 · DE=1,geen_nl_meldingen,
M03BX04,Tolperisone,0,2,LT,,1,,geen_nl_meldingen,
M03CA01,,0,2,CA,,1,,geen_nl_meldingen,
M04AA01,,0,2,FI,,8,,geen_nl_meldingen,
M05BB03,alendroonhape +kolekaltsiferool,0,2,EE,,5,,geen_nl_meldingen,
M05BX04,,0,2,FI,,3,,geen_nl_meldingen,
N01AB08,Sevoflurane,0,2,IS,,2,,geen_nl_meldingen,
N01AF03,THIOPENTALUM,0,2,RO,,6,,geen_nl_meldingen,
N01AH03,,0,2,CA,,9,DE=1 · AT=1,geen_nl_meldingen,
N01AX03,,0,2,CA,,3,,geen_nl_meldingen,
N01AX10,,0,2,CA,,9,,geen_nl_meldingen,
N01BB03,Mepivacainum INN hýdróklóríð,0,2,IS,,3,,geen_nl_meldingen,
N01BX04,Capsaicinum INN,0,2,IS,,4,,geen_nl_meldingen,
N02AE01,Buprenorphin,0,2,DE,,6,DE=2 · AT=1,geen_nl_meldingen,
N02AJ13,tramadool +paratsetamool,0,2,EE,,3,,geen_nl_meldingen,
N02AJ14,Tramadol and dexketoprofen,0,2,LT,,1,,geen_nl_meldingen,
N02BA01,Acetylsalicylic acid,0,2,LT,,6,BE=1,geen_nl_meldingen,
N02CC02,,0,2,CA,,2,,geen_nl_meldingen,
N02CD01,Erenumabum INN,0,2,IS,,2,,geen_nl_meldingen,
N03AA02,,0,2,CA,,5,BE=1 · DE=1,geen_nl_meldingen,
N03AA03,Primidon,0,2,DE,,1,DE=2,geen_nl_meldingen,
N03AF02,,0,2,CA,,8,DE=1 · AT=1,geen_nl_meldingen,
N03AG01,,0,2,CA,,7,BE=1 · AT=1,geen_nl_meldingen,
N03AX15,,0,2,SK,,5,DE=1,geen_nl_meldingen,
N03AX23,BRIVARACETAM,0,2,SA,,4,,geen_nl_meldingen,
N05AH02,,0,2,SK,,5,AT=1,geen_nl_meldingen,
N05AL01,Sulpiride,0,2,LT,,5,,geen_nl_meldingen,
N05AL03,Tiapride,0,2,LT,,2,AT=1,geen_nl_meldingen,
N05AL05,Amisulpride,0,2,BE,,8,BE=2,geen_nl_meldingen,
N05AN01,,0,2,CA,,4,AT=1,geen_nl_meldingen,
N05AX16,BREXPIPRAZOLE,0,2,SA,,2,,geen_nl_meldingen,
N05BA23,Tofisopam,0,2,LT,,1,,geen_nl_meldingen,
N05BB01,,0,2,CA,,3,,geen_nl_meldingen,
N05CC01,,0,2,CA,,1,,geen_nl_meldingen,
N05CD01,,0,2,CA,,3,DE=1,geen_nl_meldingen,
N05CD05,Triazolam,0,2,LT,,1,,geen_nl_meldingen,
N05CD07,,0,2,CA,,1,,geen_nl_meldingen,
N05CH01,Melatoninum INN,0,2,IS,,3,,geen_nl_meldingen,
N06AA12,Doxepinhydrochlorid (Ph.Eur.),0,2,DE,,2,DE=2,geen_nl_meldingen,
N06AX14,Tianeptine,0,2,LT,,2,,geen_nl_meldingen,
N06DX02,Ginkgo folium,0,2,LT,,3,,geen_nl_meldingen,
N07AA01,Neostigmine,0,2,LT,,3,,geen_nl_meldingen,
N07AA02,,0,2,CA,,3,,geen_nl_meldingen,
N07BC02,,0,2,CA,,6,,geen_nl_meldingen,
N07BC51,buprenorfiin +naloksoon,0,2,EE,,6,,geen_nl_meldingen,
N07CA52,"Cinnarizine, combinations",0,2,LT,,2,,geen_nl_meldingen,
N07XX02,,0,2,CA,,4,AT=1,geen_nl_meldingen,
P01AB01,Metronidazolum INN,0,2,IS,,4,,geen_nl_meldingen,
P01AX06,,0,2,CA,,2,,geen_nl_meldingen,
P01CX01,,0,2,CA,,1,,geen_nl_meldingen,
P02CF01,Ivermectin,0,2,LT,,4,DE=1,geen_nl_meldingen,
R01AA05,oksümetasoliin,0,2,EE,,4,,geen_nl_meldingen,
R02AA20,Dichlorobenzyl alcohol;amylmetacresol;Levomenthol,0,2,HU,,3,,geen_nl_meldingen,
R02AD05,AMBROXOLUM,0,2,RO,,2,,geen_nl_meldingen,
R02AX03,benzydamine,0,2,HU,,2,,geen_nl_meldingen,
R03AC04,Fenoterol,0,2,LT,,1,,geen_nl_meldingen,
R03AC13,,0,2,SK,,4,,geen_nl_meldingen,
R03AC18,indakaterol maleat,0,2,TR,,2,,geen_nl_meldingen,
R03AL02,Ipratropiumbromid (Ph.Eur.); Salbutamolsulfat,0,2,DE,,1,DE=2,geen_nl_meldingen,
R03AL05,"Aklidinyum bromür, Formoterol fumarat dihidrat",0,2,TR,,1,,geen_nl_meldingen,
R03BA01,Beclometasondipropionat (Ph.Eur.),0,2,DE,,2,DE=2,geen_nl_meldingen,
R03BB05,Aklidinyum bromür,0,2,TR,,2,,geen_nl_meldingen,
R03DA05,Aminophylline,0,2,LT,,2,,geen_nl_meldingen,
R05CA10,Combinations,0,2,LT,,4,,geen_nl_meldingen,
R05CA12,Hederae helicis folium,0,2,LT,,4,,geen_nl_meldingen,
R05CB03,carbocisteine,0,2,HU,,1,,geen_nl_meldingen,
R05DA09,dextromethorphan,0,2,HU,,3,BE=1,geen_nl_meldingen,
R05DB07,oksolamin fosfat,0,2,TR,,1,,geen_nl_meldingen,
R06AA59,"Doxylamine, combinations",0,2,LT,,4,,geen_nl_meldingen,
R06AD02,PROMETHAZINE HYDROCHLORIDE,0,2,US,,4,DE=1,geen_nl_meldingen,
R06AX26,fexofenadine,0,2,HU,,7,,geen_nl_meldingen,
S01AA13,Fusidic acid,0,2,LT,,6,BE=1,geen_nl_meldingen,
S01AE01,OFLOXACIN,0,2,SA,,4,AT=1,geen_nl_meldingen,
S01AX15,Dibromopropamidine isethionate,0,2,IE,,1,,geen_nl_meldingen,
S01BC03,DICLOFENAC NATRIUM,0,2,AT,,3,BE=1 · AT=2,geen_nl_meldingen,
S01FA04,,0,2,CA,,3,,geen_nl_meldingen,
S01FA06,Tropicamide,0,2,BE,,4,BE=2 · DE=1,geen_nl_meldingen,
S01FA56,,0,2,CA,,3,,geen_nl_meldingen,
S01GX02,Levocabastinum INN hýdróklóríð,0,2,IS,,1,,geen_nl_meldingen,
S01GX08,,0,2,CA,,8,AT=1,geen_nl_meldingen,
S01HA02,oxybuprocaine,0,2,HU,,3,BE=1,geen_nl_meldingen,
S01JA01,,0,2,CA,,4,BE=1,geen_nl_meldingen,
S01LA05,Aflibercept,0,2,BE,,3,BE=2 · DE=1,geen_nl_meldingen,
S01XA12,Dexpanthenol,0,2,LT,,1,,geen_nl_meldingen,
V01AA02,allergén kivonat,0,2,HU,,2,,geen_nl_meldingen,
V03AB06,,0,2,CA,,2,BE=1,geen_nl_meldingen,
V03AB14,,0,2,CA,,5,,geen_nl_meldingen,
V03AB21,Potassium iodide,0,2,LT,,3,,geen_nl_meldingen,
V03AB25,,0,2,CA,,5,,geen_nl_meldingen,
V03AE01,,0,2,CA,,5,BE=1,geen_nl_meldingen,
V03AF01,MESNA,0,2,SA,,3,,geen_nl_meldingen,
V03AX81,taimsed preparaadid,0,2,EE,,1,,geen_nl_meldingen,
V08CA03,gadodiamid,0,2,TR,,2,,geen_nl_meldingen,
A01AA01,Sodium fluoride,0,1,IS,,2,,geen_nl_meldingen,
A01AA04,Stannous fluoride,0,1,LT,,1,,geen_nl_meldingen,
A01AB12,heksetidiin,0,1,EE,,2,,geen_nl_meldingen,
A01AB81,neomütsiin +bensokaiin,0,1,EE,,1,,geen_nl_meldingen,
A01AC02,Dexamethasone,0,1,LT,,1,,geen_nl_meldingen,
A01AC54,Prednisolonacetat,0,1,DE,,1,DE=1,geen_nl_meldingen,
A01AD02,benzidamin hcl,0,1,TR,,1,,geen_nl_meldingen,
A01AD82,koliinsalitsülaat,0,1,EE,,1,,geen_nl_meldingen,
A02AC10,"CITRONENSÄURE, NATRIUMCITRAT, CALCIUMCITRAT",0,1,AT,,1,AT=1,geen_nl_meldingen,
A02AD81,alumiiniumhüdroksiid +magneesiumhüdroksiid,0,1,EE,,1,,geen_nl_meldingen,
A02AX17,"citric acid, anhydrous;sodium dihydrogen phosphate dihydrate",0,1,HU,,1,,geen_nl_meldingen,
A02BA53,,0,1,FI,,1,,geen_nl_meldingen,
A02BX05,Bismuth subcitrate,0,1,LT,,1,,geen_nl_meldingen,
A02BX13,"Aluminium hydroxide, Sodium hydrogen carbonate, ALGINIC ACID",0,1,IS,,3,,geen_nl_meldingen,
A03AA05,,0,1,CH,,1,,geen_nl_meldingen,
A03AB02,"MOMETASONE FUROATE,(indacaterol (as acetate,GLYCOPYRRONIUM BROMIDE",0,1,SA,,1,,geen_nl_meldingen,
A03AB06,Otilonium bromide,0,1,LT,,1,,geen_nl_meldingen,
A03AB14,"synthetic anticholinergics, quaternary ammonium compounds",0,1,TR,,1,,geen_nl_meldingen,
A03AD01,,0,1,CA,,1,,geen_nl_meldingen,
A03AX04,"PINAVERIUM, BROMIDE",0,1,GR,,1,,geen_nl_meldingen,
A03AX15,peppermint oil,0,1,HU,,2,,geen_nl_meldingen,
A03BB01,hyosin n butilbromit,0,1,TR,,1,,geen_nl_meldingen,
A03FA02,sisaprid,0,1,TR,,1,,geen_nl_meldingen,
A05AA04,,0,1,IS,,1,,geen_nl_meldingen,
A05AX20,Eucalyptus oil;peppermint oil;Magnesium salicylate,0,1,HU,,1,,geen_nl_meldingen,
A05BA03,SILIBININ DINATRIUMDIHEMISUCCINAT,0,1,AT,,2,AT=1,geen_nl_meldingen,
A05BA09,metadoxine,0,1,HU,,1,,geen_nl_meldingen,
A06AA01,,0,1,CH,,1,,geen_nl_meldingen,
A06AB04,phenolphthalein,0,1,HU,,1,,geen_nl_meldingen,
A06AB06,senna glycosides,0,1,HU,,1,,geen_nl_meldingen,
A06AB58,"Natrii picosulfas INN, Magnesii oxidum, Citric acid",0,1,IS,,1,,geen_nl_meldingen,
A06AC01,Plantago Ovata Tohumları,0,1,TR,,1,,geen_nl_meldingen,
A06AC51,,0,1,CA,,3,,geen_nl_meldingen,
A06AG01,,0,1,CA,,2,,geen_nl_meldingen,
A06AG02,Bisacodylum INN,0,1,IS,,1,,geen_nl_meldingen,
A06AH01,methylnaltrexonii bromidum,0,1,SI,,1,,geen_nl_meldingen,
A06AH03,naloksegool,0,1,EE,,3,,geen_nl_meldingen,
A06AX01,glycerol;palmitic acid;stearic acid,0,1,HU,,1,,geen_nl_meldingen,
A06AX02,sodium hydrogen carbonate;sodium dihydrogen phosphate dihydrate,0,1,HU,,1,,geen_nl_meldingen,
A06AX04,Linaclotide,0,1,BE,,3,BE=1,geen_nl_meldingen,
A07AA02,Nystatinum INN,0,1,IS,,2,,geen_nl_meldingen,
A07AA11,Rifaximin,0,1,BE,,3,BE=1 · PT=1,geen_nl_meldingen,
A07AA12,Fidaxomicinum INN,0,1,IS,,1,,geen_nl_meldingen,
A07AA13,rifamycin sodium,0,1,HU,,1,,geen_nl_meldingen,
A07AX03,nifuroxazide,0,1,TR,,1,,geen_nl_meldingen,
A07BA01,Carbo medicinalis,0,1,IS,,1,,geen_nl_meldingen,
A07BC05,Diosmectite,0,1,LT,,1,,geen_nl_meldingen,
A07DA02,Morphine,0,1,BE,,2,BE=1,geen_nl_meldingen,
A07DA53,loperamide hydrochloride;dimeticone,0,1,HU,,1,,geen_nl_meldingen,
A07EA04,"BETAMETHASONE, PHOSPHATE DISSODIUM",0,1,GR,,1,,geen_nl_meldingen,
A07EC01,,0,1,CA,,2,,geen_nl_meldingen,
A07FA01,liyofilize laktobasillus reuteri/kültürü,0,1,TR,,1,,geen_nl_meldingen,
A08AA62,-,0,1,SI,,1,,geen_nl_meldingen,
A08AB01,Orlistat,0,1,BE,,4,BE=1,geen_nl_meldingen,
A09AA04,tilactase,0,1,HU,,1,,geen_nl_meldingen,
A10AB01,"Insulin Human, Biosynthetic, Conversion",0,1,BE,,4,BE=1,geen_nl_meldingen,
A10AB04,,0,1,FI,,3,,geen_nl_meldingen,
A10AB06,insulin glulisine,0,1,HU,,3,,geen_nl_meldingen,
A10AC01,Isophan-Insulin-Suspension zur Injektion (Ph.Eur.),0,1,DE,,4,DE=1,geen_nl_meldingen,
A10AD01,insulin human,0,1,HU,,1,,geen_nl_meldingen,
A10AD04,"% 25 insülin lispro, % 75 insülin lispro protamin",0,1,TR,,1,,geen_nl_meldingen,
A10AD05,aspart-insuliin,0,1,EE,,2,,geen_nl_meldingen,
A10AE05,Insulin detemir,0,1,DE,,2,DE=1,geen_nl_meldingen,
A10AE06,Insulinum degludecum INN,0,1,IS,,2,,geen_nl_meldingen,
A10BB03,,0,1,CA,,1,,geen_nl_meldingen,
A10BB07,glipisiid,0,1,EE,,1,,geen_nl_meldingen,
A10BD05,,0,1,CH,,3,,geen_nl_meldingen,
A10BD10,metformiin +saksagliptiin,0,1,EE,,2,,geen_nl_meldingen,
A10BD11,Metformin and linagliptin,0,1,LT,,1,,geen_nl_meldingen,
A10BD20,"Empagliflozinum INN, Metforminum INN hýdróklóríð",0,1,IS,,2,,geen_nl_meldingen,
A10BD21,"saksagliptin hidroklorür, dapagliflozin propandiol monohidrat",0,1,TR,,1,,geen_nl_meldingen,
A10BD23,metformiin +ertugliflosiin,0,1,EE,,2,,geen_nl_meldingen,
A10BF01,ACARBOSE,0,1,SA,,1,,geen_nl_meldingen,
A10BH04,aloglipin benzoat,0,1,TR,,1,,geen_nl_meldingen,
A10BJ01,eksenatiid,0,1,EE,,1,,geen_nl_meldingen,
A10BJ03,liksisenatiid,0,1,EE,,2,,geen_nl_meldingen,
A10BJ05,Dulaglutide,0,1,BE,,2,BE=1,geen_nl_meldingen,
A10BJ06,Semaglutide,0,1,BE,,6,BE=1,geen_nl_meldingen,
A10BK04,ertugliflosiin,0,1,EE,,1,,geen_nl_meldingen,
A10BX03,nateglinide,0,1,TR,,1,,geen_nl_meldingen,
A11CA01,retinol,0,1,HU,,2,,geen_nl_meldingen,
A11CC06,Calcifediol,0,1,LT,,1,,geen_nl_meldingen,
A11DB01,cyanocobalamin;pyridoxine hydrochloride;thiamine hydrochloride,0,1,HU,,1,,geen_nl_meldingen,
A11HA02,,0,1,CA,,2,,geen_nl_meldingen,
A11HA05,Biotin,0,1,LT,,1,,geen_nl_meldingen,
A11HA08,Tocofersolanum INN,0,1,IS,,1,,geen_nl_meldingen,
A11JB81,püridoksiin +magneesium,0,1,EE,,1,,geen_nl_meldingen,
A11JB82,tiamiin +riboflaviin +püridoksiin +tsüanokobalamiin +askorbiinhape +biotiin +nikotiinamiid +kaltsiumpantotenaat +kaltsium +magneesium +foolhape +tsink,0,1,EE,,1,,geen_nl_meldingen,
A12AA04,,0,1,FI,,5,,geen_nl_meldingen,
A12AA06,"Calcium carbonate, Calcium lactate gluconate",0,1,IS,,1,,geen_nl_meldingen,
A12AA13,calcium citrate,0,1,HU,,1,,geen_nl_meldingen,
A12AA20,"CALCIUM SACCHARAT, CALCIUMGLUCONAT",0,1,AT,,1,AT=1,geen_nl_meldingen,
A12AX80,kaltsium +kolekaltsiferool,0,1,EE,,1,,geen_nl_meldingen,
A12CB01,,0,1,CA,,1,,geen_nl_meldingen,
A12CC04,magnezyum sitrat,0,1,TR,,1,,geen_nl_meldingen,
A12CC06,Magnesium lactate,0,1,LT,,1,,geen_nl_meldingen,
A12CC30,,0,1,CH,,3,,geen_nl_meldingen,
A12CE02,,0,1,CH,,1,,geen_nl_meldingen,
A14AA04,metenolon enantat,0,1,TR,,1,,geen_nl_meldingen,
A16AA01,,0,1,CA,,1,,geen_nl_meldingen,
A16AA04,Mercaptaminum INN bítartrat,0,1,IS,,1,,geen_nl_meldingen,
A16AA05,Acidum carglumicum INN,0,1,IS,,2,,geen_nl_meldingen,
A16AA06,Betainum anhydricum,0,1,IS,,2,,geen_nl_meldingen,
A16AB04,Recombinant human alpa galactosidase A,0,1,IS,,2,,geen_nl_meldingen,
A16AB07,alglucosidase alfa,0,1,HU,,1,,geen_nl_meldingen,
A16AB20,Pegunigalsidasum alfa INN,0,1,IS,,1,,geen_nl_meldingen,
A16AB22,AVALGLUCOSIDASE ALFA,0,1,AT,,2,BE=1 · AT=1,geen_nl_meldingen,
A16AX03,naatriumfenüülbutüraat,0,1,EE,,3,,geen_nl_meldingen,
A16AX05,Zinci acetas,0,1,IS,,1,,geen_nl_meldingen,
A16AX06,,0,1,CA,,1,,geen_nl_meldingen,
A16AX07,SAPROPTERIN,0,1,SA,,2,,geen_nl_meldingen,
A16AX09,,0,1,SK,,1,,geen_nl_meldingen,
A16AX10,ELIGLUSTAT,0,1,SA,,2,,geen_nl_meldingen,
A16AX12,"TRIENTINE, DIHYDROCHLORI, DE",0,1,GR,,2,,geen_nl_meldingen,
A16AX14,Migalastatum hýdróklóríð,0,1,IS,,1,,geen_nl_meldingen,
B01AA04,PHENPROCOUMON,0,1,AT,,1,AT=1,geen_nl_meldingen,
B01AA07,acenocoumarol,0,1,HU,,1,,geen_nl_meldingen,
B01AB02,,0,1,CA,,2,,geen_nl_meldingen,
B01AB10,TINZAPARIN SODIUM,0,1,SA,,1,,geen_nl_meldingen,
B01AC16,,0,1,CA,,8,,geen_nl_meldingen,
B01AC17,Tirofibanhydrochlorid-Monohydrat,0,1,DE,,3,DE=1,geen_nl_meldingen,
B01AC27,Selexipag,0,1,LT,,1,,geen_nl_meldingen,
B01AD01,streptokinne,0,1,TR,,1,,geen_nl_meldingen,
B01AD02,,0,1,FI,,3,,geen_nl_meldingen,
B01AD04,Urokinase,0,1,BE,,2,BE=1,geen_nl_meldingen,
B01AD11,tenecteplase,0,1,HU,,5,,geen_nl_meldingen,
B01AE03,,0,1,CA,,1,,geen_nl_meldingen,
B01AX05,,0,1,CA,,4,,geen_nl_meldingen,
B02AA01,aminocaproic acid,0,1,HU,,1,,geen_nl_meldingen,
B02BA01,Phytomenadione,0,1,HU,,2,,geen_nl_meldingen,
B02BB01,FIBRINOGEN,0,1,AT,,4,BE=1 · DE=1 · AT=1,geen_nl_meldingen,
B02BD04,FACTOR IX,0,1,SA,,2,,geen_nl_meldingen,
B02BD06,Von Willebrand factor and coagulation factor VIII in combination,0,1,LT,,1,,geen_nl_meldingen,
B02BD08,"GERINNUNGSFAKTOR VIIa, REKOMBINANT - EPTACOG ALFA (AKTIVIERT)",0,1,AT,,3,BE=1 · AT=1,geen_nl_meldingen,
B02BD10,Human Factor von Willebrand,0,1,BE,,3,BE=1 · DE=1,geen_nl_meldingen,
B02BX01,Etamsylate,0,1,LT,,1,,geen_nl_meldingen,
B03AA03,"FERROUS, GLUCONATE",0,1,GR,,1,,geen_nl_meldingen,
B03AD03,"FOLSÄURE, EISEN(II)-SULFAT, GETROCKNETES",0,1,AT,,1,AT=1,geen_nl_meldingen,
B03AD05,ferrous gluconate and folic acid,0,1,LT,,1,,geen_nl_meldingen,
B03AE10,,0,1,CH,,1,,geen_nl_meldingen,
B03BA04,cobamamide,0,1,TR,,1,,geen_nl_meldingen,
B03XA03,metoksüpolüetüleenglükool-beetaepoetiin,0,1,EE,,6,,geen_nl_meldingen,
B05AA06,GELATIN AGENTS,0,1,GR,,2,,geen_nl_meldingen,
B05AA07,hydroxyethyl starch;sodium chloride,0,1,HU,,2,,geen_nl_meldingen,
B05BA01,Alanin; Arginin; Glycin; Histidin; Isoleucin; Leucin; Lysinacetat; Methionin; Phenylalanin; Prolin; Serin; Taurin; Threonin; Tryptophan; Tyrosin; Valin,0,1,DE,,6,DE=1,geen_nl_meldingen,
B05BC20,glycerol,0,1,HU,,1,,geen_nl_meldingen,
B05CA05,taurolidin,0,1,TR,,1,,geen_nl_meldingen,
B05CX03,glisin,0,1,TR,,1,,geen_nl_meldingen,
B05XA01,Potassium Chloride,0,1,BE,,2,BE=1,geen_nl_meldingen,
B05XA02,,0,1,CH,,1,,geen_nl_meldingen,
B05XA03,sodium chloride,0,1,HU,,2,,geen_nl_meldingen,
B05XA05,Magnesii sulfas,0,1,IS,,2,,geen_nl_meldingen,
B05XA06,"Dipotassium Hydrogen Phosphate, Potassium Dihydrogen Phosphate",0,1,BE,,1,BE=1,geen_nl_meldingen,
B05XA07,Calcium chloride,0,1,LT,,1,,geen_nl_meldingen,
B05XA09,Disodium Hydrogen Phosphate Dihydrate,0,1,BE,,1,BE=1,geen_nl_meldingen,
B05XA14,,0,1,FI,,2,,geen_nl_meldingen,
B05XA16,Calciumchlorid-Dihydrat; Histidin; Histidinhydrochlorid-Monohydrat; Kalium-hydrogen-2-oxopentandioat; Kaliumchlorid; Magnesiumchlorid-Hexahydrat; Mannitol (Ph.Eur.); Natriumchlorid; Tryptophan,0,1,DE,,1,DE=1,geen_nl_meldingen,
B05XA17,,0,1,CA,,2,,geen_nl_meldingen,
B05XA20,,0,1,CH,,1,,geen_nl_meldingen,
B05XA29,glucose phosphate,0,1,HU,,1,,geen_nl_meldingen,
B05XB02,Alanyl glutamine,0,1,LT,,2,,geen_nl_meldingen,
B06AC04,conestat alfa,0,1,HU,,1,,geen_nl_meldingen,
B06AC05,Lanadelumabum INN,0,1,IS,,1,,geen_nl_meldingen,
B06AC06,Berotralstat,0,1,SA,,1,,geen_nl_meldingen,
B06AX03,VOXELOTOR,0,1,GR,,1,,geen_nl_meldingen,
C01AA08,METILDIGOXIN,0,1,AT,,1,AT=1,geen_nl_meldingen,
C01BA01,quinidine,0,1,HU,,1,,geen_nl_meldingen,
C01BB02,,0,1,CA,,1,,geen_nl_meldingen,
C01BG11,Vernakalant hydrochloride,0,1,IE,,2,,geen_nl_meldingen,
C01CA02,ISOPRENALINE,0,1,SA,,1,,geen_nl_meldingen,
C01CX09,Angiotensin II,0,1,BE,,1,BE=1,geen_nl_meldingen,
C01DA08,isosorbiitdinitraat,0,1,EE,,2,,geen_nl_meldingen,
C01DX12,,0,1,CH,,1,,geen_nl_meldingen,
C01DX22,vericiguat,0,1,HU,,2,,geen_nl_meldingen,
C01EB10,,0,1,CA,,7,DE=1,geen_nl_meldingen,
C01EB21,,0,1,CH,,1,,geen_nl_meldingen,
C01EB22,Meldonium,0,1,LT,,1,,geen_nl_meldingen,
C01EX82,viirpuuvili +melissileht +rosmariinileht +palderjanijuur,0,1,EE,,1,,geen_nl_meldingen,
C02AC05,MOXONIDIN,0,1,AT,,6,BE=1 · AT=1,geen_nl_meldingen,
C02DB01,"dihydralazine sulphate, hydrated",0,1,HU,,1,,geen_nl_meldingen,
C03AB01,"Kalii chloridum, Bendroflumethiazidum INN",0,1,IS,,1,,geen_nl_meldingen,
C03BA04,CHLORTALIDON,0,1,AT,,2,DE=1 · AT=1,geen_nl_meldingen,
C03BA11,INDAPAMID,0,1,AT,,3,AT=1,geen_nl_meldingen,
C03DA02,CANRENOINSÄURE,0,1,AT,,1,AT=1,geen_nl_meldingen,
C03DA05,Finerenonum INN,0,1,IS,,1,,geen_nl_meldingen,
C03EA14,"SPIRONOLACTON, BUTIZID",0,1,AT,,1,AT=1,geen_nl_meldingen,
C03EA81,hüdroklorotiasiid +amiloriid,0,1,EE,,1,,geen_nl_meldingen,
C03EB01,,0,1,CH,,1,,geen_nl_meldingen,
C03XA01,TOLVAPTAN,0,1,AT,,2,AT=1,geen_nl_meldingen,
C04AB01,,0,1,CA,,1,,geen_nl_meldingen,
C05AA01,"Hydrocortisonum INN acetat, Lidocainum INN",0,1,IS,,1,,geen_nl_meldingen,
C05AA08,"Fluocortolonum INN pívalat, Lidocainum INN hýdróklóríð",0,1,IS,,2,,geen_nl_meldingen,
C05AA10,,0,1,CH,,1,,geen_nl_meldingen,
C05AX03,baktérium liofilizátum,0,1,HU,,1,,geen_nl_meldingen,
C05AX83,pärmseente ekstrakt +haimaksaõli,0,1,EE,,1,,geen_nl_meldingen,
C05BA01,Organo-heparinoid,0,1,LT,,1,,geen_nl_meldingen,
C05BA03,Heparin,0,1,LT,,1,,geen_nl_meldingen,
C05CA03,diosmiin,0,1,EE,,3,,geen_nl_meldingen,
C05CA51,"Rutoside, combinations",0,1,LT,,1,,geen_nl_meldingen,
C05CX03,AESCIN,0,1,SA,,2,,geen_nl_meldingen,
C07AB05,Betaxolol,0,1,LT,,1,,geen_nl_meldingen,
C07AB08,,0,1,FI,,2,,geen_nl_meldingen,
C07BB07,,0,1,CH,,3,,geen_nl_meldingen,
C07CB03,"ATENOLOL, CHLORTALIDON",0,1,AT,,2,AT=1,geen_nl_meldingen,
C07FB02,,0,1,FI,,2,,geen_nl_meldingen,
C07FB12,Nevibolol and amlodipine,0,1,LT,,1,,geen_nl_meldingen,
C08CA06,Nimodipin,0,1,DE,,3,DE=1,geen_nl_meldingen,
C08GA02,Amlodipine and diuretics,0,1,LT,,1,,geen_nl_meldingen,
C09AA07,,0,1,CA,,1,,geen_nl_meldingen,
C09AA08,,0,1,CH,,2,,geen_nl_meldingen,
C09AA10,Trandolapril,0,1,LT,,1,,geen_nl_meldingen,
C09AA15,Zofenopril,0,1,LT,,1,,geen_nl_meldingen,
C09BA03,"Lisinopril, Hydrochlorothiazide",0,1,BE,,3,BE=1,geen_nl_meldingen,
C09BA08,,0,1,CH,,1,,geen_nl_meldingen,
C09BA09,"FOSINOPRIL NATRIUM, HYDROCHLOROTHIAZID",0,1,AT,,1,AT=1,geen_nl_meldingen,
C09BA15,Zofenopril and diuretics,0,1,LT,,1,,geen_nl_meldingen,
C09BA87,fosinopriil +hüdroklorotiasiid,0,1,EE,,1,,geen_nl_meldingen,
C09BB03,lisinopril;amlodipine,0,1,HU,,2,,geen_nl_meldingen,
C09BX03,"AMLODIPIN BESILAT, HYDROCHLOROTHIAZID, RAMIPRIL",0,1,AT,,1,AT=1,geen_nl_meldingen,
C09BX05,ramipril and bisoprolol,0,1,LT,,1,,geen_nl_meldingen,
C09CA02,eprosartaan,0,1,EE,,1,,geen_nl_meldingen,
C09DA80,losartaan +hüdroklorotiasiid,0,1,EE,,1,,geen_nl_meldingen,
C09DA85,telmisartaan +hüdroklorotiasiid,0,1,EE,,1,,geen_nl_meldingen,
C09DA86,olmesartaanmedoksomiil +hüdroklorotiasiid,0,1,EE,,1,,geen_nl_meldingen,
C09DB04,telmisartan;amlodipine,0,1,HU,,2,,geen_nl_meldingen,
C09DB05,irbesartan + amlodipinb,0,1,TR,,1,,geen_nl_meldingen,
C09DX08,"telmisartan, amlodipine and hydrochlorothiazide",0,1,LT,,1,,geen_nl_meldingen,
C10AA08,,0,1,CH,,2,,geen_nl_meldingen,
C10AB02,Bezafibrate,0,1,BE,,3,BE=1,geen_nl_meldingen,
C10AC01,,0,1,CA,,3,,geen_nl_meldingen,
C10AC04,,0,1,CA,,1,,geen_nl_meldingen,
C10AX13,Evolocumabum INN,0,1,IS,,1,,geen_nl_meldingen,
C10AX14,alirocumab,0,1,HU,,3,,geen_nl_meldingen,
C10AX15,Bempedoic acid,0,1,SA,,2,,geen_nl_meldingen,
C10AX16,Inclisiranum INN natríum,0,1,IS,,1,,geen_nl_meldingen,
C10BA10,"Bempedoik asit, ezetimib",0,1,TR,,1,,geen_nl_meldingen,
C10BA13,pitavastatin and ezetimibe,0,1,LT,,1,,geen_nl_meldingen,
C10BX03,atorvastatiin +amlodipiin,0,1,EE,,1,,geen_nl_meldingen,
C10BX11,atorvastatiin +amlodipiin +perindopriil,0,1,EE,,1,,geen_nl_meldingen,
C10BX13,"Rosuvastatin, perindopril and indapamide",0,1,LT,,1,,geen_nl_meldingen,
C10BX15,atorvastatiin +perindopriil,0,1,EE,,1,,geen_nl_meldingen,
C10BX21,rosuvastatin and perindopril,0,1,LT,,1,,geen_nl_meldingen,
D01AC03,"ECONAZOLE, NITRATE",0,1,GR,,1,,geen_nl_meldingen,
D01AC10,bifonazole,0,1,HU,,1,,geen_nl_meldingen,
D01AC16,FLUTRIMAZOLE,0,1,GR,,2,,geen_nl_meldingen,
D01AC52,"FLUPREDNIDEN ACETAT, MICONAZOL NITRAT",0,1,AT,,1,AT=1,geen_nl_meldingen,
D01AC60,bifonazole;urea,0,1,HU,,1,,geen_nl_meldingen,
D01AE13,selenyum sülfid,0,1,TR,,1,,geen_nl_meldingen,
D01AE16,AMOROLFIN HYDROCHLORID,0,1,AT,,6,BE=1 · AT=1,geen_nl_meldingen,
D01AE18,tolnaftate,0,1,HU,,1,,geen_nl_meldingen,
D01AE22,naftifine,0,1,HU,,2,,geen_nl_meldingen,
D01BA01,griseofulvin,0,1,TR,,1,,geen_nl_meldingen,
D02AB80,tsinkoksiid,0,1,EE,,1,,geen_nl_meldingen,
D02AE01,uurea,0,1,EE,,1,,geen_nl_meldingen,
D03AX03,DEXPANTHENOL,0,1,AT,,1,AT=1,geen_nl_meldingen,
D03AX53,"dexpanthenol;lidocaine;Sodium samarium sulfosalicylate, anhydrate",0,1,HU,,1,,geen_nl_meldingen,
D03AX99,,0,1,CH,,1,,geen_nl_meldingen,
D03BA03,Proteolytic Enzymes Concentrate Enriched in Bromelain,0,1,BE,,2,BE=1 · DE=1,geen_nl_meldingen,
D04AA32,"antipruritics, incl. antihistamines, anesthetics, etc.",0,1,TR,,1,,geen_nl_meldingen,
D05AX04,TACALCITOL,0,1,AT,,2,BE=1 · AT=1,geen_nl_meldingen,
D05AX80,kaltsipotriool +beetametasoon,0,1,EE,,1,,geen_nl_meldingen,
D05BB02,,0,1,CA,,6,,geen_nl_meldingen,
D06AA03,oxytetracycline,0,1,HU,,1,,geen_nl_meldingen,
D06AA04,,0,1,CA,,2,,geen_nl_meldingen,
D06AX04,"NEOMYCIN, SULFATE",0,1,GR,,1,,geen_nl_meldingen,
D06AX05,"DEQUALINIUM CHLORID, BACITRACIN, DIPHENYLPYRALIN HYDROCHLORID",0,1,AT,,1,AT=1,geen_nl_meldingen,
D06AX09,CALCIUM MUPIROCINAT DIHYDRAT,0,1,AT,,4,AT=1,geen_nl_meldingen,
D06BA01,"SULFADIAZINE, SILVER",0,1,GR,,1,,geen_nl_meldingen,
D06BA19,chloroseptyl,0,1,HU,,1,,geen_nl_meldingen,
D06BB04,PODOPHYLLOTOXIN,0,1,AT,,2,AT=1,geen_nl_meldingen,
D06BB11,Docosanol,0,1,BE,,1,BE=1,geen_nl_meldingen,
D06BB12,Green tea leaf,0,1,HU,,2,,geen_nl_meldingen,
D06BB17,interferon alfa,0,1,HU,,1,,geen_nl_meldingen,
D07AA02,,0,1,FI,,2,,geen_nl_meldingen,
D07AB01,CLOBETASONE BUTYRATE,0,1,IE,,2,,geen_nl_meldingen,
D07AB02,,0,1,FI,,3,,geen_nl_meldingen,
D07AB09,triamtsinoloon,0,1,EE,,2,,geen_nl_meldingen,
D07AB10,alclometasonum,0,1,SI,,1,,geen_nl_meldingen,
D07AC08,,0,1,CH,,1,,geen_nl_meldingen,
D07XC01,"Betamethasonum INN díprópíónat, Acidum salicylicum",0,1,IS,,2,,geen_nl_meldingen,
D08AC52,"Chlorhexidine Digluconate, Cetrimide",0,1,BE,,1,BE=1,geen_nl_meldingen,
D08AE02,POLICRESULEN,0,1,SA,,1,,geen_nl_meldingen,
D08AJ57,"Octenidine, combinations",0,1,LT,,1,,geen_nl_meldingen,
D08AX53,"Propanol, 2-Propanol, Mecetronium Etilsulfate",0,1,BE,,1,BE=1,geen_nl_meldingen,
D10AD06,trifarotene,0,1,HU,,3,,geen_nl_meldingen,
D10AF01,,0,1,FI,,3,,geen_nl_meldingen,
D10AX05,Dapson,0,1,DE,,1,DE=1,geen_nl_meldingen,
D11AA01,glycopyrronium,0,1,LT,,1,,geen_nl_meldingen,
D11AC08,Precipitated sulfur,0,1,HU,,1,,geen_nl_meldingen,
D11AH01,TACROLIMUS MONOHYDRAT,0,1,AT,,5,BE=1 · DE=1 · AT=1,geen_nl_meldingen,
D11AH05,Dupilumabum INN,0,1,IS,,2,,geen_nl_meldingen,
D11AX14,tacrolimus,0,1,HU,,1,,geen_nl_meldingen,
D11AX18,,0,1,CH,,2,,geen_nl_meldingen,
D11AX21,brimonidine,0,1,HU,,2,,geen_nl_meldingen,
D11AX22,Ivermectinum INN,0,1,IS,,1,,geen_nl_meldingen,
D11AX24,deoksükoolhape,0,1,EE,,1,,geen_nl_meldingen,
G01AA51,"Nystatin, combinations",0,1,LT,,1,,geen_nl_meldingen,
G01AD01,acidum lacticum,0,1,SI,,1,,geen_nl_meldingen,
G01AF05,Econazole,0,1,LT,,1,,geen_nl_meldingen,
G01AF07,izokonazol nitrat,0,1,TR,,1,,geen_nl_meldingen,
G01AF15,butoconazole,0,1,HU,,1,,geen_nl_meldingen,
G01AX05,Nifuratel,0,1,LT,,1,,geen_nl_meldingen,
G01AX11,Povidone-iodine,0,1,LT,,1,,geen_nl_meldingen,
G01AX14,Lactobacillus,0,1,LT,,1,,geen_nl_meldingen,
G02AD06,Misoprostolum INN,0,1,IS,,2,,geen_nl_meldingen,
G02CA03,Fenoterolhydrobromid,0,1,DE,,1,DE=1,geen_nl_meldingen,
G02CB01,,0,1,CA,,1,,geen_nl_meldingen,
G02CC03,Benzydamine,0,1,LT,,1,,geen_nl_meldingen,
G02CX03,Agni casti fructus,0,1,LT,,1,,geen_nl_meldingen,
G02CX04,Cimicifugae rhizoma,0,1,LT,,1,,geen_nl_meldingen,
G03AA13,"Norelgestrominum INN, Ethinylestradiolum INN",0,1,IS,,1,,geen_nl_meldingen,
G03AA15,,0,1,CH,,1,,geen_nl_meldingen,
G03AA18,"Estetrolum INN mónóhýdrat, Drospirenonum INN",0,1,IS,,1,,geen_nl_meldingen,
G03AB03,levonorgestreel +etünüülöstradiool,0,1,EE,,1,,geen_nl_meldingen,
G03AB05,"Desogestrel, Ethinylestradiol, Desogestrel, Ethinylestradiol",0,1,BE,,4,BE=1 · DE=1,geen_nl_meldingen,
G03AC01,,0,1,FI,,1,,geen_nl_meldingen,
G03AC08,"ETHINYL ESTRADIOL, ETONOGESTREL",0,1,US,,1,,geen_nl_meldingen,
G03AD02,ulipristal,0,1,HU,,1,,geen_nl_meldingen,
G03CA04,Estradiol,0,1,BE,,2,BE=1,geen_nl_meldingen,
G03DB08,,0,1,CA,,2,,geen_nl_meldingen,
G03FA15,"Drospirenone, Estradiol",0,1,BE,,2,BE=1,geen_nl_meldingen,
G03GA01,,0,1,CA,,2,,geen_nl_meldingen,
G03GA04,UROFOLLITROPIN,0,1,AT,,4,AT=1,geen_nl_meldingen,
G03GA07,lutropin alfa,0,1,HU,,2,,geen_nl_meldingen,
G03GA08,choriogonadotropin alfa,0,1,HU,,1,,geen_nl_meldingen,
G03GA09,CORIFOLLITROPIN ALFA,0,1,AT,,3,AT=1,geen_nl_meldingen,
G03GA10,Follitropinum delta INN,0,1,IS,,2,,geen_nl_meldingen,
G03GA30,alfafollitropiin +alfalutropiin,0,1,EE,,3,,geen_nl_meldingen,
G03HA01,,0,1,CA,,4,,geen_nl_meldingen,
G03XB01,Mifepristone,0,1,LT,,1,,geen_nl_meldingen,
G03XB02,ULIPRISTALUM ACETATUM,0,1,RO,,1,,geen_nl_meldingen,
G04BD02,,0,1,CA,,2,,geen_nl_meldingen,
G04BD09,Trospiumchlorid,0,1,DE,,1,DE=1,geen_nl_meldingen,
G04BD12,Mirabegronum INN,0,1,IS,,2,,geen_nl_meldingen,
G04BE10,avanafiil,0,1,EE,,4,,geen_nl_meldingen,
G04BE11,udenafil,0,1,TR,,1,,geen_nl_meldingen,
G04CX02,serenoa repens,0,1,HU,,2,,geen_nl_meldingen,
G04CX03,Mepartricin,0,1,LT,,1,,geen_nl_meldingen,
H01AA02,"TETRACOSACTIDE, (TETRACOSACTRIN)",0,1,GR,,3,,geen_nl_meldingen,
H01AB01,Thyrotropinum alfa INN,0,1,IS,,1,,geen_nl_meldingen,
H01AC07,SOMAPACITAN,0,1,SA,,1,,geen_nl_meldingen,
H01AX01,pegvisomant,0,1,EE,,1,,geen_nl_meldingen,
H01BA04,Terlipressinum INN  acetat,0,1,IS,,3,,geen_nl_meldingen,
H01BB03,,0,1,CA,,1,,geen_nl_meldingen,
H01CA01,GONADORELIN ACETAT,0,1,AT,,1,AT=1,geen_nl_meldingen,
H01CB01,Somatostatin,0,1,BE,,2,BE=1 · DE=1,geen_nl_meldingen,
H01CB03,LANREOTID ACETAT,0,1,AT,,3,DE=1 · AT=1,geen_nl_meldingen,
H01CB05,Pasireotidum INN pamoat,0,1,IS,,2,,geen_nl_meldingen,
H01CC02,cetrorelix,0,1,HU,,3,,geen_nl_meldingen,
H01CC54,,0,1,SI,,2,,geen_nl_meldingen,
H02AA02,Fludrocortisone,0,1,LT,,1,,geen_nl_meldingen,
H02AB10,,0,1,CA,,1,,geen_nl_meldingen,
H03AA02,,0,1,CA,,2,DE=1,geen_nl_meldingen,
H03BA02,PROPYLTHIOURACIL,0,1,AT,,5,AT=1,geen_nl_meldingen,
H04AA01,Glucagon,0,1,BE,,4,BE=1,geen_nl_meldingen,
H05AA03,"RECOMBINANT, HUMAN, PARATHYROID, HORMONE",0,1,GR,,3,,geen_nl_meldingen,
H05BA01,calcitonin (salmon),0,1,HU,,2,,geen_nl_meldingen,
J01AA01,demetilklortetrasiklin hcl,0,1,TR,,1,,geen_nl_meldingen,
J01AA04,lymecycline,0,1,HU,,1,,geen_nl_meldingen,
J01AA07,tetrasiklin hcl,0,1,TR,,1,,geen_nl_meldingen,
J01AA13,Eravacycline,0,1,BE,,1,BE=1,geen_nl_meldingen,
J01BA01,kloramfenikol l,0,1,TR,,1,,geen_nl_meldingen,
J01CA17,Temocillin,0,1,BE,,1,BE=1,geen_nl_meldingen,
J01CE08,Benzylpenicillin Benzathine,0,1,BE,,3,BE=1 · DE=1,geen_nl_meldingen,
J01CF01,Dicloxacillin sodium,0,1,IS,,1,,geen_nl_meldingen,
J01DB05,Cefadroxil,0,1,LT,,2,,geen_nl_meldingen,
J01DC01,CEFOXITIN,0,1,GR,,1,,geen_nl_meldingen,
J01DC10,"CEFPROZIL, MONOHYDRATE",0,1,GR,,4,,geen_nl_meldingen,
J01DD07,seftizoksim sodyum,0,1,TR,,1,,geen_nl_meldingen,
J01DD62,"sefoperazon sodyum, sulbaktam sodyum",0,1,TR,,1,,geen_nl_meldingen,
J01FA02,spiramisin,0,1,TR,,1,,geen_nl_meldingen,
J01FA07,jozamisin,0,1,TR,,1,,geen_nl_meldingen,
J01XA02,Teicoplanin,0,1,DE,,2,DE=1,geen_nl_meldingen,
J01XA05,,0,1,FI,,1,,geen_nl_meldingen,
J01XD01,METRONIDAZOL,0,1,AT,,3,BE=1 · AT=1,geen_nl_meldingen,
J01XD03,Ornidazole,0,1,BE,,1,BE=1,geen_nl_meldingen,
J01XX01,Fosfomycin-Natrium (Ph.Eur.),0,1,DE,,3,DE=1,geen_nl_meldingen,
J01XX05,Methenaminum INN hippúrat,0,1,IS,,1,,geen_nl_meldingen,
J01XX11,tedizolid phosphate,0,1,HU,,1,,geen_nl_meldingen,
J02AC05,,0,1,FI,,1,,geen_nl_meldingen,
J02AX01,FLUCYTOSINE,0,1,GR,,1,,geen_nl_meldingen,
J02AX06,ANIDULAFUNGIN,0,1,AT,,7,AT=1,geen_nl_meldingen,
J04AB05,RIFAPENTINE,0,1,US,,1,,geen_nl_meldingen,
J04AC01,,0,1,CA,,4,DE=1,geen_nl_meldingen,
J04AD03,ETHIONAMIDE,0,1,GR,,1,,geen_nl_meldingen,
J04AK01,,0,1,CA,,1,,geen_nl_meldingen,
J04AK02,Ethambutoldihydrochlorid,0,1,DE,,1,DE=1,geen_nl_meldingen,
J04AM02,isoniazid;rifampicin,0,1,HU,,2,,geen_nl_meldingen,
J04AM06,,0,1,CH,,1,,geen_nl_meldingen,
J05AB06,ganciclovir,0,1,HU,,1,,geen_nl_meldingen,
J05AD01,naatriumfoskarnet,0,1,EE,,4,,geen_nl_meldingen,
J05AF01,Zidovudin,0,1,DE,,1,DE=1,geen_nl_meldingen,
J05AF06,,0,1,CA,,2,,geen_nl_meldingen,
J05AF08,adefovir dipivoksil,0,1,TR,,1,,geen_nl_meldingen,
J05AF13,Tenofovirum alafenamidum INN fúmarat,0,1,IS,,1,,geen_nl_meldingen,
J05AG04,Etravirinum INN,0,1,IS,,1,,geen_nl_meldingen,
J05AG05,Rilpivirinum INN hýdróklóríð,0,1,IS,,1,,geen_nl_meldingen,
J05AH01,ZANAMIVIR,0,1,SA,,2,,geen_nl_meldingen,
J05AJ01,Raltegravirum INN kalíum,0,1,IS,,2,,geen_nl_meldingen,
J05AJ03,Dolutegravir,0,1,BE,,3,BE=1,geen_nl_meldingen,
J05AP09,dasabuviir,0,1,EE,,1,,geen_nl_meldingen,
J05AP53,ombitasviir +paritapreviir +ritonaviir,0,1,EE,,1,,geen_nl_meldingen,
J05AP54,"ELBASVIR, GRAZOPREVIR ANHYDROUS",0,1,US,,1,,geen_nl_meldingen,
J05AP55,SOFOSBUVIR,0,1,SA,,1,,geen_nl_meldingen,
J05AR01,lamivudine;zidovudine,0,1,HU,,2,,geen_nl_meldingen,
J05AR02,lamivudiin +abakaviir,0,1,EE,,2,,geen_nl_meldingen,
J05AR10,lopinavir;ritonavir,0,1,HU,,2,,geen_nl_meldingen,
J05AR13,"Dolutegravirum INN, Abacavirum INN súlfat, Lamivudinum INN",0,1,IS,,1,,geen_nl_meldingen,
J05AR14,"Darunavirum INN ethanólat, Cobicistatum INN",0,1,IS,,1,,geen_nl_meldingen,
J05AR18,,0,1,FI,,2,,geen_nl_meldingen,
J05AR19,"Emtricitabine, Rilpivirine , Tenofovir Alafenamide",0,1,BE,,2,BE=1,geen_nl_meldingen,
J05AR20,"Emtricitabine, Tenofovir Alafenamide , Bictegravir",0,1,BE,,1,BE=1,geen_nl_meldingen,
J05AR22,Blanda,0,1,IS,,1,,geen_nl_meldingen,
J05AR25,"Dolutegravirum INN, Lamivudinum INN",0,1,IS,,1,,geen_nl_meldingen,
J05AX09,,0,1,US,,1,,geen_nl_meldingen,
J05AX18,LETERMOVIR,0,1,AT,,2,AT=1,geen_nl_meldingen,
J05AX27,favipiravir,0,1,TR,,1,,geen_nl_meldingen,
J05AX68,elbasvir;grazoprevir,0,1,HU,,1,,geen_nl_meldingen,
J06AA03,CRUDE PLASMA OF COBRA ANTIVENIN,0,1,MY,,1,,geen_nl_meldingen,
J06BB01,immunoglobulinum humanum anti-D (Rh),0,1,SI,,1,,geen_nl_meldingen,
J06BB02,immunglobulin,0,1,HU,,1,,geen_nl_meldingen,
J06BB04,Human Hepatitis B Immunoglobulin,0,1,BE,,4,BE=1,geen_nl_meldingen,
J06BB09,Cytomegalovirus immunoglobulin,0,1,LT,,1,,geen_nl_meldingen,
J06BD01,PALIVIZUMAB,0,1,US,,1,,geen_nl_meldingen,
J06BD03,tiksagevimab +tsilgavimab,0,1,EE,,1,,geen_nl_meldingen,
J06BD05,,0,1,CA,,1,,geen_nl_meldingen,
J06BD08,Nirsevimabum INN,0,1,IS,,2,PT=1,geen_nl_meldingen,
J07AE01,,0,1,CH,,1,,geen_nl_meldingen,
J07AH08,"NEISSERIA, MENINGITIDIS Y",0,1,GR,,2,,geen_nl_meldingen,
J07AJ52,"Pertussis Toxoid Adsorbed (PT) , Diphtheria Toxoid Adsorbed (DT) , Bordetella Pertussis Fimbriae Type 2 and 3 Adsorbed (FIM) , Bordetella Pertussis Pertactin Adsorbed (PRN) , Bordetella Pertussis Filamentous Haemagglutinin Adsorbed (FHA) , Tetanus Toxoid Adsorbed",0,1,BE,,4,BE=1,geen_nl_meldingen,
J07AJ80,"läkaköha tekitaja, puhastatud antigeen +difteeria toksoid +teetanuse toksoid",0,1,EE,,1,,geen_nl_meldingen,
J07AL01,baktérium liofilizátum,0,1,HU,,2,,geen_nl_meldingen,
J07AL02,vakcina (bakteriális),0,1,HU,,2,,geen_nl_meldingen,
J07AL52,vaccinum pneumococcale antigenis polysaccharidicus purificat ificatis cum vaccinam influenzae coniugatum,0,1,SI,,1,,geen_nl_meldingen,
J07AM51,"pürifiye tetanoz toksoidi, pürifiye difteri toksoidi",0,1,TR,,1,,geen_nl_meldingen,
J07AN01,"Tuberculosis, live attenuated",0,1,LT,,1,,geen_nl_meldingen,
J07AP03,Salmonella Typhi VI antigen,0,1,IS,,2,,geen_nl_meldingen,
J07BA02,,0,1,CH,,1,,geen_nl_meldingen,
J07BB03,"gripiviirus, elus, nõrgestatud",0,1,EE,,2,,geen_nl_meldingen,
J07BC02,HEPATITIS-A-VIRUS,0,1,AT,,3,AT=1,geen_nl_meldingen,
J07BC20,,0,1,FI,,4,,geen_nl_meldingen,
J07BD52,vakcina (virális),0,1,HU,,3,,geen_nl_meldingen,
J07BF03,"Poliomyelitis Vaccines, inactivated, type 1;Poliomyelitis Vaccines, inactivated, type 2;Poliomyelitis Vaccines, inactivated, type 3",0,1,HU,,1,,geen_nl_meldingen,
J07BG01,"Rabies, inactivated, whole virus",0,1,LT,,1,,geen_nl_meldingen,
J07BH01,vakcina (virális),0,1,HU,,1,,geen_nl_meldingen,
J07BK01,Varicella-Zoster Virus,0,1,IS,,2,,geen_nl_meldingen,
J07BK02,"vöötohatise viirus, elus, nõrgestatud",0,1,EE,,1,,geen_nl_meldingen,
J07BK03,"VARICELLA ZOSTERVIRUS (AUSZUG, PRODUKTE)",0,1,AT,,2,AT=1,geen_nl_meldingen,
J07BM02,vakcina (virális),0,1,HU,,2,,geen_nl_meldingen,
J07CA06,vakcina (kombinált),0,1,HU,,1,,geen_nl_meldingen,
J07CA09,"difteeria toksoid +poliomüeliidi koguviirus, trivalentne, inaktiveeritud +läkaköha tekitaja, puhastatud antigeen +Haemophilus influenzae B, konjugeeritud, puhastatud antigeen +hepatiit B viirus, puhastatud antigeen +teetanuse toksoid",0,1,EE,,3,,geen_nl_meldingen,
L01AA05,,0,1,FI,,1,,geen_nl_meldingen,
L01AA06,IFOSFAMID,0,1,AT,,8,BE=1 · DE=1 · AT=1,geen_nl_meldingen,
L01AD01,Carmustin,0,1,DE,,5,DE=1,geen_nl_meldingen,
L01AD02,,0,1,SK,,1,,geen_nl_meldingen,
L01AX04,Dacarbazincitrat,0,1,DE,,3,DE=1,geen_nl_meldingen,
L01BA01,methotrexate,0,1,HU,,4,,geen_nl_meldingen,
L01BB02,,0,1,CA,,4,DE=1,geen_nl_meldingen,
L01BB06,klofarabiin,0,1,EE,,2,,geen_nl_meldingen,
L01BB07,Nelarabine,0,1,LT,,3,,geen_nl_meldingen,
L01BC08,DECITABINE,0,1,SA,,2,,geen_nl_meldingen,
L01BC59,"TIPIRACIL HYDROCHLORID, TRIFLURIDIN",0,1,AT,,2,AT=1,geen_nl_meldingen,
L01CA03,Vindesinsulfat,0,1,DE,,2,DE=1,geen_nl_meldingen,
L01CA05,"Vinfluninbis[(R,R)-tartrat]",0,1,DE,,2,DE=1,geen_nl_meldingen,
L01CX01,Trabectedin,0,1,HU,,4,,geen_nl_meldingen,
L01DB02,DAUNORUBICIN HYDROCHLORID,0,1,AT,,3,AT=1,geen_nl_meldingen,
L01EA04,,0,1,FI,,4,,geen_nl_meldingen,
L01EA06,Asciminibum INN,0,1,IS,,2,,geen_nl_meldingen,
L01EB03,AFATINIB,0,1,SA,,1,,geen_nl_meldingen,
L01EB04,Osimertinibum INN mesylat,0,1,IS,,1,,geen_nl_meldingen,
L01EC01,vemurafenib,0,1,LT,,1,,geen_nl_meldingen,
L01EC02,Dabrafenibum INN,0,1,IS,,1,,geen_nl_meldingen,
L01EC03,Encorafenibum INN,0,1,IS,,1,,geen_nl_meldingen,
L01ED01,krisotiniib,0,1,EE,,1,,geen_nl_meldingen,
L01ED02,CERITINIBUM,0,1,RO,,1,,geen_nl_meldingen,
L01EE01,Trametinibum INN,0,1,IS,,1,,geen_nl_meldingen,
L01EE03,Binimetinibum INN,0,1,IS,,2,,geen_nl_meldingen,
L01EF01,palbotsikliib,0,1,EE,,2,,geen_nl_meldingen,
L01EF02,Ribociclibum INN,0,1,IS,,2,,geen_nl_meldingen,
L01EG01,temsiroliimus,0,1,EE,,1,,geen_nl_meldingen,
L01EH01,Lapatinibum INN tósýlat,0,1,IS,,2,,geen_nl_meldingen,
L01EH03,TUCATINIB,0,1,SA,,1,,geen_nl_meldingen,
L01EJ01,Ruxolitinibum INN fosfat,0,1,IS,,1,,geen_nl_meldingen,
L01EJ04,Momelotinib,0,1,BE,,1,BE=1,geen_nl_meldingen,
L01EK04,Fruquintinib,0,1,BE,,1,BE=1,geen_nl_meldingen,
L01EL02,acalabrutinib,0,1,HU,,2,,geen_nl_meldingen,
L01EM03,Alpelisibum INN,0,1,IS,,1,,geen_nl_meldingen,
L01EN01,ERDAFITINIB,0,1,SA,,1,,geen_nl_meldingen,
L01EX04,VANDETANIB,0,1,SA,,1,,geen_nl_meldingen,
L01EX08,Lenvatinibum INN mesýlat,0,1,IS,,3,,geen_nl_meldingen,
L01EX10,Midostaurinum INN,0,1,IS,,1,,geen_nl_meldingen,
L01EX13,GILTERITINIB,0,1,SA,,1,,geen_nl_meldingen,
L01EX22,SELPERCATINIB,0,1,SA,,1,,geen_nl_meldingen,
L01FA01,Rituximab,0,1,BE,,1,BE=1,geen_nl_meldingen,
L01FC01,DARATUMUMAB,0,1,SA,,1,,geen_nl_meldingen,
L01FD03,,0,1,FI,,1,,geen_nl_meldingen,
L01FE02,Panitumumabum INN,0,1,IS,,1,,geen_nl_meldingen,
L01FF01,Nivolumab,0,1,BE,,1,BE=1,geen_nl_meldingen,
L01FF02,pembrolizumab,0,1,EE,,1,,geen_nl_meldingen,
L01FF03,durvalumab,0,1,EE,,1,,geen_nl_meldingen,
L01FF05,Atezolizumabum INN,0,1,IS,,1,,geen_nl_meldingen,
L01FG02,RAMUCIRUMAB,0,1,SA,,1,,geen_nl_meldingen,
L01FX05,,0,1,FI,,2,,geen_nl_meldingen,
L01FX07,Blinatumomabum INN,0,1,IS,,1,,geen_nl_meldingen,
L01FX14,Polatuzumabum vedotinum INN,0,1,IS,,1,,geen_nl_meldingen,
L01FX24,Teclistamabum INN,0,1,IS,,1,,geen_nl_meldingen,
L01FY01,"Trastuzumabum INN, Pertuzumabum INN",0,1,IS,,1,,geen_nl_meldingen,
L01XC02,rituximab,0,1,HU,,1,,geen_nl_meldingen,
L01XD03,Methyl Aminolevulinate,0,1,BE,,2,BE=1,geen_nl_meldingen,
L01XD04,Aminolevulinic Acid,0,1,BE,,1,BE=1,geen_nl_meldingen,
L01XE03,erlotinib,0,1,HU,,1,,geen_nl_meldingen,
L01XE04,sunitinib,0,1,HU,,1,,geen_nl_meldingen,
L01XE10,Everolimus,0,1,HU,,1,,geen_nl_meldingen,
L01XE27,Ibrutinib,0,1,HU,,1,,geen_nl_meldingen,
L01XE28,ceritinib,0,1,HU,,1,,geen_nl_meldingen,
L01XE43,BRIGATINIB,0,1,GR,,1,,geen_nl_meldingen,
L01XE47,dacomitinib,0,1,HU,,1,,geen_nl_meldingen,
L01XF02,ALITRETINOIN,0,1,GR,,1,,geen_nl_meldingen,
L01XF03,,0,1,FI,,2,,geen_nl_meldingen,
L01XG03,IXAZOMIB CITRATE,0,1,SA,,1,,geen_nl_meldingen,
L01XH03,,0,1,SI,,1,,geen_nl_meldingen,
L01XK01,olapariib,0,1,EE,,2,,geen_nl_meldingen,
L01XX01,,0,1,CA,,1,,geen_nl_meldingen,
L01XX02,Crisantaspase,0,1,DE,,3,DE=1,geen_nl_meldingen,
L01XX19,Irinotecan,0,1,LT,,3,,geen_nl_meldingen,
L01XX24,Pegaspargasum INN,0,1,IS,,1,,geen_nl_meldingen,
L01XX32,Bortezomibmannitol,0,1,DE,,2,DE=1,geen_nl_meldingen,
L01XX52,Venetoclaxum INN,0,1,IS,,2,,geen_nl_meldingen,
L01XX63,glasdegib,0,1,HU,,1,,geen_nl_meldingen,
L02AE02,,0,1,FI,,6,,geen_nl_meldingen,
L02AE03,,0,1,FI,,2,,geen_nl_meldingen,
L02BB02,NILUTAMIDE,0,1,US,,1,,geen_nl_meldingen,
L02BB05,Apalutamidum INN,0,1,IS,,1,,geen_nl_meldingen,
L03AB01,interferon alfa,0,1,HU,,1,,geen_nl_meldingen,
L03AB07,Interferonum beta-1a INN,0,1,IS,,2,,geen_nl_meldingen,
L03AB10,alfa-2b-peginterferoon,0,1,EE,,1,,geen_nl_meldingen,
L03AB11,alfa-2a-peginterferoon,0,1,EE,,4,,geen_nl_meldingen,
L03AB15,Ropeginterferonum alfa-2b INN,0,1,IS,,1,,geen_nl_meldingen,
L03AX03,Mycobacterium Tuberculosi (= Bcg) (= Bacillus Calmette-Guerin),0,1,BE,,5,BE=1 · DE=1,geen_nl_meldingen,
L04AA03,,0,1,FI,,1,,geen_nl_meldingen,
L04AA10,sirolimus,0,1,TR,,1,,geen_nl_meldingen,
L04AA27,fingolimod,0,1,HU,,1,,geen_nl_meldingen,
L04AA29,TOFACITINIB,0,1,GR,,1,,geen_nl_meldingen,
L04AA34,alemtuzumab,0,1,HU,,1,,geen_nl_meldingen,
L04AB06,Golimumab,0,1,BE,,3,BE=1,geen_nl_meldingen,
L04AC02,Basiliximabum INN,0,1,IS,,2,,geen_nl_meldingen,
L04AC08,canakinumab,0,1,HU,,3,,geen_nl_meldingen,
L04AC10,SECUKINUMAB,0,1,AT,,5,AT=1,geen_nl_meldingen,
L04AC16,guselkumab,0,1,EE,,1,,geen_nl_meldingen,
L04AC21,BIMEKIZUMAB,0,1,SA,,1,,geen_nl_meldingen,
L04AC22,Spesolimab,0,1,TR,,1,,geen_nl_meldingen,
L04AC24,MIRIKIZUMAB,0,1,US,,1,,geen_nl_meldingen,
L04AD05,tacrolimus,0,1,HU,,1,,geen_nl_meldingen,
L04AE02,Ozanimodum INN,0,1,IS,,1,,geen_nl_meldingen,
L04AE03,siponimood,0,1,EE,,2,,geen_nl_meldingen,
L04AF02,Baricitinibum INN,0,1,IS,,1,,geen_nl_meldingen,
L04AF07,Deucravacitinibum INN,0,1,IS,,1,,geen_nl_meldingen,
L04AG03,Natalizumab,0,1,LT,,3,,geen_nl_meldingen,
L04AG04,Belimumabum INN,0,1,IS,,1,,geen_nl_meldingen,
L04AG06,Alemtuzumab,0,1,PT,,2,PT=1,geen_nl_meldingen,
L04AG08,Ocrelizumabum INN,0,1,IS,,1,,geen_nl_meldingen,
L04AG12,Ofatumumab,0,1,BE,,2,BE=1,geen_nl_meldingen,
L04AH02,Everolimusum INN,0,1,IS,,1,,geen_nl_meldingen,
L04AJ01,ECULIZUMAB,0,1,SA,,1,,geen_nl_meldingen,
L04AJ02,Ravulizumabum INN,0,1,IS,,1,,geen_nl_meldingen,
L04AJ05,Avacopanum INN,0,1,IS,,1,,geen_nl_meldingen,
M01AB08,,0,1,CH,,1,,geen_nl_meldingen,
M01AB82,diklofenak +omeprasool,0,1,EE,,1,,geen_nl_meldingen,
M01AC02,Tenoxicam,0,1,BE,,3,BE=1,geen_nl_meldingen,
M01AE09,,0,1,CH,,1,,geen_nl_meldingen,
M01AE14,dexibuprofen,0,1,HU,,1,,geen_nl_meldingen,
M01AE51,ibuprofen;caffeine,0,1,HU,,2,,geen_nl_meldingen,
M01AH02,rofekoksib,0,1,TR,,1,,geen_nl_meldingen,
M01AH04,,0,1,FI,,3,,geen_nl_meldingen,
M01AX01,,0,1,CA,,2,,geen_nl_meldingen,
M01AX02,niflumic acid,0,1,HU,,1,,geen_nl_meldingen,
M01AX26,"Avocado and soyabean oil, unsaponifiables",0,1,LT,,1,,geen_nl_meldingen,
M02AA06,Etofenamate,0,1,LT,,1,,geen_nl_meldingen,
M02AA07,anhidröz piroksikam,0,1,TR,,1,,geen_nl_meldingen,
M02AA23,Indometacin,0,1,BE,,1,BE=1,geen_nl_meldingen,
M02AA26,nimesulid/tiyokolşikosid,0,1,TR,,1,,geen_nl_meldingen,
M02AA27,deksketoprofen trometamol/tiyokolşikosid,0,1,TR,,1,,geen_nl_meldingen,
M02AC19,diethylamin salicylate,0,1,HU,,1,,geen_nl_meldingen,
M02AX10,Various,0,1,LT,,1,,geen_nl_meldingen,
M02AX94,rosmariiniõli,0,1,EE,,1,,geen_nl_meldingen,
M03AB01,,0,1,CH,,4,,geen_nl_meldingen,
M03AC01,PANCURONIUM BROMIDE,0,1,GR,,1,,geen_nl_meldingen,
M03AC06,pipekurooniumbromiid,0,1,EE,,2,,geen_nl_meldingen,
M03BB03,chlorzoxazone,0,1,HU,,1,,geen_nl_meldingen,
M03BC51,"Orphenadrinum INN cítrat, Paracetamolum INN",0,1,IS,,1,,geen_nl_meldingen,
M05BA02,disodyum klodranat,0,1,TR,,1,,geen_nl_meldingen,
M05BA03,Dinatriumpamidronat,0,1,DE,,3,DE=1,geen_nl_meldingen,
M05BB07,risedronic acid;cholecalciferol,0,1,HU,,1,,geen_nl_meldingen,
M05BX03,strontsiumranelaat,0,1,EE,,1,,geen_nl_meldingen,
M09AB02,CLOSTRIDIUM BOTULINUM NEUROTOXIN A,0,1,SA,,1,,geen_nl_meldingen,
M09AX01,NATRIUMHYALURONAT,0,1,AT,,4,AT=1,geen_nl_meldingen,
M09AX03,ATALUREN,0,1,SA,,1,,geen_nl_meldingen,
M09AX10,Risdiplamum INN,0,1,IS,,1,,geen_nl_meldingen,
N01AB06,isofluraan,0,1,EE,,2,,geen_nl_meldingen,
N01AB07,Desflurane,0,1,LT,,1,,geen_nl_meldingen,
N01AH01,FENTANYLCITRAT,0,1,AT,,4,AT=1,geen_nl_meldingen,
N01AH02,ALFENTANIL HYDROCHLORID,0,1,AT,,3,AT=1,geen_nl_meldingen,
N01AX14,Esketamine,0,1,BE,,4,BE=1,geen_nl_meldingen,
N01BA02,Procaine Hydrochloride,0,1,BE,,3,BE=1 · DE=1,geen_nl_meldingen,
N01BA03,,0,1,CA,,1,,geen_nl_meldingen,
N01BA04,,0,1,FI,,2,,geen_nl_meldingen,
N01BB10,Levobupivacaine,0,1,BE,,4,BE=1,geen_nl_meldingen,
N01BB20,prilocaine;lidocaine,0,1,HU,,1,,geen_nl_meldingen,
N01BB51,"Bupivacainum INN hýdróklóríð, Adrenalinum bítartrat (Epinephrinum INN bítartrat)",0,1,IS,,1,,geen_nl_meldingen,
N01BB54,"Prilocainum INN hýdróklóríð, Felypressinum INN",0,1,IS,,1,,geen_nl_meldingen,
N01BB80,artikaiin +epinefriin (adrenaliin),0,1,EE,,1,,geen_nl_meldingen,
N01BB81,bupivakaiin +epinefriin (adrenaliin),0,1,EE,,1,,geen_nl_meldingen,
N01BB86,lidokaiin +kloorheksidiin,0,1,EE,,1,,geen_nl_meldingen,
N02AA08,dihüdrokodeiin,0,1,EE,,2,,geen_nl_meldingen,
N02AC03,PIRITRAMID,0,1,AT,,2,BE=1 · AT=1,geen_nl_meldingen,
N02AF02,Nalbuphine,0,1,SA,,1,,geen_nl_meldingen,
N02AJ06,"Paracetamolum INN, Codeine phosphate hemihydrate",0,1,IS,,2,,geen_nl_meldingen,
N02BA11,,0,1,CA,,1,,geen_nl_meldingen,
N02BA51,acetylsalicylic acid;ascorbic acid,0,1,HU,,4,,geen_nl_meldingen,
N02BA71,"Acetylsalicylic acid, comb. with psycholeptics",0,1,LT,,1,,geen_nl_meldingen,
N02BE71,"parasetamol, fenobarbital",0,1,TR,,1,,geen_nl_meldingen,
N02BE84,paratsetamool +fenüülefriin +askorbiinhape,0,1,EE,,1,,geen_nl_meldingen,
N02BE92,paratsetamool +kodeiin,0,1,EE,,1,,geen_nl_meldingen,
N02BE94,paratsetamool +kodeiin +kofeiin,0,1,EE,,1,,geen_nl_meldingen,
N02BE96,paratsetamool +askorbiinhape +kofeiin +kloorfenamiin,0,1,EE,,1,,geen_nl_meldingen,
N02BG06,Nefopam hydrochloride,0,1,IE,,1,,geen_nl_meldingen,
N02CA52,,0,1,CA,,1,,geen_nl_meldingen,
N02CC08,LASMIDITAN,0,1,SA,,3,,geen_nl_meldingen,
N02CD07,Atogepantum INN mónóhýdrat,0,1,IS,,1,,geen_nl_meldingen,
N02CX01,pizotifen,0,1,TR,,1,,geen_nl_meldingen,
N03AB05,Fosphenytoinum INN dínatríum,0,1,IS,,2,,geen_nl_meldingen,
N03AF03,Rufinamidum INN,0,1,IS,,2,,geen_nl_meldingen,
N03AF04,,0,1,FI,,1,,geen_nl_meldingen,
N03AG04,vigabatriin,0,1,EE,,3,,geen_nl_meldingen,
N03AX12,Gabapentin,0,1,BE,,2,BE=1 · DE=1,geen_nl_meldingen,
N03AX17,,0,1,FI,,2,,geen_nl_meldingen,
N03AX22,,0,1,CA,,3,,geen_nl_meldingen,
N03AX25,,0,1,CH,,2,,geen_nl_meldingen,
N04AA02,Biperidenhydrochlorid,0,1,DE,,1,DE=1,geen_nl_meldingen,
N04BA07,"Foslevodopum INN, Foscarbidopum INN",0,1,IS,,2,,geen_nl_meldingen,
N04BA81,levodopa +karbidopa,0,1,EE,,1,,geen_nl_meldingen,
N04BB01,,0,1,CA,,2,,geen_nl_meldingen,
N04BC06,kabergolin,0,1,TR,,1,,geen_nl_meldingen,
N04BD03,Safinamide,0,1,LT,,1,,geen_nl_meldingen,
N04BX01,tolcaponum,0,1,SI,,1,,geen_nl_meldingen,
N04BX04,,0,1,FI,,1,,geen_nl_meldingen,
N05AA01,,0,1,CA,,1,,geen_nl_meldingen,
N05AA02,Levomepromazinhydrochlorid,0,1,DE,,2,DE=1,geen_nl_meldingen,
N05AA03,promazinum,0,1,SI,,1,,geen_nl_meldingen,
N05AB02,Fluphenazindecanoat,0,1,DE,,1,DE=1,geen_nl_meldingen,
N05AB03,,0,1,CA,,1,,geen_nl_meldingen,
N05AB06,Trifluoperazine Hydrochloride,0,1,MY,,1,,geen_nl_meldingen,
N05AD03,MELPERON HYDROCHLORID,0,1,AT,,2,DE=1 · AT=1,geen_nl_meldingen,
N05AD07,Benperidol,0,1,DE,,1,DE=1,geen_nl_meldingen,
N05AD08,,0,1,FI,,1,,geen_nl_meldingen,
N05AE03,SERTINDOL,0,1,RO,,1,,geen_nl_meldingen,
N05AF01,Flupentixoldecanoat,0,1,DE,,1,DE=1,geen_nl_meldingen,
N05AF03,Chlorprothixene,0,1,LT,,2,,geen_nl_meldingen,
N05AF05,"ZUCLOPENTHIXO, L, DIHYDROCHLORI, DE",0,1,GR,,5,,geen_nl_meldingen,
N05AG02,pimozid,0,1,TR,,1,,geen_nl_meldingen,
N05AX15,,0,1,FI,,2,,geen_nl_meldingen,
N05BA02,,0,1,CA,,3,,geen_nl_meldingen,
N05BA05,,0,1,CH,,2,,geen_nl_meldingen,
N05BA10,,0,1,CH,,1,,geen_nl_meldingen,
N05BX05,Lavandulae aetheroleum,0,1,LT,,1,,geen_nl_meldingen,
N05CD02,,0,1,CA,,3,,geen_nl_meldingen,
N05CD09,brotizolam,0,1,HU,,1,,geen_nl_meldingen,
N05CD14,,0,1,FI,,1,,geen_nl_meldingen,
N05CM02,Clomethiazolum INN edisýlat,0,1,IS,,1,,geen_nl_meldingen,
N05CM09,,0,1,CH,,1,,geen_nl_meldingen,
N06AA04,,0,1,CA,,4,,geen_nl_meldingen,
N06AA10,,0,1,CA,,3,,geen_nl_meldingen,
N06AF04,TRANYLCYPROMINE SULFATE,0,1,US,,1,,geen_nl_meldingen,
N06AG02,,0,1,CA,,1,,geen_nl_meldingen,
N06AX18,REBOXETIN MESILAT,0,1,AT,,1,AT=1,geen_nl_meldingen,
N06BA02,,0,1,FI,,2,,geen_nl_meldingen,
N06BA11,,0,1,CH,,1,,geen_nl_meldingen,
N06BC01,Caffeine,0,1,BE,,2,BE=1,geen_nl_meldingen,
N07AA03,Distigminbromid,0,1,DE,,2,DE=1,geen_nl_meldingen,
N07AA51,,0,1,FI,,1,,geen_nl_meldingen,
N07AX01,"PILOCARPINE, HYDROCHLORID, E",0,1,GR,,1,,geen_nl_meldingen,
N07BA04,cytisinicline,0,1,LT,,1,,geen_nl_meldingen,
N07BB01,disulfiram,0,1,HU,,2,,geen_nl_meldingen,
N07BB03,,0,1,SK,,1,,geen_nl_meldingen,
N07BC01,,0,1,CH,,5,DE=1,geen_nl_meldingen,
N07CA02,tsinnarisiin,0,1,EE,,3,,geen_nl_meldingen,
N07CA03,,0,1,CA,,1,,geen_nl_meldingen,
N07XX04,,0,1,SK,,2,,geen_nl_meldingen,
N07XX08,TAFAMIDIS MEGLUMINE,0,1,US,,1,,geen_nl_meldingen,
N07XX18,Vutrisiran,0,1,SA,,1,,geen_nl_meldingen,
P01AB03,ornidazol,0,1,TR,,1,,geen_nl_meldingen,
P01BA01,,0,1,CA,,3,,geen_nl_meldingen,
P01BA02,hüdroksüklorokviin,0,1,EE,,4,,geen_nl_meldingen,
P01BA03,,0,1,CA,,2,,geen_nl_meldingen,
P01BB51,,0,1,CA,,4,,geen_nl_meldingen,
P01BC02,MEFLOQUIN HYDROCHLORID,0,1,AT,,4,AT=1,geen_nl_meldingen,
P01CB01,Meglumine antimonate,0,1,LT,,1,,geen_nl_meldingen,
P02BA01,PRAZIQUANTEL,0,1,SA,,1,,geen_nl_meldingen,
P02CA03,ALBENDAZOL,0,1,AT,,3,AT=1,geen_nl_meldingen,
P02CC01,Pyrantel,0,1,LT,,2,,geen_nl_meldingen,
P02CE01,levamisole,0,1,HU,,1,,geen_nl_meldingen,
P02DA01,niklosamid,0,1,TR,,1,,geen_nl_meldingen,
P03AA54,"Disulfiramum INN, Benzylis benzoas",0,1,IS,,1,,geen_nl_meldingen,
P03AX01,Benzyl benzoate,0,1,IE,,1,,geen_nl_meldingen,
R01AB06,Xylometazoline Hydrochloride;ipratropium bromide,0,1,HU,,2,,geen_nl_meldingen,
R01AC02,Levocabastinum INN hýdróklóríð,0,1,IS,,1,,geen_nl_meldingen,
R01AC03,Azelastine Hydrochloride,0,1,BE,,4,BE=1,geen_nl_meldingen,
R01AD05,budesoniid,0,1,EE,,2,,geen_nl_meldingen,
R01AD08,Fluticasone,0,1,LT,,1,,geen_nl_meldingen,
R01AX10,"sodyum klorür, benzalkonyum klorür",0,1,TR,,1,,geen_nl_meldingen,
R01BA81,pseudoefedriin +triprolidiin,0,1,EE,,1,,geen_nl_meldingen,
R01BA89,pseudoefedriin +loratadiin,0,1,EE,,1,,geen_nl_meldingen,
R02AA02,Dequalinium,0,1,LT,,1,,geen_nl_meldingen,
R02AA05,"Chlorhexidine Dihydrochloride, Lidocaine Hydrochloride",0,1,BE,,1,BE=1,geen_nl_meldingen,
R02AA06,cetylpyridinium,0,1,TR,,1,,geen_nl_meldingen,
R02AA21,Octenidine,0,1,LT,,1,,geen_nl_meldingen,
R03AC03,TERBUTALINE,0,1,SA,,1,,geen_nl_meldingen,
R03AC12,salmeterool,0,1,EE,,2,,geen_nl_meldingen,
R03AC19,Olodaterolum INN hýdróklóríð,0,1,IS,,1,,geen_nl_meldingen,
R03AK10,"Fluticasonum INN fúróat, Vilanterolum INN trífenatat",0,1,IS,,1,,geen_nl_meldingen,
R03AK11,"Fluticasonum INN própíónat, Formoterolum INN fúmarat",0,1,IS,,1,,geen_nl_meldingen,
R03AK13,salbutamool +beklometasoon,0,1,EE,,1,,geen_nl_meldingen,
R03AL01,fenoterol and ipratropium bromide,0,1,TR,,1,,geen_nl_meldingen,
R03AL03,,0,1,FI,,2,,geen_nl_meldingen,
R03AL04,indakaterol maleat/glikopironyum bromür,0,1,TR,,1,,geen_nl_meldingen,
R03AL06,"Tiotropii bromidum INN, Olodaterolum INN hýdróklóríð",0,1,IS,,1,,geen_nl_meldingen,
R03AL07,"glikopironyum bromür, formoterol fumarat",0,1,TR,,1,,geen_nl_meldingen,
R03AL09,"Formoterolum INN fúmarat, Glycopyrronii bromidum INN, Beclometasonum INN díprópíónat",0,1,IS,,1,,geen_nl_meldingen,
R03AL11,"Budesonidum INN, Formoterolum INN fúmarat, Glycopyrronii bromidum INN",0,1,IS,,1,,geen_nl_meldingen,
R03AL12,"Mometasonum INN fúróat, Indacaterolum INN acetat, Glycopyrronii bromidum INN",0,1,IS,,1,,geen_nl_meldingen,
R03BA08,,0,1,CA,,2,,geen_nl_meldingen,
R03BB01,,0,1,CA,,5,DE=1,geen_nl_meldingen,
R03BB04,Tiotropium bromide,0,1,IE,,3,,geen_nl_meldingen,
R03BB06,glikopironyum bromür,0,1,TR,,1,,geen_nl_meldingen,
R03CC03,TERBUTALINE SULPHATE,0,1,GR,,1,,geen_nl_meldingen,
R03DA04,,0,1,CA,,3,,geen_nl_meldingen,
R03DX05,omalizumab,0,1,HU,,4,,geen_nl_meldingen,
R03DX07,roflumilast,0,1,HU,,2,,geen_nl_meldingen,
R03DX08,reslizumab,0,1,HU,,1,,geen_nl_meldingen,
R03DX09,Mepolizumabum INN,0,1,IS,,1,,geen_nl_meldingen,
R03DX10,benralizumab,0,1,EE,,1,,geen_nl_meldingen,
R03DX11,Tezepelumabum INN,0,1,IS,,1,,geen_nl_meldingen,
R05CA03,Guaifenesin,0,1,BE,,2,BE=1,geen_nl_meldingen,
R05CB02,bromhexine,0,1,HU,,3,,geen_nl_meldingen,
R05CB13,Dornase alfa (desoxyribonuclease),0,1,LT,,1,,geen_nl_meldingen,
R05CB16,Mannitol (Ph.Eur.),0,1,DE,,2,DE=1,geen_nl_meldingen,
R05DA20,,0,1,CH,,1,,geen_nl_meldingen,
R05DB13,butamirate,0,1,HU,,1,,geen_nl_meldingen,
R05DB21,Cloperastine Hydrochloride,0,1,BE,,1,BE=1,geen_nl_meldingen,
R05DB27,,0,1,CH,,1,,geen_nl_meldingen,
R05FB02,,0,1,FI,,1,,geen_nl_meldingen,
R05XA80,emajuurejuur +nurmenukuõis +hapu oblikas +leedriõis +raudürdiürt,0,1,EE,,1,,geen_nl_meldingen,
R06AA02,,0,1,CH,,3,,geen_nl_meldingen,
R06AA10,other antiemetics,0,1,TR,,1,,geen_nl_meldingen,
R06AE03,,0,1,FI,,1,,geen_nl_meldingen,
R06AX22,Ebastine,0,1,LT,,1,,geen_nl_meldingen,
R07AA02,,0,1,FI,,2,,geen_nl_meldingen,
S01AA01,CHLORAMPHENICOL,0,1,AT,,3,AT=1,geen_nl_meldingen,
S01AA04,oxytetracycline,0,1,HU,,1,,geen_nl_meldingen,
S01AA11,Gentamicinsulfat,0,1,DE,,1,DE=1,geen_nl_meldingen,
S01AA26,Azithromycinum INN díhýdrat,0,1,IS,,1,,geen_nl_meldingen,
S01AA27,Cefuroximum INN natríum,0,1,IS,,1,,geen_nl_meldingen,
S01AD03,Aciclovirum INN,0,1,IS,,1,,geen_nl_meldingen,
S01AD09,,0,1,CA,,3,,geen_nl_meldingen,
S01AE03,Ciprofloxacin,0,1,LT,,2,,geen_nl_meldingen,
S01AE05,Levofloxacinum INN hemihýdrat,0,1,IS,,2,,geen_nl_meldingen,
S01AE07,Moxifloxacin,0,1,LT,,1,,geen_nl_meldingen,
S01AX04,nitrofurazon,0,1,TR,,1,,geen_nl_meldingen,
S01BA02,,0,1,CH,,1,,geen_nl_meldingen,
S01BA07,,0,1,CA,,2,DE=1,geen_nl_meldingen,
S01BA13,rimexolone,0,1,TR,,1,,geen_nl_meldingen,
S01BA14,loteprednool,0,1,EE,,2,,geen_nl_meldingen,
S01BC10,NEPAFENAC,0,1,GR,,3,,geen_nl_meldingen,
S01BC11,,0,1,CA,,4,,geen_nl_meldingen,
S01CA06,"1) Neomycin Sulphate 

2) Betamethasone Sodium Phosphate",0,1,MY,,1,,geen_nl_meldingen,
S01EB09,Acetylcholinchlorid,0,1,DE,,3,DE=1,geen_nl_meldingen,
S01EC54,"Brinzolamidum INN, Brimonidine tartrate",0,1,IS,,2,,geen_nl_meldingen,
S01ED01,TIMOLOLMALEAT,0,1,AT,,6,BE=1 · AT=1,geen_nl_meldingen,
S01ED02,Betaxololhydrochlorid,0,1,DE,,4,DE=1,geen_nl_meldingen,
S01ED05,,0,1,CH,,3,,geen_nl_meldingen,
S01ED80,timolool +dorsolamiid,0,1,EE,,1,,geen_nl_meldingen,
S01ED81,timolool +travoprost,0,1,EE,,1,,geen_nl_meldingen,
S01ED82,timolool +bimatoprost,0,1,EE,,1,,geen_nl_meldingen,
S01EE03,,0,1,FI,,5,,geen_nl_meldingen,
S01EE05,tafluprost,0,1,EE,,4,,geen_nl_meldingen,
S01EE51,,0,1,FI,,1,,geen_nl_meldingen,
S01FA05,"HOMATROPINE METHYLBROMIDE, HYDROCODONE BITARTRATE",0,1,US,,1,,geen_nl_meldingen,
S01FB01,Phenylephrinhydrochlorid,0,1,DE,,1,DE=1,geen_nl_meldingen,
S01GA01,Naphazolinum INN hýdróklóríð,0,1,IS,,1,,geen_nl_meldingen,
S01GA02,Tetryzoline,0,1,LT,,1,,geen_nl_meldingen,
S01GA05,Phenylephrine Hydrochloride,0,1,BE,,1,BE=1,geen_nl_meldingen,
S01GX01,kromoglütsiinhape,0,1,EE,,2,,geen_nl_meldingen,
S01GX05,lodoksamid trometamin,0,1,TR,,1,,geen_nl_meldingen,
S01GX07,Azelastine,0,1,LT,,1,,geen_nl_meldingen,
S01GX13,BILASTIN,0,1,AT,,3,AT=1,geen_nl_meldingen,
S01HA03,,0,1,CH,,1,,geen_nl_meldingen,
S01HA04,,0,1,CH,,5,DE=1,geen_nl_meldingen,
S01KA01,HYALURONIC ACID,0,1,SA,,1,,geen_nl_meldingen,
S01KA02,Hypromellose,0,1,LT,,1,,geen_nl_meldingen,
S01LA01,VERTEPORFIN,0,1,AT,,6,DE=1 · AT=1,geen_nl_meldingen,
S01LA04,ranibizumab,0,1,HR,,2,,geen_nl_meldingen,
S01LA06,Brolucizumab,0,1,SA,,1,,geen_nl_meldingen,
S01LA09,FARICIMABUM,0,1,RO,,1,,geen_nl_meldingen,
S01XA02,retinol,0,1,TR,,1,,geen_nl_meldingen,
S01XA03,"sodyum klorür, hypertonic",0,1,TR,,1,,geen_nl_meldingen,
S01XA18,,0,1,FI,,1,,geen_nl_meldingen,
S01XA21,Mercaptaminum INN bítartrat,0,1,IS,,2,,geen_nl_meldingen,
S01XA81,karbomeer,0,1,EE,,1,,geen_nl_meldingen,
S02AA02,nitrofural,0,1,TR,,1,,geen_nl_meldingen,
S02AA11,,0,1,CA,,1,,geen_nl_meldingen,
S02AA12,rifamisin sv aktif,0,1,TR,,1,,geen_nl_meldingen,
S02CA03,,0,1,CA,,3,,geen_nl_meldingen,
S02CA05,Fluocinolone acetonide and antiinfectives,0,1,LT,,1,,geen_nl_meldingen,
S02CA06,"Neomycin Sulfate, Dexamethasone Sodium Metasulfobenzoate, Polymyxin B Sulfate",0,1,BE,,1,BE=1,geen_nl_meldingen,
S02DA30,Combinations,0,1,LT,,1,,geen_nl_meldingen,
V01AA05,Betula verrucosa,0,1,IS,,1,,geen_nl_meldingen,
V01AA10,AMBROSIA ARTEMISIIFOLIA (ALLERG.),0,1,AT,,1,AT=1,geen_nl_meldingen,
V01AA11,Kattahár,0,1,IS,,1,,geen_nl_meldingen,
V03AB16,"Passiflora incarnata L., Herb, Dry Extract, EtOH, 50, 5-7_1, Valeriana officinalis L., Root, Dry Extract, Ethanol, 70, 3-6_1",0,1,BE,,1,BE=1,geen_nl_meldingen,
V03AB17,Methylthioninium Chloride,0,1,BE,,4,BE=1,geen_nl_meldingen,
V03AB26,,0,1,CH,,1,,geen_nl_meldingen,
V03AB33,Hydroxocobalamin,0,1,DE,,3,DE=1,geen_nl_meldingen,
V03AB34,,0,1,CA,,3,DE=1,geen_nl_meldingen,
V03AB38,andexanet alfa,0,1,HU,,2,,geen_nl_meldingen,
V03AC01,,0,1,CA,,4,DE=1,geen_nl_meldingen,
V03AC02,DEFERIPRONE,0,1,US,,1,,geen_nl_meldingen,
V03AE03,Lanthanum karbónat,0,1,IS,,1,,geen_nl_meldingen,
V03AE04,"BASISCHES MAGNESIUMCARBONAT, CALCIUMACETAT",0,1,AT,,2,DE=1 · AT=1,geen_nl_meldingen,
V03AE07,calcium acetate anhydrous,0,1,TR,,1,,geen_nl_meldingen,
V03AE09,Patiromer,0,1,BE,,2,BE=1,geen_nl_meldingen,
V03AE10,Sodium Zirconium Cyclosilicate,0,1,BE,,2,BE=1,geen_nl_meldingen,
V03AF02,,0,1,CA,,1,,geen_nl_meldingen,
V03AF04,Calcium levofolinate,0,1,IS,,1,,geen_nl_meldingen,
V03AF07,rasburicase,0,1,HU,,3,,geen_nl_meldingen,
V03AF10,Sodium levofolinate,0,1,LT,,1,,geen_nl_meldingen,
V03AN01,Oxygen,0,1,BE,,1,BE=1,geen_nl_meldingen,
V03AX04,Difelikefalinum INN acetate,0,1,IS,,1,,geen_nl_meldingen,
V04CH02,,0,1,CA,,1,,geen_nl_meldingen,
V04CX01,,0,1,CA,,1,,geen_nl_meldingen,
V04CX03,,0,1,CA,,1,,geen_nl_meldingen,
V04CX06,,0,1,FI,,1,,geen_nl_meldingen,
V04CX09,,0,1,CA,,3,,geen_nl_meldingen,
V07AB19,solvents,0,1,HU,,1,,geen_nl_meldingen,
V08AA01,AMIDOTRIZOESÄURE DIHYDRAT,0,1,AT,,6,AT=1,geen_nl_meldingen,
V08AB04,iopamidol,0,1,HU,,2,,geen_nl_meldingen,
V08AB09,Iodixanolum INN,0,1,IS,,4,,geen_nl_meldingen,
V08AB10,IOMEPROL,0,1,GR,,2,,geen_nl_meldingen,
V08AB11,Iobitridol,0,1,BE,,4,BE=1,geen_nl_meldingen,
V08BA01,BARIUMSULFAT,0,1,AT,,2,AT=1,geen_nl_meldingen,
V08CA02,Gadoteric Acid,0,1,BE,,7,BE=1,geen_nl_meldingen,
V08CA04,gadoteridol,0,1,HU,,1,,geen_nl_meldingen,
V08CA08,gadobenate dimeglumine,0,1,HU,,1,,geen_nl_meldingen,
V08CA10,GADOXETIC ACID,0,1,SA,,1,,geen_nl_meldingen,
V09AA02,exametazime,0,1,HU,,1,,geen_nl_meldingen,
V09AB03,joflupaan (123I),0,1,EE,,1,,geen_nl_meldingen,
V09AX04,flutemetamool (18F),0,1,EE,,1,,geen_nl_meldingen,
V09DA04,"N-(3-bromo-2,4,6-trimethylfenyl)-iminoacetic acid",0,1,HU,,1,,geen_nl_meldingen,
V09DB01,Technetium (99mTc) nanocolloid,0,1,LT,,1,,geen_nl_meldingen,
V09DX01,Tauroselcholic acid,0,1,IE,,1,,geen_nl_meldingen,
V09FX03,naatriumjodiid (131I),0,1,EE,,1,,geen_nl_meldingen,
V09GA01,tehneetsium(99mTc)sestamibi,0,1,EE,,2,,geen_nl_meldingen,
V09GA04,human albumin solution,0,1,HU,,1,,geen_nl_meldingen,
V09HA03,BESILESOMAB,0,1,AT,,6,BE=1 · DE=1 · AT=1,geen_nl_meldingen,
V09HX01,galyum-67 sitrat,0,1,TR,,1,,geen_nl_meldingen,
V10XA01,naatriumjodiid (131I),0,1,EE,,2,,geen_nl_meldingen,
V10XX02,ibritumomabum tiuxetanum [90Y],0,1,SI,,1,,geen_nl_meldingen,
C08CA01,,0,18,CA,,11,BE=1 · AT=2,import_kandidaat,
N02BF01,,0,18,CA,,13,BE=1 · AT=1,import_kandidaat,
N05AH04,,0,18,CA,,16,BE=8 · DE=11 · AT=6,import_kandidaat,
A02BC02,,0,17,CA,,12,BE=2 · DE=1 · AT=3,import_kandidaat,
C10AA03,,0,17,CA,,8,BE=1 · AT=2,import_kandidaat,
N06DA02,,0,17,CA,,11,BE=1,import_kandidaat,
R03DC03,,0,17,CA,,17,BE=2 · AT=2,import_kandidaat,
A04AA01,,0,16,CA,,10,DE=1,import_kandidaat,
J01FA10,,0,16,CA,,13,,import_kandidaat,
N02BE01,Paracetamol,0,16,LT,,15,BE=3 · AT=3,import_kandidaat,
N02BF02,,0,16,CA,,14,BE=3 · AT=3,import_kandidaat,
N02CC03,,0,16,CA,,6,BE=3 · AT=2,import_kandidaat,
N02CC04,,0,16,CA,,7,DE=2,import_kandidaat,
N06AB03,,0,16,CA,,11,DE=2,import_kandidaat,
N06AB04,,0,16,CA,,13,BE=2 · DE=1,import_kandidaat,
N06AX16,,0,16,CA,,15,BE=3 · DE=1 · AT=5,import_kandidaat,
B01AF01,Rivaroxaban,0,15,LT,,13,BE=4 · DE=1,import_kandidaat,
C09CA04,,0,15,CA,,7,,import_kandidaat,
C09CA06,,0,15,CA,,12,DE=2 · AT=3,import_kandidaat,
C10AA05,,0,15,CA,,18,BE=1 · DE=3,import_kandidaat,
C10AA07,,0,15,CA,,14,BE=2 · DE=2,import_kandidaat,
M01AH01,,0,15,CA,,12,BE=1,import_kandidaat,
N02AX02,,0,15,CA,,14,BE=1 · AT=1,import_kandidaat,
N03AX14,,0,15,CA,,14,DE=4 · AT=1,import_kandidaat,
N06AX21,,0,15,CA,,15,BE=6 · DE=2 · AT=6,import_kandidaat,
A10BA02,,0,14,CA,,12,BE=1 · AT=1,import_kandidaat,
C09AA05,,0,14,CA,,12,AT=2,import_kandidaat,
C09CA01,,0,14,CA,,11,,import_kandidaat,
N05CM18,DEXMEDETOMIDINE HYDROCHLORIDE,0,14,US,,8,,import_kandidaat,
N06AB06,,0,14,CA,,14,BE=4 · DE=2 · AT=3,import_kandidaat,
N06BA12,LISDEXAMFETAMINE DIMESYLATE,0,14,US,,7,AT=1,import_kandidaat,
A02BA02,,0,13,CA,,3,,import_kandidaat,
A02BC05,Esomeprazole,0,13,LT,,13,BE=1 · DE=1 · AT=1,import_kandidaat,
B01AC04,,0,13,CA,,11,BE=3 · AT=1,import_kandidaat,
C10AA01,,0,13,CA,,10,BE=1 · AT=1,import_kandidaat,
L02BG03,,0,13,CA,,9,DE=1,import_kandidaat,
L04AX07,Dimethyl fumarate,0,13,LT,,8,BE=1 · AT=1,import_kandidaat,
N03AX11,,0,13,CA,,10,BE=1 · AT=2,import_kandidaat,
N05AH03,,0,13,CA,,14,BE=5 · AT=3,import_kandidaat,
N05AX08,,0,13,CA,,17,BE=2 · DE=2 · AT=4,import_kandidaat,
A02BC01,,0,12,CA,,14,BE=1,import_kandidaat,
B01AC24,Ticagrelor,0,12,LT,,6,BE=1,import_kandidaat,
C07AB02,,0,12,CA,,11,,import_kandidaat,
C09AA02,,0,12,CA,,12,,import_kandidaat,
C09CA07,,0,12,CA,,11,DE=1,import_kandidaat,
D11AX10,,0,12,CA,,6,,import_kandidaat,
G04BE08,,0,12,CA,,10,AT=2,import_kandidaat,
J01CR02,Amoxicillin and beta-lactamase inhibitor,0,12,LT,,7,BE=2,import_kandidaat,
J01MA14,,0,12,CA,,10,BE=1 · AT=1,import_kandidaat,
L02BG04,,0,12,CA,,8,,import_kandidaat,
M03BX55,flurbiprofen/tiyokolşikosid,0,12,TR,,1,,import_kandidaat,
N05CF01,,0,12,CA,,7,,import_kandidaat,
N06AB05,,0,12,CA,,10,,import_kandidaat,
A02BC03,,0,11,CA,,7,BE=1 · AT=1,import_kandidaat,
A10BG03,,0,11,CA,,8,,import_kandidaat,
B01AF02,Apixaban,0,11,LT,,8,BE=1,import_kandidaat,
B01AF03,Edoxaban,0,11,LT,,9,AT=1,import_kandidaat,
C09AA03,,0,11,CA,,7,AT=1,import_kandidaat,
C09CA08,,0,11,CA,,8,BE=4,import_kandidaat,
G04BD08,,0,11,CA,,12,BE=1,import_kandidaat,
G04BE03,SILDENAFIL,0,11,SA,,13,BE=1 · AT=1,import_kandidaat,
G04CB02,,0,11,CA,,7,,import_kandidaat,
H02AB02,Dexamethasone,0,11,LT,,13,DE=2,import_kandidaat,
J01FA09,,0,11,CA,,10,BE=1 · AT=1,import_kandidaat,
M03AC09,ROCURONIUM BROMIDE,0,11,US,,10,AT=1,import_kandidaat,
M03BX05,tiyokolşikosid,0,11,TR,,1,,import_kandidaat,
N01BB02,LIDOCAINE HYDROCHLORIDE,0,11,US,,13,BE=1 · DE=1 · AT=1,import_kandidaat,
A02BC04,,0,10,CA,,6,AT=1,import_kandidaat,
B02AA02,Tranexamic acid,0,10,LT,,10,DE=1 · AT=2,import_kandidaat,
C03CA01,,0,10,CA,,12,BE=1 · AT=2,import_kandidaat,
C07AB03,,0,10,CA,,4,,import_kandidaat,
C08DB01,,0,10,CA,,7,AT=1,import_kandidaat,
C09CA03,,0,10,CA,,10,AT=2,import_kandidaat,
M01AB05,,0,10,CA,,13,BE=1 · AT=2,import_kandidaat,
M01AE01,Ibuprofen,0,10,LT,,17,BE=1 · DE=1 · AT=2,import_kandidaat,
N02AB03,,0,10,CA,,14,AT=3,import_kandidaat,
N03AX18,,0,10,CA,,10,DE=1,import_kandidaat,
N05AX12,,0,10,SK,,14,BE=2 · AT=3,import_kandidaat,
N06BA09,,0,10,CA,,12,BE=1 · DE=4 · AT=1,import_kandidaat,
A03FA03,,0,9,CA,,7,BE=3,import_kandidaat,
A10BB09,,0,9,CA,,9,BE=1,import_kandidaat,
C01BD01,,0,9,CA,,7,DE=1,import_kandidaat,
C09AA04,,0,9,CA,,9,,import_kandidaat,
J01CR05,,0,9,CA,,10,BE=1,import_kandidaat,
J01DD04,CEFTRIAXONE,0,9,SA,,9,,import_kandidaat,
J01FF01,,0,9,CA,,16,BE=1 · DE=1 · AT=1,import_kandidaat,
J02AC01,Fluconazole,0,9,LT,,13,BE=5 · DE=2,import_kandidaat,
L01BC07,AZACITIDINE,0,9,US,,11,BE=1,import_kandidaat,
L04AK02,Teriflunomide,0,9,LT,,12,BE=1 · DE=1 · AT=1,import_kandidaat,
L04AX03,,0,9,CA,,8,,import_kandidaat,
N02AA03,,0,9,CA,,5,DE=1,import_kandidaat,
N02CC01,,0,9,CA,,14,BE=3 · DE=2,import_kandidaat,
N04BC05,,0,9,CA,,14,BE=3 · DE=2 · AT=2,import_kandidaat,
N05BA06,,0,9,CA,,9,DE=1,import_kandidaat,
N07CA01,Betahistine,0,9,LT,,8,,import_kandidaat,
S01EE01,,0,9,CA,,11,BE=1 · PT=1,import_kandidaat,
A10BD07,Metformin and sitagliptin,0,8,LT,,9,BE=1,import_kandidaat,
A10BH01,,0,8,SK,,14,BE=1 · DE=1 · AT=2,import_kandidaat,
C07AG02,,0,8,CA,,13,BE=1 · AT=1,import_kandidaat,
C09BX01,,0,8,CA,,8,BE=2,import_kandidaat,
D01AE15,,0,8,CA,,7,BE=2 · AT=1,import_kandidaat,
D07AD01,,0,8,CA,,6,,import_kandidaat,
J01CA04,"AMOXICILLIN,CLAVULANIC ACID",0,8,SA,,12,BE=1 · DE=1 · AT=1,import_kandidaat,
J01XA01,,0,8,CA,,11,BE=1 · DE=2 · AT=2,import_kandidaat,
L01EX01,,0,8,SK,,10,,import_kandidaat,
L01XA02,CARBOPLATIN,0,8,US,,10,BE=2,import_kandidaat,
L02BB03,,0,8,CA,,4,,import_kandidaat,
M05BA08,,0,8,CA,,9,BE=2,import_kandidaat,
N02BE51,"Paracetamol, combinations excl. psycholeptics",0,8,LT,,7,AT=1,import_kandidaat,
N02CC06,,0,8,CA,,6,DE=1,import_kandidaat,
N03AF01,,0,8,CA,,9,DE=2,import_kandidaat,
N03AX09,,0,8,CA,,8,DE=1,import_kandidaat,
N06AX11,,0,8,CA,,10,DE=1,import_kandidaat,
N06BA04,Methylphenidatum INN hýdróklóríð,0,8,IS,,11,BE=1 · DE=6 · AT=1,import_kandidaat,
N06DX01,,0,8,CA,,12,BE=1 · AT=1,import_kandidaat,
A11CC05,Colecalciferol,0,7,LT,,8,BE=2 · AT=1,import_kandidaat,
B01AB01,,0,7,CA,,8,,import_kandidaat,
B01AB06,Nadroparin,0,7,LT,,3,,import_kandidaat,
B02BX05,Eltrombopag,0,7,LT,,5,,import_kandidaat,
B05CB01,,0,7,CA,,5,,import_kandidaat,
C01EB18,Ranolazine,0,7,LT,,2,AT=1,import_kandidaat,
C03CA04,Torasemide,0,7,LT,,4,BE=1,import_kandidaat,
C07AB07,BISOPROLOL FUMARATE,0,7,SA,,15,BE=2,import_kandidaat,
C10AB05,,0,7,CA,,6,BE=1,import_kandidaat,
C10BA05,Atorvastatin and ezetimibe,0,7,LT,,5,,import_kandidaat,
G03DA04,,0,7,CA,,8,BE=1,import_kandidaat,
G04CA02,,0,7,CA,,14,BE=2 · DE=1 · AT=2,import_kandidaat,
H05BX01,,0,7,CA,,13,DE=1 · AT=1,import_kandidaat,
J01GB01,,0,7,CA,,8,DE=2,import_kandidaat,
J06BA02,IMMUNGLOBULIN,0,7,AT,,7,BE=2 · DE=1 · AT=7,import_kandidaat,
L01EA01,,0,7,CA,,11,AT=1,import_kandidaat,
L04AB04,ADALIMUMAB,0,7,SA,,13,BE=1 · DE=1 · AT=2,import_kandidaat,
L04AE01,,0,7,CA,,11,BE=1,import_kandidaat,
M01AC06,,0,7,CA,,6,,import_kandidaat,
M01AE17,Dexketoprofen,0,7,LT,,9,BE=1 · DE=1,import_kandidaat,
M03AX01,Botulinum toxin,0,7,LT,,3,,import_kandidaat,
M03BX01,,0,7,CA,,5,,import_kandidaat,
N01BX03,,0,7,CA,,2,,import_kandidaat,
N03AE01,,0,7,CA,,4,,import_kandidaat,
N06AA09,,0,7,CA,,6,,import_kandidaat,
N06DA03,,0,7,CA,,5,,import_kandidaat,
N06DA04,,0,7,CA,,8,DE=6 · AT=3,import_kandidaat,
R01AD58,"Fluticasone, combinations",0,7,LT,,2,,import_kandidaat,
R05DA04,,0,7,CA,,2,,import_kandidaat,
R06AE07,Cetirizine,0,7,LT,,10,AT=1,import_kandidaat,
S01BC05,KETOROLAC TROMETHAMINE,0,7,US,,4,,import_kandidaat,
S01ED51,,0,7,CA,,11,BE=4 · AT=1,import_kandidaat,
S01FA01,,0,7,CA,,4,,import_kandidaat,
A10BD08,metformiin +vildagliptiin,0,6,EE,,5,,import_kandidaat,
A10BK01,,0,6,CA,,6,AT=1,import_kandidaat,
A10BX02,,0,6,CA,,4,,import_kandidaat,
B01AE07,Dabigatran etexilate,0,6,LT,,10,BE=1 · AT=1,import_kandidaat,
C01CA06,,0,6,CA,,3,,import_kandidaat,
C02KX01,,0,6,CA,,10,,import_kandidaat,
C03AA03,,0,6,CA,,3,,import_kandidaat,
C03CA02,BUMETANIDE,0,6,US,,2,AT=1,import_kandidaat,
C03DA04,,0,6,SK,,5,BE=1 · AT=2,import_kandidaat,
C07AA07,,0,6,CA,,2,,import_kandidaat,
C08DA01,,0,6,CA,,8,AT=1,import_kandidaat,
C09BB10,,0,6,CA,,6,DE=1,import_kandidaat,
G04BD04,,0,6,CA,,7,,import_kandidaat,
H02AB04,Methylprednisolone,0,6,LT,,10,DE=3 · AT=1,import_kandidaat,
J01DC02,Cefuroxime,0,6,LT,,13,BE=1,import_kandidaat,
J01DH02,Meropenem,0,6,LT,,10,,import_kandidaat,
J01DH51,Imipenem and cilastatin,0,6,LT,,6,,import_kandidaat,
J01MA02,CIPROFLOXACIN,0,6,SA,,13,BE=1 · DE=2 · AT=2,import_kandidaat,
J01MA12,LEVOFLOXACIN,0,6,SA,,7,BE=1,import_kandidaat,
J01XX08,Linezolid,0,6,LT,,8,AT=1,import_kandidaat,
J02AC03,VORICONAZOLE,0,6,SA,,13,AT=1,import_kandidaat,
J05AB11,Valaciclovir,0,6,LT,,9,BE=1 · DE=2,import_kandidaat,
L01BC05,,0,6,CA,,11,BE=1 · DE=2,import_kandidaat,
L01BC06,,0,6,CA,,10,BE=1 · AT=1,import_kandidaat,
L04AK01,,0,6,CA,,5,,import_kandidaat,
M01AE02,,0,6,CA,,6,,import_kandidaat,
M01AH05,Etoricoxib,0,6,LT,,12,BE=1 · DE=1,import_kandidaat,
M02AA15,Diclofenac,0,6,LT,,7,BE=2,import_kandidaat,
N01AX07,ETOMIDATE,0,6,US,,5,AT=1,import_kandidaat,
N01BB01,BUPIVACAINE HYDROCHLORIDE,0,6,US,,7,,import_kandidaat,
N02AA01,,0,6,CA,,9,AT=1,import_kandidaat,
N02AA05,,0,6,CA,,11,DE=2,import_kandidaat,
N02CC05,,0,6,CA,,2,,import_kandidaat,
N05BA01,,0,6,CA,,9,BE=1,import_kandidaat,
N05BE01,,0,6,CA,,2,DE=1,import_kandidaat,
N05CD08,MIDAZOLAM HYDROCHLORIDE,0,6,US,,13,BE=3 · AT=1,import_kandidaat,
N06AX05,,0,6,CA,,5,,import_kandidaat,
N06AX12,,0,6,CA,,9,BE=1 · AT=5,import_kandidaat,
N06BX03,Piracetam,0,6,LT,,5,,import_kandidaat,
R01AD09,Mometasone,0,6,LT,,6,,import_kandidaat,
R06AX13,Loratadine,0,6,LT,,6,AT=1,import_kandidaat,
S01EA05,,0,6,CA,,4,AT=1,import_kandidaat,
A02BA03,,0,5,CA,,6,,import_kandidaat,
A03BA01,Atropine,0,5,LT,,3,,import_kandidaat,
A04AD12,Aprepitant,0,5,DE,,8,DE=5 · AT=3,import_kandidaat,
A10BB12,glimepiriid,0,5,EE,,9,,import_kandidaat,
A10BH02,VILDAGLIPTIN,0,5,SA,,7,BE=1,import_kandidaat,
A10BH05,Linagliptin,0,5,LT,,4,AT=1,import_kandidaat,
A12BA01,Potassium chloride,0,5,LT,,8,,import_kandidaat,
B03AA07,Ferrous sulfate,0,5,LT,,7,BE=1,import_kandidaat,
B05BB01,sodium chloride,0,5,HU,,7,,import_kandidaat,
C01BC04,,0,5,CA,,3,,import_kandidaat,
C01CA03,Norepinephrine,0,5,LT,,10,BE=2,import_kandidaat,
C01CA24,,0,5,CA,,9,DE=1,import_kandidaat,
C01EB17,ivabradiin,0,5,EE,,8,BE=1 · AT=2,import_kandidaat,
C02AC01,,0,5,CA,,4,DE=3,import_kandidaat,
C07AB04,,0,5,CA,,2,,import_kandidaat,
C07AG01,,0,5,CA,,4,BE=1,import_kandidaat,
C08CA05,,0,5,CA,,6,,import_kandidaat,
C09BA04,Perindopril and diuretics,0,5,LT,,5,,import_kandidaat,
C09BA06,,0,5,CA,,3,,import_kandidaat,
C09DA03,Valsartan and diuretics,0,5,LT,,6,DE=1,import_kandidaat,
C09DX04,Valsartan and sacubitril,0,5,LT,,2,,import_kandidaat,
C10BA02,"Ezetimibe, Simvastatin",0,5,BE,,8,BE=5 · DE=2 · AT=2,import_kandidaat,
D01AC02,MICONAZOLE NITRATE,0,5,SA,,2,,import_kandidaat,
D06BX01,,0,5,CA,,11,,import_kandidaat,
D07AC01,BETAMETHASONE VALERATE,0,5,SA,,6,AT=2,import_kandidaat,
D07AC13,,0,5,CA,,8,,import_kandidaat,
D08AG02,Povidone-iodine,0,5,LT,,3,,import_kandidaat,
G01AF02,Clotrimazole,0,5,LT,,4,,import_kandidaat,
G03CA03,Estradiol,0,5,IS,,12,BE=2 · AT=1,import_kandidaat,
G03XC01,,0,5,CA,,2,,import_kandidaat,
G04BD07,,0,5,CA,,10,BE=2 · DE=2,import_kandidaat,
G04CA01,,0,5,CA,,6,,import_kandidaat,
G04CA03,,0,5,CA,,6,BE=1 · DE=1 · AT=1,import_kandidaat,
J01AA08,,0,5,CA,,4,DE=1,import_kandidaat,
J01DB04,,0,5,CA,,5,,import_kandidaat,
J05AB01,Aciclovir,0,5,LT,,8,AT=1,import_kandidaat,
J05AB09,,0,5,CA,,5,,import_kandidaat,
J05AF05,,0,5,CA,,3,,import_kandidaat,
L01AA01,Cyclophosphamide,0,5,LT,,9,BE=1 · DE=1 · AT=2,import_kandidaat,
L01AA09,,0,5,SK,,10,BE=1 · DE=1,import_kandidaat,
L01AC01,Thiotepa,0,5,LT,,7,BE=1,import_kandidaat,
L01BA04,,0,5,CA,,14,BE=1,import_kandidaat,
L01CD01,,0,5,CA,,12,,import_kandidaat,
L01CE01,,0,5,CA,,7,AT=1,import_kandidaat,
L01CE02,,0,5,CA,,12,BE=1 · AT=1,import_kandidaat,
L01EX09,nintedanib,0,5,LT,,4,,import_kandidaat,
L01XA03,,0,5,CA,,9,,import_kandidaat,
L01XG01,,0,5,CA,,11,BE=1,import_kandidaat,
L02BA03,fulvestrant,0,5,HU,,10,,import_kandidaat,
L02BX03,ABIRATERONUM,0,5,RO,,9,DE=1,import_kandidaat,
L04AX01,,0,5,CA,,5,,import_kandidaat,
L04AX04,LENALIDOMIDE,0,5,SA,,12,BE=2 · AT=1,import_kandidaat,
M03AC04,Atracurium,0,5,LT,,7,,import_kandidaat,
N01BB09,ROPIVACAINE HYDROCHLORIDE,0,5,US,,8,BE=2 · DE=1 · AT=1,import_kandidaat,
N03AB02,,0,5,CA,,6,DE=1,import_kandidaat,
N04BA03,levodopa;carbidopa;entacapone,0,5,HU,,6,,import_kandidaat,
N04BC04,,0,5,CA,,11,AT=1,import_kandidaat,
N04BD02,,0,5,SK,,10,BE=1 · AT=1,import_kandidaat,
N05AD01,,0,5,CA,,11,,import_kandidaat,
N05BA12,,0,5,CA,,12,BE=2 · DE=2 · AT=2,import_kandidaat,
N06AB10,Escitalopram,0,5,LT,,14,BE=3 · DE=2 · AT=2,import_kandidaat,
N06BA07,,0,5,CA,,2,,import_kandidaat,
N06BX18,Vinpocetine,0,5,LT,,1,,import_kandidaat,
N07BB04,NALTREXONE HYDROCHLORIDE,0,5,US,,6,,import_kandidaat,
P01BC01,,0,5,CA,,1,,import_kandidaat,
R03AC02,,0,5,CA,,7,DE=4,import_kandidaat,
R03BA05,FLUTICASONE PROPIONATE,0,5,SA,,7,,import_kandidaat,
R03CC02,Salbutamol,0,5,LT,,1,,import_kandidaat,
R06AX29,Bilastine,0,5,LT,,4,,import_kandidaat,
S01AA12,Tobramycin,0,5,LT,,3,,import_kandidaat,
S01GX09,,0,5,CA,,4,,import_kandidaat,
V03AB15,,0,5,CA,,7,,import_kandidaat,
V03AC03,,0,5,CA,,10,BE=1 · DE=1 · AT=1,import_kandidaat,
V08AB02,Iohexol,0,5,LT,,5,,import_kandidaat,
A03AX58,"Alverine, combinations",0,4,LT,,1,,import_kandidaat,
A07DA03,,0,4,CA,,8,AT=1,import_kandidaat,
B01AB12,Bemiparin,0,4,LT,,3,,import_kandidaat,
B03BA01,,0,4,CA,,6,,import_kandidaat,
B03BB01,,0,4,CA,,5,,import_kandidaat,
B05AA01,human albumin solution,0,4,HU,,10,BE=1 · AT=1,import_kandidaat,
B06AC01,PLASMA PROTEIN FRACTION,0,4,SA,,1,,import_kandidaat,
C01AA05,Digoxin,0,4,LT,,4,,import_kandidaat,
C01BC03,,0,4,CA,,4,,import_kandidaat,
C01CA07,DOBUTAMINE HYDROCHLORIDE,0,4,US,,6,AT=1,import_kandidaat,
C01EA01,Alprostadil,0,4,LT,,5,DE=1 · AT=1,import_kandidaat,
C02CA04,,0,4,CA,,7,,import_kandidaat,
C02CA06,,0,4,SK,,7,BE=1 · DE=2 · AT=2,import_kandidaat,
C05CA53,"Diosmin, combinations",0,4,LT,,2,,import_kandidaat,
C07AA05,,0,4,CA,,8,DE=3,import_kandidaat,
C08CA08,Nitrendipin,0,4,DE,,2,DE=4,import_kandidaat,
C09AA09,,0,4,CA,,5,,import_kandidaat,
C09DA01,"Losartanum INN kalíum, Hydrochlorothiazide",0,4,IS,,5,DE=1,import_kandidaat,
C10AX09,Ezetimibe,0,4,LT,,14,BE=1 · DE=1 · AT=2,import_kandidaat,
D01AC01,Clotrimazole,0,4,LT,,1,,import_kandidaat,
D01AC08,Ketoconazole,0,4,LT,,8,,import_kandidaat,
D01BA02,Terbinafine,0,4,LT,,4,,import_kandidaat,
D06AX01,FUSIDIC ACID,0,4,SA,,8,DE=1,import_kandidaat,
D11AX01,MINOXIDIL,0,4,SA,,6,,import_kandidaat,
G03AA10,gestodeen +etünüülöstradiool,0,4,EE,,6,BE=1,import_kandidaat,
G03AA12,drospirenone;ethinylestradiol,0,4,HU,,7,BE=2,import_kandidaat,
G03BA03,,0,4,CA,,10,AT=2 · PT=1,import_kandidaat,
G03FA01,Norethisterone and estrogen,0,4,LT,,3,,import_kandidaat,
G03HB01,Cyproterone and estrogen,0,4,LT,,4,BE=2,import_kandidaat,
G04BE09,,0,4,CA,,6,,import_kandidaat,
G04CA04,,0,4,CA,,4,AT=1,import_kandidaat,
H01BA02,Desmopressin,0,4,LT,,9,BE=2,import_kandidaat,
H02AB08,Triamcinolone,0,4,LT,,6,BE=1,import_kandidaat,
H03AA01,Levothyroxine sodium,0,4,LT,,11,DE=2 · AT=1,import_kandidaat,
J01CR01,"AMPICILLIN,SULBACTAM",0,4,SA,,6,,import_kandidaat,
J01DB01,CEFALEXIN,0,4,SA,,3,,import_kandidaat,
J01DC04,CEFACLOR,0,4,SA,,3,,import_kandidaat,
J01DE01,Cefepime,0,4,LT,,8,AT=1,import_kandidaat,
J01DH03,,0,4,CA,,3,,import_kandidaat,
J01FA01,,0,4,CA,,8,BE=1 · DE=2 · AT=1,import_kandidaat,
J01GB03,,0,4,CA,,9,,import_kandidaat,
J01RA12,ornidazol/siprofloksasin hci,0,4,TR,,1,,import_kandidaat,
J01XB01,Colistin,0,4,LT,,4,BE=1 · DE=1,import_kandidaat,
J01XE01,,0,4,CA,,6,,import_kandidaat,
J02AX04,CASPOFUNGIN,0,4,SA,,9,,import_kandidaat,
J05AF10,,0,4,CA,,7,BE=1 · DE=1 · AT=1,import_kandidaat,
J05AG01,,0,4,CA,,3,,import_kandidaat,
J05AH02,OSELTAMIVIR PHOSPHATE,0,4,MY,,9,AT=1,import_kandidaat,
J05AR17,,0,4,CA,,2,,import_kandidaat,
J07BB02,"influenza, inactivated, split virus or surface antigen",0,4,LT,,5,BE=2,import_kandidaat,
L01BC02,Fluorouracil,0,4,LT,,12,BE=1 · DE=1,import_kandidaat,
L01CA04,,0,4,CA,,8,DE=1,import_kandidaat,
L01CD02,DOCETAXEL,0,4,SA,,12,BE=1,import_kandidaat,
L01DB01,,0,4,CA,,12,BE=2 · DE=2 · AT=1,import_kandidaat,
L01EA02,,0,4,CA,,8,,import_kandidaat,
L01EA03,nilotinib,0,4,LT,,7,DE=1,import_kandidaat,
L01EB01,,0,4,CA,,5,,import_kandidaat,
L01EB02,,0,4,CA,,8,BE=1,import_kandidaat,
L01EG02,,0,4,CA,,7,DE=1 · AT=1,import_kandidaat,
L01EX03,pazopanib,0,4,LT,,7,,import_kandidaat,
L01FD01,Trastuzumab,0,4,SA,,4,,import_kandidaat,
L01XX35,,0,4,SK,,4,,import_kandidaat,
L01XX41,Eribulin,0,4,LT,,2,,import_kandidaat,
L02BB04,Enzalutamide,0,4,LT,,3,,import_kandidaat,
L04AD02,Tacrolimusum INN mónohýdrat,0,4,IS,,9,BE=1 · DE=2 · AT=1,import_kandidaat,
L04AX05,,0,4,FI,,7,,import_kandidaat,
L04AX06,Pomalidomide,0,4,LT,,6,BE=1 · AT=1,import_kandidaat,
M01AC05,Lornoxicam,0,4,LT,,2,,import_kandidaat,
M01AX17,Nimesulide,0,4,LT,,1,,import_kandidaat,
M05BA04,alendroonhape,0,4,EE,,7,BE=1,import_kandidaat,
M05BA06,ibandronic acid,0,4,HU,,12,DE=1 · AT=1,import_kandidaat,
N02AB02,Pethidine,0,4,LT,,3,BE=1,import_kandidaat,
N02CC07,,0,4,CA,,3,,import_kandidaat,
N04AA01,Trihexyphenidyl,0,4,LT,,2,,import_kandidaat,
N05BA09,,0,4,CA,,1,,import_kandidaat,
N05CF02,Zolpidem,0,4,LT,,10,BE=1 · AT=1,import_kandidaat,
N06AB08,,0,4,CA,,3,,import_kandidaat,
N07BA01,Nicotinum INN,0,4,IS,,5,,import_kandidaat,
R02AX01,Flurbiprofen,0,4,LT,,4,,import_kandidaat,
R03AK07,"Budesonidum INN, Formoterolum INN fúmarat",0,4,IS,,5,,import_kandidaat,
R03AK08,Formoterol and beclometasone,0,4,LT,,4,,import_kandidaat,
R05CB01,acetylcysteine,0,4,HU,,8,AT=1,import_kandidaat,
R06AA04,Clemastine,0,4,LT,,2,,import_kandidaat,
R06AX27,Desloratadine,0,4,LT,,9,BE=1 · AT=2,import_kandidaat,
R06AX28,Rupatadine,0,4,LT,,4,,import_kandidaat,
S01CA01,Dexamethasone and antiinfectives,0,4,LT,,4,,import_kandidaat,
S01EE04,travoprost,0,4,EE,,8,BE=1,import_kandidaat,
S01XA20,Hypromellosum INN,0,4,IS,,7,AT=1,import_kandidaat,
V03AB35,SUGAMMADEX,0,4,SA,,12,BE=1 · AT=2,import_kandidaat,
V03AE02,,0,4,SK,,10,AT=1,import_kandidaat,
V08CA09,Gadobutrol,0,4,LT,,2,,import_kandidaat,
A01AB09,Miconazole,0,3,LT,,5,BE=1 · AT=1,import_kandidaat,
A02BA01,,0,3,CA,,1,,import_kandidaat,
A02BC06,Dexlansoprazole,0,3,LT,,1,,import_kandidaat,
A03AD02,Drotaverine,0,3,LT,,2,,import_kandidaat,
A03FA07,Itropride,0,3,LT,,3,,import_kandidaat,
A06AD11,,0,3,CA,,8,BE=1,import_kandidaat,
A06AG10,,0,3,CA,,3,,import_kandidaat,
A10BD29,sitagliptin and dapagliflozin,0,3,LT,,1,,import_kandidaat,
A10BJ02,LIRAGLUTIDE,0,3,US,,6,,import_kandidaat,
A12BA30,potassium (different salts in combination,0,3,LT,,2,,import_kandidaat,
A16AX01,Tioctic acid,0,3,LT,,3,,import_kandidaat,
B01AC06,ACETYLSALICYLIC ACID,0,3,SA,,5,,import_kandidaat,
B01AC07,,0,3,CA,,3,,import_kandidaat,
B01AC22,,0,3,CH,,10,BE=1 · AT=1,import_kandidaat,
B01AC30,Combinations,0,3,LT,,1,,import_kandidaat,
B02BD02,OMFILOCTOCOG ALFA,0,3,SA,,5,,import_kandidaat,
B03XA01,epoetin theta,0,3,HU,,9,BE=1 · DE=1 · AT=1,import_kandidaat,
B05BA10,,0,3,CA,,10,AT=1,import_kandidaat,
B05BC01,,0,3,CA,,7,,import_kandidaat,
B06AC02,,0,3,SK,,5,,import_kandidaat,
C01CA04,DOPAMINE HYDROCHLORIDE,0,3,US,,6,,import_kandidaat,
C01CA17,,0,3,CA,,4,,import_kandidaat,
C01DA02,Glyceryl trinitrate,0,3,LT,,6,,import_kandidaat,
C01DA14,isosorbiitmononitraat,0,3,EE,,8,DE=2,import_kandidaat,
C02KX02,,0,3,CA,,7,BE=1 · AT=1,import_kandidaat,
C02KX04,,0,3,FI,,4,,import_kandidaat,
C03DA01,,0,3,CA,,9,AT=1,import_kandidaat,
C04AD03,Pentoxifylline,0,3,LT,,5,AT=1,import_kandidaat,
C07AB12,nebivolol,0,3,HU,,7,BE=1,import_kandidaat,
C07FB07,Bisoprolol and amlodipine,0,3,LT,,2,,import_kandidaat,
C08CA09,Lacidipine,0,3,LT,,4,,import_kandidaat,
C09AA01,Captopril,0,3,LT,,5,,import_kandidaat,
C09BA02,enalapril;hydrochlorothiazide,0,3,HU,,3,,import_kandidaat,
C09BA05,Ramipril and diuretics,0,3,LT,,6,BE=1,import_kandidaat,
C09BA83,perindopriil +indapamiid,0,3,EE,,1,,import_kandidaat,
C09BA84,ramipriil +hüdroklorotiasiid,0,3,EE,,1,,import_kandidaat,
C09BX02,Perindopril and bisoprolol,0,3,LT,,2,,import_kandidaat,
C09DA06,Candesartan and diuretics,0,3,LT,,5,AT=1,import_kandidaat,
C09DB01,"AMLODIPIN BESILAT, VALSARTAN",0,3,AT,,6,AT=3,import_kandidaat,
C09DX03,"Olmesartan Medoxomil, Amlodipine, Hydrochlorothiazide",0,3,BE,,4,BE=3,import_kandidaat,
C10AX06,Omega-3-triglycerides incl. other esters and acids,0,3,LT,,2,,import_kandidaat,
C10BX10,Rosuvastatin and valsartan,0,3,LT,,1,,import_kandidaat,
D01AA01,,0,3,CA,,4,,import_kandidaat,
D01AC20,imidazoles/triazoles in combination with corticosteroids,0,3,LT,,3,,import_kandidaat,
D01AE14,,0,3,CA,,4,,import_kandidaat,
D06BB03,Aciclovir,0,3,LT,,4,DE=2,import_kandidaat,
D07CA01,Hydrocortisone and antibiotics,0,3,LT,,2,,import_kandidaat,
D10AD03,ADAPALENE,0,3,SA,,5,,import_kandidaat,
D10BA01,,0,3,FI,,8,DE=1,import_kandidaat,
D11AX11,HYDROQUINONE,0,3,SA,,1,,import_kandidaat,
G02BA03,Plastic IUD with progestogen,0,3,LT,,5,BE=1 · AT=1,import_kandidaat,
G02BB01,Vaginal ring with progestogen and estrogen,0,3,LT,,4,BE=1 · AT=1,import_kandidaat,
G03AA07,"DROSPINENONE,ETHINYLESTRADIOL",0,3,SA,,5,BE=2,import_kandidaat,
G03AA09,Desogestrel and ethinylestradiol,0,3,LT,,3,BE=2,import_kandidaat,
G03CX01,Tibolone,0,3,LT,,5,,import_kandidaat,
G04CA52,tamsulosiin +dutasteriid,0,3,EE,,8,DE=1,import_kandidaat,
G04CB01,Finasteride,0,3,LT,,5,,import_kandidaat,
H02AB06,,0,3,CA,,6,DE=1,import_kandidaat,
H02AB07,,0,3,CA,,4,,import_kandidaat,
H02AB09,HYDROCORTISONE,0,3,SA,,8,DE=2,import_kandidaat,
H05BX02,PARICALCITOL,0,3,SA,,6,,import_kandidaat,
J01AA02,Doxycyclinum INN,0,3,IS,,10,DE=1 · AT=1,import_kandidaat,
J01CA01,ampicillin,0,3,HU,,4,,import_kandidaat,
J01CE01,Benzylpenicillin,0,3,LT,,1,,import_kandidaat,
J01DD02,ceftazidime,0,3,HU,,11,,import_kandidaat,
J01EE01,Sulfamethoxazole and trimethoprim,0,3,LT,,6,,import_kandidaat,
J01FA06,roksitromisin,0,3,TR,,2,DE=1,import_kandidaat,
J01GB06,,0,3,CA,,4,,import_kandidaat,
J01MA06,NORFLOXACIN,0,3,SA,,4,,import_kandidaat,
J02AC02,Itraconazole,0,3,LT,,8,AT=2,import_kandidaat,
J02AC04,,0,3,SK,,11,BE=1,import_kandidaat,
J02AX05,,0,3,CA,,6,,import_kandidaat,
J05AE03,Ritonavir,0,3,DE,,7,DE=3 · PT=1,import_kandidaat,
J05AG03,,0,3,CA,,3,,import_kandidaat,
J05AR04,,0,3,CA,,2,,import_kandidaat,
J06BA01,Human normal immunoglobulin,0,3,IS,,3,AT=1,import_kandidaat,
L01AX03,,0,3,CA,,11,AT=1,import_kandidaat,
L01BB05,,0,3,CA,,7,,import_kandidaat,
L01CD04,Cabazitaxel,0,3,HU,,6,,import_kandidaat,
L01DB03,,0,3,CA,,13,BE=1 · DE=1 · AT=1,import_kandidaat,
L01XA01,CISPLATIN,0,3,SA,,4,,import_kandidaat,
L02AB01,Megestrol,0,3,LT,,6,BE=1,import_kandidaat,
L02AE04,Triptorelin,0,3,LT,,5,,import_kandidaat,
L02BA01,Tamoxifen,0,3,LT,,7,DE=1 · AT=1,import_kandidaat,
L02BG06,,0,3,CA,,7,AT=1,import_kandidaat,
L03AA02,FILGRASTIM,0,3,SA,,6,,import_kandidaat,
L03AA13,pegfilgrastim,0,3,HU,,6,BE=2,import_kandidaat,
L03AX16,PLERIXAFOR,0,3,SA,,5,,import_kandidaat,
L04AA06,,0,3,FI,,6,AT=1,import_kandidaat,
L04AA32,,0,3,CA,,4,,import_kandidaat,
L04AC05,Ustekinumabum INN,0,3,IS,,6,,import_kandidaat,
L04AF01,TOFACITINIB,0,3,SA,,5,,import_kandidaat,
M01AB15,Ketorolac,0,3,LT,,4,,import_kandidaat,
M01AB16,Aceclofenac,0,3,LT,,5,BE=2,import_kandidaat,
M01AB55,"Diclofenac, combinations",0,3,LT,,3,,import_kandidaat,
M01AC01,Piroxicam,0,3,LT,,1,,import_kandidaat,
M01AX05,Glucosamine sulfate sodium chloride,0,3,HU,,6,BE=1,import_kandidaat,
M02AA05,,0,3,CA,,3,,import_kandidaat,
M03BX02,,0,3,FI,,6,,import_kandidaat,
M04AA03,febuksostaat,0,3,EE,,9,AT=1,import_kandidaat,
M04AC01,,0,3,CA,,3,,import_kandidaat,
M05BA07,Risedronic acid,0,3,LT,,4,DE=1,import_kandidaat,
N01AH06,REMIFENTANIL HYDROCHLORIDE,0,3,US,,5,,import_kandidaat,
N01BB52,"Adrenalinum bítartrat (Epinephrinum INN bítartrat), Lidocainum INN hýdróklóríð",0,3,IS,,3,AT=1,import_kandidaat,
N01BB58,"Articaine, combinations",0,3,LT,,5,,import_kandidaat,
N02AA55,"Oxycodonum INN hýdróklóríð, Naloxonum INN hýdróklóríð",0,3,IS,,3,,import_kandidaat,
N02BB02,metamizole sodium monohydrate,0,3,HU,,6,,import_kandidaat,
N03AX16,PREGABALIN,0,3,GR,,3,DE=2,import_kandidaat,
N04BA02,"Levodopum INN, Carbidopum INN",0,3,IS,,5,PT=1,import_kandidaat,
N04BD01,,0,3,CA,,2,DE=1,import_kandidaat,
N05AE04,,0,3,FI,,4,AT=2,import_kandidaat,
N05AE05,,0,3,CA,,5,,import_kandidaat,
N05AX13,Paliperidonpalmitat,0,3,DE,,14,BE=1 · DE=3 · AT=2,import_kandidaat,
N05BA04,,0,3,CA,,4,DE=1,import_kandidaat,
N05BA08,,0,3,CA,,3,,import_kandidaat,
N06AA02,,0,3,CA,,2,,import_kandidaat,
N06AX22,,0,3,SK,,4,,import_kandidaat,
N06AX26,Vortioxetine,0,3,LT,,3,,import_kandidaat,
N07BA03,VARENICLINE,0,3,SA,,5,,import_kandidaat,
N07XX06,,0,3,CA,,2,DE=1,import_kandidaat,
N07XX07,Fampridine,0,3,IS,,7,,import_kandidaat,
P02CA01,Mebendazole,0,3,LT,,3,,import_kandidaat,
R01AA07,XYLOMETAZOLINE HYDROCHLORIDE,0,3,SA,,7,BE=2,import_kandidaat,
R01BA52,"Pseudoephedrine, combinations",0,3,LT,,4,BE=2,import_kandidaat,
R03AK06,salmeterool +flutikasoon,0,3,EE,,6,AT=1,import_kandidaat,
R03BA02,,0,3,CA,,10,BE=1 · DE=1,import_kandidaat,
R05CB06,ambroksol hidroklorür,0,3,TR,,7,,import_kandidaat,
R06AE09,levocetirizine,0,3,HU,,8,,import_kandidaat,
S01BA01,Dexamethasonum INN fosfat,0,3,IS,,4,DE=1 · AT=1,import_kandidaat,
S01BA04,Prednisolonacetat,0,3,DE,,3,DE=3 · AT=2,import_kandidaat,
S01EB01,,0,3,CA,,3,,import_kandidaat,
S01EC01,,0,3,CA,,2,,import_kandidaat,
S01EC03,,0,3,CA,,5,,import_kandidaat,
S01ED83,timolool +brinsolamiid,0,3,EE,,1,,import_kandidaat,
V03AF03,Calciumfolinat-Hydrat,0,3,DE,,7,DE=3 · AT=1,import_kandidaat,
V08AB05,Iopromide,0,3,LT,,2,,import_kandidaat,
V08AB07,IOVERSOL,0,3,SA,,2,,import_kandidaat,
