atc,land,start,dagen_vooruit,stof,nu_actief_in_landen,nergens_actief,reden
R03DX05,BE,2026-10-01,1,Omalizumab,0,ja,production_delay
L04AC11,DK,2026-10-01,1,Siltuximab ATC-kode: L04AC11 Forventet periode: Start oktobe,0,ja,supply_problem
L04AC11,NO,2026-10-01,1,siltuksimab,0,ja,logistics
R03AL03,SE,2026-10-01,1,"umeklidiniumbromid, vilanteroltrifenatat",0,ja,quality
J01CA17,BE,2026-10-04,4,Temocillin,0,ja,production_delay
L01EC03,DE,2026-10-05,5,Encorafenib,0,ja,production_delay
V03AC02,AU,2026-10-07,7,deferiprone,0,ja,increased_demand
J01XA04,IT,2026-10-09,9,DALBAVANCINA CLORIDRATO,0,ja,increased_demand
J01CA17,BE,2026-10-10,10,Temocillin,0,ja,production_delay
N05CD04,IT,2026-10-10,10,ESTAZOLAM,0,ja,production_delay
J01XA04,SE,2026-10-10,10,dalbavancinhydroklorid,0,ja,logistics
L01BA05,AU,2026-10-12,12,pralatrexate,0,ja,production_delay
J07AM51,SE,2026-10-15,15,"Clostridium tetanitoxoid, Corynebacterium diphtheriae toxoid",0,ja,
R03DX09,NO,2026-10-19,19,mepolizumab,0,ja,logistics
R03AL02,SE,2026-10-19,19,"ipratropiumbromid (monohydrat), salbutamolsulfat",0,ja,
L04AC11,SE,2026-10-20,20,siltuximab,0,ja,
D09AA01,AU,2026-10-23,23,framycetin sulfate,0,ja,production_delay
D11AX22,AU,2026-10-26,26,ivermectin,0,ja,production_delay
A16AB15,IT,2026-10-26,26,VELMANASE ALFA,0,ja,production_delay
A10BK04,IT,2026-10-30,30,ERTUGLIFLOZIN ACIDO L-PIROGLUTAMMICO + METFORMINA CLORIDRATO,0,ja,discontinuation
J05AP54,IT,2026-10-31,31,ELBASVIR + GRAZOPREVIR,0,ja,discontinuation
A07EA01,SE,2026-10-31,31,prednisolonnatriumfosfat,0,ja,
J07AH01,AU,2026-11-01,32,Meningococcal polysaccharide group A,0,ja,increased_demand
G01AF05,GR,2026-11-01,32,ECONAZOLE NITRATE,0,ja,supply_problem
G01AF05,IT,2026-11-01,32,FENTICONAZOLO NITRATO,0,ja,discontinuation
A07EA03,IT,2026-11-01,32,PREDNISONE,0,ja,production_delay
V03AF10,SK,2026-11-01,32,Dinátriumlevofolinát,0,ja,
L01EC03,DE,2026-11-02,33,Encorafenib,0,ja,other
D04AB03,IT,2026-11-16,47,OXIBUPROCAINA CLORIDRATO,0,ja,production_delay
N07XX05,IT,2026-11-23,54,AMIFAMPRIDINA FOSFATO,0,ja,production_delay
B05XA04,SE,2026-11-29,60,ammoniumklorid,0,ja,production_delay
C02DA01,AU,2026-12-01,62,diazoxide,0,ja,production_delay
R05CA03,IT,2026-12-31,92,GUAIFENESINA,0,ja,temporary_discontinuation
A10BK04,IT,2026-12-31,92,ERTUGLIFLOZIN ACIDO L-PIROGLUTAMMICO + METFORMINA CLORIDRATO,0,ja,discontinuation
L01DC01,AU,2027-01-29,121,bleomycin sulfate,0,ja,production_delay
L01EM01,IT,2027-02-28,151,IDELALISIB,0,ja,discontinuation
L01EM01,IT,2027-02-28,151,IDELALISIB,0,ja,discontinuation
L01FC01,IT,2027-06-30,273,DARATUMUMAB,0,ja,discontinuation
L01FC01,IT,2027-06-30,273,DARATUMUMAB,0,ja,discontinuation
L04AC22,AU,2026-10-01,1,spesolimab,1,nee,commercial
A06AD16,AU,2026-10-01,1,mannitol,4,nee,commercial
L01BA01,AU,2026-10-01,1,methotrexate,13,nee,production_delay
S01ED51,DK,2026-10-01,1,Timolol (timololmaleat) og tafluprost ATC-kode: S01ED51 Forv,17,nee,commercial
S01XA18,DK,2026-10-01,1,Ciclosporin ATC-kode: S01XA18 Forventet periode: Start oktob,7,nee,production_delay
V08AB02,FI,2026-10-01,1,Iohexol,10,nee,
L01FA01,FI,2026-10-01,1,Rituximab,4,nee,
C08CA13,FI,2026-10-01,1,Lercanidipine hydrochloride,9,nee,
N06AX12,FI,2026-10-01,1,Bupropion hydrochloride,11,nee,
B02BD04,GR,2026-10-01,1,NONACOG GAMMA,6,nee,supply_problem
N02BE01,GR,2026-10-01,1,PARACETAMOL,14,nee,supply_problem
N04BB01,GR,2026-10-01,1,AMANTADINE HYDROCHLORIDE,1,nee,supply_problem
C09CA06,IE,2026-10-01,1,Candesartan cilexetil,11,nee,increased_demand
J05AF10,IE,2026-10-01,1,Entecavir,9,nee,logistics
C10AA05,IT,2026-10-01,1,ATORVASTATINA CALCIO TRIIDRATO,20,nee,production_delay
N07CA01,IT,2026-10-01,1,BETAISTINA DICLORIDRATO,8,nee,discontinuation
R01AB02,IT,2026-10-01,1,NAFAZOLINA CLORIDRATO,1,nee,
J01DD01,IT,2026-10-01,1,CEFOTAXIMA SODICA,9,nee,
L01BC01,IT,2026-10-01,1,CITARABINA,7,nee,commercial
L01BC01,IT,2026-10-01,1,CITARABINA,7,nee,commercial
N05BA06,IT,2026-10-01,1,DELORAZEPAM,10,nee,discontinuation
L01DB01,IT,2026-10-01,1,DOXORUBICINA CLORIDRATO,18,nee,commercial
D06BB03,IT,2026-10-01,1,ACICLOVIR,7,nee,temporary_discontinuation
S01EB01,IT,2026-10-01,1,PILOCARPINA CLORIDRATO,1,nee,
G04CB02,IT,2026-10-01,1,DUTASTERIDE,9,nee,production_delay
N06AB10,IT,2026-10-01,1,ESCITALOPRAM OSSALATO,13,nee,regulatory
L01EG02,IT,2026-10-01,1,EVEROLIMUS,6,nee,discontinuation
L01EG02,IT,2026-10-01,1,EVEROLIMUS,6,nee,discontinuation
D11AX10,IT,2026-10-01,1,FINASTERIDE,4,nee,production_delay
R03BA05,IT,2026-10-01,1,FLUTICASONE PROPIONATO + FORMOTEROLO FUMARATO DIIDRATO,5,nee,
N02CC07,IT,2026-10-01,1,FROVATRIPTAN,2,nee,production_delay
L01CE01,IT,2026-10-01,1,TOPOTECAN CLORIDRATO,5,nee,discontinuation
B03BA04,IT,2026-10-01,1,COBAMAMIDE,1,nee,discontinuation
C01CX08,IT,2026-10-01,1,LEVOSIMENDAN,6,nee,temporary_discontinuation
C10AA01,IT,2026-10-01,1,SIMVASTATINA,13,nee,discontinuation
G02AB01,IT,2026-10-01,1,METILERGOMETRINA MALEATO,1,nee,production_delay
G02AB01,IT,2026-10-01,1,METILERGOMETRINA MALEATO,1,nee,discontinuation
L01XA03,IT,2026-10-01,1,OXALIPLATINO,14,nee,increased_demand
N02BE01,IT,2026-10-01,1,PARACETAMOLO,14,nee,production_delay
L01BA04,IT,2026-10-01,1,PEMETREXED,13,nee,discontinuation
C10AA04,IT,2026-10-01,1,PRAVASTATINA SODICA,4,nee,production_delay
D11AX10,IT,2026-10-01,1,FINASTERIDE,4,nee,production_delay
N05AH04,IT,2026-10-01,1,QUETIAPINE,24,nee,production_delay
N05AH04,IT,2026-10-01,1,QUETIAPINA,24,nee,increased_demand
C09AA05,IT,2026-10-01,1,RAMIPRIL,13,nee,production_delay
J05AE03,IT,2026-10-01,1,RITONAVIR,7,nee,production_delay
C10AA07,IT,2026-10-01,1,ROSUVASTATINA SALE DI CALCIO,15,nee,production_delay
R03BA05,IT,2026-10-01,1,FLUTICASONE PROPIONATO + SALMETEROLO XINAFOATO,5,nee,production_delay
A10BH01,IT,2026-10-01,1,SITAGLIPTIN,13,nee,production_delay
A02BX02,IT,2026-10-01,1,SUCRALFATO,1,nee,production_delay
G04BE08,IT,2026-10-01,1,TADALAFIL,12,nee,production_delay
G04BE08,IT,2026-10-01,1,TADALAFIL,12,nee,production_delay
L01AX03,IT,2026-10-01,1,TEMOZOLOMIDE,11,nee,production_delay
L01AX03,IT,2026-10-01,1,TEMOZOLOMIDE,11,nee,production_delay
R03AC02,MY,2026-10-01,1,Salbutamol Sulphate,8,nee,commercial
J01GB03,NO,2026-10-01,1,gentamicinsulfat,4,nee,production_delay
L01AC01,NO,2026-10-01,1,tiotepa,4,nee,increased_demand
L01AC01,NO,2026-10-01,1,tiotepa,4,nee,increased_demand
C08CA05,NO,2026-10-01,1,nifedipin,9,nee,quality
D06BB06,NO,2026-10-01,1,penciklovir,4,nee,increased_demand
J01GB03,SE,2026-10-01,1,gentamicinsulfat,4,nee,
B01AC07,SE,2026-10-01,1,dipyridamol,5,nee,
J02AC02,SE,2026-10-01,1,itrakonazol,7,nee,production_delay
N02AA01,SE,2026-10-01,1,morfinhydrokloridtrihydrat,7,nee,
N06AB04,SE,2026-10-01,1,citalopramhydrobromid,10,nee,
N02CC01,SE,2026-10-01,1,sumatriptansuccinat,16,nee,
L02BA01,SE,2026-10-01,1,tamoxifencitrat,4,nee,
L01CA04,SE,2026-10-01,1,vinorelbintartrat,7,nee,
R06AX13,SE,2026-10-01,1,loratadin,8,nee,
G04BE08,SK,2026-10-01,1,Tadalafil,12,nee,
C09BA05,SK,2026-10-01,1,Ramipril a diuretiká,3,nee,
C09AA10,SK,2026-10-01,1,Trandolapril,5,nee,
S01EE04,SK,2026-10-01,1,Travoprost,9,nee,
N06DA02,SK,2026-10-01,1,Donepezil,15,nee,
C09AA05,SK,2026-10-01,1,Ramipril,13,nee,
J01CA04,AU,2026-10-02,2,amoxicillin sodium,10,nee,production_delay
V08AB02,FI,2026-10-02,2,Iohexol,10,nee,
C07AG02,FI,2026-10-02,2,Carvedilol,14,nee,
A02BC02,FI,2026-10-02,2,Pantoprazole sodium sesquihydrate,12,nee,
A07EA06,FI,2026-10-02,2,Budesonide,7,nee,
C09DX01,FI,2026-10-02,2,Amlodipine besylate Hydrochlorothiazide Valsartan,2,nee,
L02BG03,IT,2026-10-02,2,ANASTROZOLO,7,nee,increased_demand
H05BX01,IT,2026-10-02,2,CINACALCET,15,nee,production_delay
L01CB01,IT,2026-10-02,2,ETOPOSIDE,9,nee,increased_demand
L02BA03,IT,2026-10-02,2,FULVESTRANT,10,nee,increased_demand
N02AA05,NO,2026-10-02,2,oksykodonhydroklorid,11,nee,increased_demand
C09CA01,SE,2026-10-02,2,losartankalium,8,nee,
A12BA01,SE,2026-10-02,2,kaliumklorid,10,nee,
B03XA01,BE,2026-10-04,4,Epoetin Alfa,10,nee,production_delay
M01AH05,IE,2026-10-04,4,Etoricoxib,11,nee,production_delay
C01CA17,IE,2026-10-04,4,Midodrine hydrochloride,5,nee,increased_demand
N02BF02,IE,2026-10-04,4,Pregabalin,16,nee,production_delay
C10AX14,IT,2026-10-04,4,ALIROCUMAB,4,nee,production_delay
M01AH05,FI,2026-10-05,5,Etoricoxib,11,nee,
J02AC04,FI,2026-10-05,5,Posaconazole,7,nee,
N04BC05,FI,2026-10-05,5,Pramipexole dihydrochloride monohydrate,10,nee,
L01XX19,GR,2026-10-05,5,IRINOTECAN HYDROCHLORIDE TRIHYDRATE,2,nee,supply_problem
C01CA24,IE,2026-10-05,5,Adrenaline,17,nee,production_delay
S01XA18,IE,2026-10-05,5,Ciclosporin,7,nee,production_delay
J05AB11,IE,2026-10-05,5,Valaciclovir,11,nee,production_delay
H02AB02,IT,2026-10-05,5,DESAMETASONE,14,nee,production_delay
B03XA01,IT,2026-10-05,5,EPOETINA TETA,10,nee,production_delay
R06AE07,IT,2026-10-05,5,CETIRIZINA DICLORIDRATO,7,nee,production_delay
V08AB10,IT,2026-10-05,5,IOMEPROLO,4,nee,discontinuation
L04AX04,IT,2026-10-05,5,LENALIDOMIDE,12,nee,production_delay
L01AX03,IT,2026-10-05,5,TEMOZOLOMIDE,11,nee,increased_demand
V08AB11,IT,2026-10-05,5,IOBITRIDOLO,5,nee,
N02BF01,NO,2026-10-05,5,gabapentin,15,nee,increased_demand
S01XA18,NO,2026-10-05,5,ciklosporin,7,nee,production_delay
N03AD01,SE,2026-10-05,5,etosuximid,3,nee,
N02BF02,SE,2026-10-05,5,pregabalin,16,nee,
D01BA02,SK,2026-10-05,5,Terbinafín,6,nee,
N05AH04,SK,2026-10-05,5,Kvetiapín,24,nee,
C08CA13,FI,2026-10-06,6,Lercanidipine hydrochloride,9,nee,
G04BE08,FI,2026-10-06,6,Tadalafil,12,nee,
N02CD01,IE,2026-10-06,6,ERENUMAB,3,nee,increased_demand
N05AX08,IT,2026-10-06,6,RISPERIDONE,17,nee,increased_demand
N02BF01,SK,2026-10-06,6,Gabapentín,15,nee,
C09DA04,BE,2026-10-07,7,"Hydrochlorothiazide, Irbesartan",2,nee,production_delay
L04AX06,HR,2026-10-07,7,pomalidomid,9,nee,production_delay
L04AX06,HR,2026-10-07,7,pomalidomid,9,nee,production_delay
R03BB04,IE,2026-10-07,7,Tiotropium bromide,6,nee,production_delay
R06AE07,IT,2026-10-07,7,CETIRIZINA DICLORIDRATO,7,nee,increased_demand
N05AH03,IT,2026-10-07,7,OLANZAPINA,22,nee,production_delay
N05AX08,IT,2026-10-07,7,RISPERIDONE,17,nee,production_delay
C10BA05,FI,2026-10-08,8,Atorvastatin calcium trihydrate Ezetimibe,6,nee,
M01AH05,FI,2026-10-08,8,Etoricoxib,11,nee,
N03AX11,FI,2026-10-08,8,Topiramate,13,nee,
L01EA02,FI,2026-10-08,8,Dasatinib,5,nee,
C10AA05,FI,2026-10-08,8,Atorvastatin calcium,20,nee,
N02BE01,FI,2026-10-08,8,Paracetamol,14,nee,
N02CC04,GR,2026-10-08,8,RIZATRIPTAN BENZOATE,7,nee,supply_problem
C09AA04,IE,2026-10-08,8,Perindopril tosilate,13,nee,production_delay
C09CA08,IT,2026-10-08,8,OLMESARTAN MEDOXOMIL,9,nee,production_delay
N06DA03,IT,2026-10-08,8,RIVASTIGMINA,12,nee,production_delay
C10AA07,IT,2026-10-08,8,ROSUVASTATINA SALE DI CALCIO,15,nee,production_delay
A02BA04,AU,2026-10-09,9,nizatidine,2,nee,production_delay
N05AH03,AU,2026-10-09,9,olanzapine,22,nee,production_delay
A10BG03,AU,2026-10-09,9,pioglitazone hydrochloride,9,nee,production_delay
V03AC03,AU,2026-10-09,9,deferasirox,12,nee,production_delay
C07AG02,AU,2026-10-09,9,carvedilol,14,nee,production_delay
H02AB04,BE,2026-10-09,9,Methylprednisolone Acetate,10,nee,raw_material
V08AB02,FI,2026-10-09,9,Iohexol,10,nee,
J01MA02,FI,2026-10-09,9,Ciprofloxacin hydrochloride,18,nee,
A06AX05,FI,2026-10-09,9,Prucalopride succinate,1,nee,
L01DB01,IT,2026-10-09,9,DOXORUBICINA CLORIDRATO,18,nee,production_delay
L01XA03,IT,2026-10-09,9,OXALIPLATINO,14,nee,production_delay
J02AC03,IT,2026-10-09,9,VORICONAZOLO,12,nee,
R03DC03,IE,2026-10-10,10,Montelukast sodium,12,nee,increased_demand
J01DD08,IE,2026-10-10,10,Cefixime,5,nee,regulatory
N06AX16,IE,2026-10-10,10,Venlafaxine,15,nee,production_delay
J05AF10,IT,2026-10-10,10,ENTECAVIR,9,nee,production_delay
D02AE01,SE,2026-10-10,10,urea,2,nee,
L01FD01,SE,2026-10-10,10,trastuzumab,8,nee,
C01CA24,SE,2026-10-10,10,adrenalin,17,nee,
C09AA05,SK,2026-10-10,10,Ramipril,13,nee,
N06DA02,IE,2026-10-11,11,Donepezil hydrochloride,15,nee,production_delay
C09DA03,SK,2026-10-11,11,Valsartan a diuretiká,7,nee,
N03AX11,AU,2026-10-12,12,topiramate,13,nee,increased_demand
J01XB01,BE,2026-10-12,12,Colistimethate Sodium,7,nee,increased_demand
M05BA08,EE,2026-10-12,12,Zoledronic acid,12,nee,
C10AA01,FI,2026-10-12,12,Simvastatin,13,nee,
N02AE01,FI,2026-10-12,12,Buprenorphine,12,nee,
J02AC02,FI,2026-10-12,12,Itraconazole,7,nee,
N05AX08,HR,2026-10-12,12,riseperidon,17,nee,production_delay
B03XA01,IE,2026-10-12,12,Xm01 drug substance epoetin theta,10,nee,production_delay
N06AB10,IE,2026-10-12,12,Escitalopram,13,nee,increased_demand
D07AC02,IE,2026-10-12,12,CLOBETASONE BUTYRATE,1,nee,increased_demand
J04AB02,IE,2026-10-12,12,Rifampicin,10,nee,production_delay
N05AL05,IT,2026-10-12,12,AMISULPRIDE,7,nee,production_delay
N04BD02,IT,2026-10-12,12,RASAGILINA MESILATO,6,nee,production_delay
J02AC02,IT,2026-10-12,12,ITRACONAZOLO,7,nee,production_delay
L04AK02,IT,2026-10-12,12,TERIFLUNOMIDE,10,nee,commercial
M01AB55,NO,2026-10-12,12,"diklofenaknatrium, misoprostol",4,nee,logistics
A03AX13,SE,2026-10-12,12,simetikon,4,nee,increased_demand
N06AB03,SE,2026-10-12,12,fluoxetinhydroklorid,14,nee,
A04AD12,FI,2026-10-13,13,Aprepitant,11,nee,
B02BD02,GR,2026-10-13,13,OCTOCOG ALFA,7,nee,supply_problem
B02BD04,GR,2026-10-13,13,NONACOG GAMMA,6,nee,supply_problem
L01CX01,IT,2026-10-13,13,TRABECTEDIN,9,nee,production_delay
A06AD65,NO,2026-10-13,13,"makrogol 3350, natriumklorid, natriumhydrogenkarbonat, kaliu",12,nee,production_delay
B01AB10,SE,2026-10-13,13,tinzaparinnatrium,1,nee,
H01AC01,SE,2026-10-13,13,somatropin,5,nee,
N03AX11,BE,2026-10-14,14,Topiramate,13,nee,production_delay
D01AC08,FI,2026-10-14,14,Ketoconazole,7,nee,
C07AB07,FI,2026-10-14,14,Bisoprolol fumarate,14,nee,
J01DC02,AU,2026-10-15,15,cefuroxime axetil,11,nee,production_delay
N03AF01,DK,2026-10-15,15,Carbamazepin ATC-kode: N03AF01 Forventet periode: Midt oktob,7,nee,production_delay
A10AE05,DK,2026-10-15,15,Insulin detemir ATC-kode: A10AE05 Forventet periode: Fra mid,3,nee,commercial
A10AE05,DK,2026-10-15,15,Insulin detemir ATC-kode: A10AE05 Forventet periode: Fra mid,3,nee,commercial
A10AB05,DK,2026-10-15,15,Insulin aspart ATC-kode: A10AB05 Forventet periode: Fra midt,9,nee,commercial
C01AA05,GR,2026-10-15,15,DIGOXIN,3,nee,supply_problem
L04AC10,IE,2026-10-15,15,Secukinumab,5,nee,production_delay
M01AH05,IT,2026-10-15,15,ETORICOXIB,11,nee,
B01AC06,IT,2026-10-15,15,ACIDO ACETILSALICILICO,5,nee,discontinuation
S01EC04,IT,2026-10-15,15,BRINZOLAMIDE,4,nee,production_delay
M01AE01,IT,2026-10-15,15,IBUPROFENE,13,nee,production_delay
C09CA06,IT,2026-10-15,15,CANDESARTAN,11,nee,production_delay
L04AB02,IT,2026-10-15,15,INFLIXIMAB,6,nee,discontinuation
N06AB06,IT,2026-10-15,15,SERTRALINA,15,nee,increased_demand
G04CA02,IT,2026-10-15,15,TAMSULOSINA CLORIDRATO,8,nee,discontinuation
B01AF03,NO,2026-10-15,15,edoksabantosilat,13,nee,production_delay
C01CA24,NO,2026-10-15,15,adrenalin,17,nee,increased_demand
N02BF01,NO,2026-10-15,15,gabapentin,15,nee,production_delay
C09CA04,SE,2026-10-15,15,irbesartan,7,nee,production_delay
C09AA02,SE,2026-10-15,15,enalaprilmaleat,10,nee,production_delay
G04BE03,SE,2026-10-15,15,sildenafilcitrat,14,nee,
N06BA04,SE,2026-10-15,15,metylfenidathydroklorid,14,nee,production_delay
N05AH04,SE,2026-10-15,15,kvetiapinfumarat,24,nee,production_delay
J01CA04,SE,2026-10-15,15,amoxicillintrihydrat,10,nee,
J01CE02,SE,2026-10-15,15,fenoximetylpenicillinkalium,4,nee,
G03CA03,SE,2026-10-15,15,estradiolhemihydrat,16,nee,
J01CA04,SE,2026-10-15,15,amoxicillintrihydrat,10,nee,
A12BA01,SE,2026-10-15,15,kaliumklorid,10,nee,
H05BX01,SK,2026-10-15,15,Cinakalcet,15,nee,
G03XC01,AU,2026-10-16,16,raloxifene hydrochloride,3,nee,production_delay
C08CA01,AU,2026-10-16,16,amlodipine besilate,11,nee,production_delay
J01CA04,AU,2026-10-16,16,amoxicillin sodium,10,nee,production_delay
C01DX16,AU,2026-10-16,16,nicorandil,2,nee,production_delay
B01AF02,AU,2026-10-16,16,apixaban,6,nee,production_delay
B01AE07,AU,2026-10-16,16,dabigatran etexilate mesilate,17,nee,production_delay
V03AE02,NO,2026-10-16,16,sevelamerkarbonat,6,nee,production_delay
A11CC05,NO,2026-10-16,16,kolekalsiferol,7,nee,production_delay
L01EX09,IT,2026-10-17,17,NINTEDANIB,5,nee,
A06AD65,NO,2026-10-18,18,"makrogol 3350, natriumklorid, natriumhydrogenkarbonat, kaliu",12,nee,production_delay
N03AX14,SK,2026-10-18,18,Levetiracetam,15,nee,
L02BA03,SK,2026-10-18,18,Fulvestrant,10,nee,
L04AA03,AU,2026-10-19,19,Equine antithymocyte immunoglobulin,4,nee,increased_demand
N06DA02,GR,2026-10-19,19,DONEPEZIL HYDROCHLORIDE,15,nee,supply_problem
J05AB01,IE,2026-10-19,19,Acyclovir,7,nee,increased_demand
L01XA02,IT,2026-10-19,19,CARBOPLATINO,13,nee,increased_demand
L01XA02,IT,2026-10-19,19,CARBOPLATINO,13,nee,increased_demand
V03AB35,IT,2026-10-19,19,SUGAMMADEX,12,nee,production_delay
N05AH04,SE,2026-10-19,19,kvetiapinfumarat,24,nee,
G04BE03,SE,2026-10-19,19,sildenafilcitrat,14,nee,
G04BE08,SE,2026-10-19,19,tadalafil,12,nee,
N02AB03,SE,2026-10-19,19,fentanyl,11,nee,
N03AX14,SE,2026-10-19,19,levetiracetam,15,nee,
N05AH02,SE,2026-10-19,19,klozapin,5,nee,
N07BA01,SE,2026-10-19,19,nikotin,8,nee,production_delay
C08CA13,SE,2026-10-19,19,lerkanidipinhydroklorid (vattenfri),9,nee,
J05AB11,SE,2026-10-19,19,valaciklovirhydrokloridhydrat,11,nee,
N05AX13,SK,2026-10-19,19,Paliperidón,16,nee,
N02BE51,SK,2026-10-19,19,"Paracetamol, kombinácie s výnimkou psycholeptík",6,nee,
L04AX06,SK,2026-10-19,19,Pomalidomid,9,nee,
N05AX13,SK,2026-10-19,19,Paliperidón,16,nee,
H05BX01,IT,2026-10-20,20,CINACALCET,15,nee,production_delay
L01DB06,IT,2026-10-20,20,IDARUBICINA CLORIDRATO,3,nee,production_delay
R06AX27,SE,2026-10-20,20,desloratadin,9,nee,
C09AA03,SK,2026-10-20,20,Lizinopril,6,nee,
L01CD02,GR,2026-10-21,21,DOCETAXEL,15,nee,production_delay
B01AC06,SK,2026-10-21,21,Kyselina acetylsalicylová,5,nee,
N05AH03,IT,2026-10-22,22,OLANZAPINA,22,nee,production_delay
N06BA12,NO,2026-10-22,22,lisdeksamfetamindimesilat,8,nee,production_delay
L04AD01,SK,2026-10-22,22,Cyklosporín,9,nee,
C09AA05,AU,2026-10-23,23,ramipril,13,nee,production_delay
M05BA04,AU,2026-10-23,23,alendronate sodium trihydrate,8,nee,production_delay
J02AC03,AU,2026-10-23,23,voriconazole,12,nee,production_delay
L04AK01,AU,2026-10-23,23,leflunomide,8,nee,production_delay
N05AX12,AU,2026-10-23,23,aripiprazole,17,nee,commercial
C09CA08,IT,2026-10-23,23,OLMESARTAN MEDOXOMIL,9,nee,production_delay
M01AB05,IT,2026-10-24,24,DICLOFENAC SODICO,10,nee,increased_demand
C05AA08,SE,2026-10-24,24,"fluokortolonpivalat, lidokainhydroklorid (vattenfri)",1,nee,
N03AX09,SE,2026-10-24,24,lamotrigin,11,nee,increased_demand
N05AH03,SK,2026-10-24,24,Olanzapín,22,nee,
C07AB07,SK,2026-10-24,24,Bisoprolol,14,nee,
G03GB02,AU,2026-10-25,25,clomifene citrate,4,nee,increased_demand
A07EC01,DK,2026-10-25,25,Sulfasalazin ATC-kode: A07EC01 Forventet periode: Slut oktob,3,nee,increased_demand
J05AF07,IT,2026-10-25,25,TENOFOVIR DISOPROXIL,9,nee,increased_demand
A10BA02,IT,2026-10-25,25,METFORMINA,14,nee,production_delay
A10BG03,IT,2026-10-25,25,PIOGLITAZONE,9,nee,production_delay
G04BE08,IT,2026-10-25,25,TADALAFIL,12,nee,production_delay
B01AF03,SE,2026-10-25,25,edoxabantosilatmonohydrat,13,nee,
D01AC15,AU,2026-10-26,26,fluconazole,3,nee,production_delay
A10BH01,AU,2026-10-26,26,sitagliptin hydrochloride monohydrate,13,nee,production_delay
A16AB25,DE,2026-10-26,26,Olipudase alfa,2,nee,production_delay
C02DC01,IE,2026-10-26,26,Minoxidil,3,nee,production_delay
L04AD02,IT,2026-10-26,26,TACROLIMUS MONOIDRATO,7,nee,increased_demand
C08CA05,IT,2026-10-26,26,NIFEDIPINA,9,nee,increased_demand
N05AH04,IT,2026-10-26,26,QUETIAPINA,24,nee,production_delay
J01DD04,IT,2026-10-26,26,CEFTRIAXONE SODICO,5,nee,discontinuation
C10AX14,SE,2026-10-26,26,alirokumab,4,nee,increased_demand
B03XA01,SE,2026-10-26,26,epoetin teta,10,nee,production_delay
G04BE08,SE,2026-10-26,26,tadalafil,12,nee,
C09AA05,SE,2026-10-26,26,ramipril,13,nee,
G04BE03,SE,2026-10-26,26,sildenafilcitrat,14,nee,
R06AX27,SK,2026-10-26,26,Dezloratadín,9,nee,
C09AA05,SK,2026-10-26,26,Ramipril,13,nee,
C01CA17,DE,2026-10-27,27,Midodrinhydrochlorid,5,nee,other
L01DB01,IT,2026-10-27,27,DOXORUBICINA CLORIDRATO,18,nee,production_delay
M01AB05,SE,2026-10-27,27,diklofenaknatrium,10,nee,increased_demand
C01BC04,IT,2026-10-28,28,FLECAINIDE ACETATO,6,nee,increased_demand
C01EB17,IT,2026-10-29,29,IVABRADINA,11,nee,discontinuation
L04AX05,IT,2026-10-29,29,PIRFENIDONE,7,nee,production_delay
N05AD08,IT,2026-10-29,29,DROPERIDOLO,5,nee,discontinuation
L01CD01,AU,2026-10-30,30,paclitaxel,10,nee,production_delay
J01CA04,AU,2026-10-30,30,amoxicillin sodium,10,nee,production_delay
C01EB17,AU,2026-10-30,30,ivabradine hydrochloride,11,nee,production_delay
L04AA06,AU,2026-10-30,30,mycophenolate mofetil,9,nee,commercial
D01AC15,AU,2026-10-30,30,fluconazole,3,nee,production_delay
N03AX18,AU,2026-10-30,30,lacosamide,17,nee,production_delay
C02AB01,DE,2026-10-30,30,Methyldopa (Ph.Eur.),3,nee,production_delay
A07EC02,GR,2026-10-30,30,MESALAZINE,14,nee,production_delay
H01AC01,IT,2026-10-30,30,SOMATROPINA,5,nee,discontinuation
N05AE05,IT,2026-10-30,30,LURASIDONE CLORIDRATO,1,nee,increased_demand
J01XB01,IT,2026-10-30,30,COLISTIMETATO SODICO,7,nee,production_delay
J05AF07,IT,2026-10-30,30,TENOFOVIR DISOPROXIL,9,nee,discontinuation
N02CC01,SE,2026-10-30,30,sumatriptansuccinat,16,nee,
C03DA04,SE,2026-10-30,30,eplerenon,7,nee,
B01AF01,SE,2026-10-30,30,rivaroxaban,20,nee,
C10AA05,SE,2026-10-30,30,atorvastatinkalciumtrihydrat,20,nee,
A10BG03,SE,2026-10-30,30,pioglitazonhydroklorid,9,nee,
L01CA04,SE,2026-10-30,30,vinorelbintartrat,7,nee,
J06BB01,SI,2026-10-30,30,immunoglobulinum humanum anti-D (Rh),2,nee,
N02BE51,SK,2026-10-30,30,"Paracetamol, kombinácie s výnimkou psycholeptík",6,nee,
D11AX18,IT,2026-10-31,31,DICLOFENAC,2,nee,production_delay
C01CA04,IT,2026-10-31,31,DOPAMINA CLORIDRATO,2,nee,discontinuation
L01DB01,IT,2026-10-31,31,DOXORUBICINA CLORIDRATO,18,nee,discontinuation
C03AA03,IT,2026-10-31,31,IDROCLOROTIAZIDE,4,nee,production_delay
L01DB03,IT,2026-10-31,31,EPIRUBICINA CLORIDRATO,9,nee,commercial
A02BC05,IT,2026-10-31,31,ESOMEPRAZOLO MAGNESIO DIIDRATO,11,nee,production_delay
M01AH05,IT,2026-10-31,31,ETORICOXIB,11,nee,production_delay
L04AX04,IT,2026-10-31,31,LENALIDOMIDE,12,nee,commercial
R01AD09,IT,2026-10-31,31,MOMETASONE FUROATO,6,nee,production_delay
A06AD65,IT,2026-10-31,31,MACROGOL 3350 + POTASSIO CLORURO + SODIO CLORURO + SODIO IDR,12,nee,regulatory
D08AC02,IT,2026-10-31,31,CLOREXIDINA DIGLUCONATO,6,nee,temporary_discontinuation
N01AH01,IT,2026-10-31,31,FENTANIL CITRATO,11,nee,discontinuation
A11CC05,IT,2026-10-31,31,COLECALCIFEROLO,7,nee,temporary_discontinuation
J02AC01,IT,2026-10-31,31,FLUCONAZOLO,12,nee,discontinuation
A02BC02,NO,2026-10-31,31,pantoprazolnatriumseskvihydrat,12,nee,discontinuation
J02AC04,SE,2026-10-31,31,posakonazol,7,nee,
R06AX27,SE,2026-10-31,31,desloratadin,9,nee,
N05AH03,SK,2026-10-31,31,Olanzapín,22,nee,
N04BD02,SK,2026-10-31,31,Razagilín,6,nee,
N02AJ06,DK,2026-11-01,32,"Codein, paracetamol (codeinphosphathemihydrat, paracetamol) ",1,nee,production_delay
M05BA04,IT,2026-11-01,32,ACIDO ALENDRONICO,8,nee,production_delay
C08CA01,IT,2026-11-01,32,AMLODIPINA,11,nee,production_delay
C10AA05,IT,2026-11-01,32,ATORVASTATINA CALCIO TRIIDRATO,20,nee,production_delay
C09CA06,IT,2026-11-01,32,CANDESARTAN,11,nee,production_delay
C07AG02,IT,2026-11-01,32,CARVEDILOLO,14,nee,increased_demand
J01FA09,IT,2026-11-01,32,CLARITROMICINA,12,nee,discontinuation
C02CA04,IT,2026-11-01,32,DOXAZOSINA MESILATO,8,nee,production_delay
M01AH05,IT,2026-11-01,32,ETORICOXIB,11,nee,regulatory
A02BA03,IT,2026-11-01,32,FAMOTIDINA,6,nee,discontinuation
D11AX10,IT,2026-11-01,32,FINASTERIDE,4,nee,production_delay
M01AE01,IT,2026-11-01,32,IBUPROFENE,13,nee,increased_demand
N05CH01,IT,2026-11-01,32,MELATONINA,3,nee,discontinuation
N05CH01,IT,2026-11-01,32,MELATONINA,3,nee,discontinuation
C09CA08,IT,2026-11-01,32,OLMESARTAN MEDOXOMIL,9,nee,production_delay
N02BE01,IT,2026-11-01,32,PARACETAMOLO,14,nee,production_delay
N06AB05,IT,2026-11-01,32,PAROXETINA CLORIDRATO,10,nee,production_delay
D01AC02,IT,2026-11-01,32,ECONAZOLO NITRATO,2,nee,increased_demand
C10AA04,IT,2026-11-01,32,PRAVASTATINA SODICA,4,nee,production_delay
C10AA07,IT,2026-11-01,32,ROSUVASTATINA SALE DI CALCIO,15,nee,production_delay
C10AA01,IT,2026-11-01,32,SIMVASTATINA,13,nee,production_delay
C08DA01,IT,2026-11-01,32,VERAPAMIL CLORIDRATO,5,nee,discontinuation
N06BA12,NO,2026-11-01,32,lisdeksamfetamindimesilat,8,nee,increased_demand
M01AE02,NO,2026-11-01,32,naproksen,13,nee,production_delay
M03BB03,SE,2026-11-01,32,klorzoxazon,1,nee,
R03AC12,SE,2026-11-01,32,salmeterolxinafoat,4,nee,
N02BF02,SE,2026-11-01,32,pregabalin,16,nee,
B02AA02,SE,2026-11-01,32,tranexamsyra,8,nee,
N07BB03,SE,2026-11-01,32,akamprosatkalcium,1,nee,
R03BA02,SE,2026-11-01,32,budesonid,7,nee,production_delay
A02BC03,SE,2026-11-01,32,lansoprazol,10,nee,
C10BX03,SK,2026-11-01,32,Atorvastatín a amlodipín,1,nee,
L01CB01,IT,2026-11-02,33,ETOPOSIDE,9,nee,production_delay
C10AA01,IT,2026-11-02,33,SIMVASTATINA,13,nee,discontinuation
C09AA04,IT,2026-11-02,33,PERINDOPRIL ARGININA,13,nee,production_delay
R05DA03,IT,2026-11-02,33,DESTROMETORFANO BROMIDRATO,1,nee,discontinuation
N06AB06,SE,2026-11-02,33,sertralinhydroklorid,15,nee,
N05BA12,SE,2026-11-02,33,alprazolam,9,nee,
S01XA18,SE,2026-11-02,33,ciklosporin,7,nee,production_delay
A07EA06,SE,2026-11-02,33,budesonid,7,nee,
N06AA04,AU,2026-11-03,34,clomipramine hydrochloride,3,nee,production_delay
A06AD65,IT,2026-11-03,34,MACROGOL 3350 + POTASSIO CLORURO + SODIO CLORURO + SODIO IDR,12,nee,regulatory
C02AC05,SE,2026-11-03,34,moxonidin,5,nee,
J01DH02,SE,2026-11-03,34,meropenemtrihydrat,8,nee,
J01DH02,SE,2026-11-03,34,meropenemtrihydrat,8,nee,
N06AX21,SE,2026-11-03,34,duloxetinhydroklorid,17,nee,
N06AB03,IT,2026-11-04,35,FLUOXETINA CLORIDRATO,14,nee,production_delay
G04BE03,SE,2026-11-04,35,sildenafilcitrat,14,nee,
N05AL05,IT,2026-11-05,36,AMISULPRIDE,7,nee,production_delay
L04AX04,IT,2026-11-05,36,LENALIDOMIDE,12,nee,production_delay
C09AA05,AU,2026-11-06,37,ramipril,13,nee,production_delay
C09AA04,AU,2026-11-06,37,perindopril erbumine,13,nee,production_delay
N05AH04,AU,2026-11-06,37,quetiapine fumarate,24,nee,production_delay
C02CA04,IT,2026-11-06,37,DOXAZOSINA MESILATO,8,nee,production_delay
N03AX14,IT,2026-11-06,37,LEVETIRACETAM,15,nee,production_delay
G03AC03,IT,2026-11-07,38,LEVONORGESTREL,2,nee,discontinuation
L04AB04,IT,2026-11-07,38,ADALIMUMAB,15,nee,production_delay
A06AD16,IT,2026-11-07,38,MANNITOLO,4,nee,discontinuation
R03DC03,IT,2026-11-07,38,MONTELUKAST,12,nee,production_delay
V03AE02,IT,2026-11-08,39,SEVELAMER CARBONATO,6,nee,production_delay
N05AH03,NO,2026-11-08,39,olanzapinembonatmonohydrat,22,nee,production_delay
N05AH04,AU,2026-11-09,40,quetiapine fumarate,24,nee,increased_demand
L04AX04,IT,2026-11-09,40,LENALIDOMIDE,12,nee,increased_demand
A06AD65,IT,2026-11-09,40,MACROGOL 3350 + POTASSIO CLORURO + SODIO CLORURO + SODIO IDR,12,nee,regulatory
A05AA02,SE,2026-11-09,40,ursodeoxicholsyra,7,nee,
C02KX02,SE,2026-11-09,40,ambrisentan,6,nee,
C08CA01,AU,2026-11-10,41,amlodipine besilate,11,nee,production_delay
L01DB01,IT,2026-11-10,41,DOXORUBICINA CLORIDRATO,18,nee,production_delay
C08DB01,IT,2026-11-10,41,DILTIAZEM CLORIDRATO,8,nee,production_delay
N05AH03,IT,2026-11-10,41,OLANZAPINA,22,nee,production_delay
R03BA02,SE,2026-11-10,41,budesonid,7,nee,production_delay
N06AB10,SK,2026-11-10,41,Escitalopram,13,nee,
C09AA05,SE,2026-11-11,42,ramipril,13,nee,
N06DA02,AU,2026-11-13,44,donepezil hydrochloride,15,nee,production_delay
L01EA02,NO,2026-11-13,44,dasatinib,5,nee,logistics
B01AF03,NO,2026-11-14,45,edoksabantosilat,13,nee,production_delay
N07AX01,GR,2026-11-15,46,PILOCARPINE HYDROCHLORIDE,4,nee,regulatory
C08CA01,IT,2026-11-15,46,AMLODIPINA BESILATO,11,nee,discontinuation
C07AB07,IT,2026-11-15,46,BISOPROLOLO FUMARATO,14,nee,production_delay
C09AA04,IT,2026-11-15,46,PERINDOPRIL TERT-BUTILAMINA,13,nee,production_delay
L01EH01,IT,2026-11-15,46,LAPATINIB,3,nee,
A07EA06,NO,2026-11-15,46,budesonid,7,nee,increased_demand
A09AA02,NO,2026-11-15,46,"lipase, amylase, protease",9,nee,production_delay
C09AA03,NO,2026-11-15,46,lisinoprildihydrat,6,nee,production_delay
C09AA03,NO,2026-11-15,46,lisinoprildihydrat,6,nee,production_delay
N05AH04,SE,2026-11-15,46,kvetiapinfumarat,24,nee,production_delay
A12BA01,SE,2026-11-15,46,kaliumklorid,10,nee,
N02CC01,SE,2026-11-15,46,sumatriptansuccinat,16,nee,
A02BC05,SE,2026-11-15,46,esomeprazolmagnesium,11,nee,
J01CA04,SE,2026-11-15,46,amoxicillintrihydrat,10,nee,
V03AB35,SE,2026-11-15,46,sugammadexnatrium,12,nee,
N06AB08,SE,2026-11-15,46,fluvoxaminmaleat,2,nee,
L04AX01,SE,2026-11-15,46,azatioprin,3,nee,
N05BA01,SE,2026-11-15,46,diazepam,8,nee,production_delay
R06AX26,SE,2026-11-15,46,fexofenadinhydroklorid,8,nee,
A07EA06,SE,2026-11-15,46,budesonid,7,nee,
G04BE03,SK,2026-11-15,46,Sildenafil,14,nee,
G04BE03,SK,2026-11-15,46,Sildenafil,14,nee,
N03AX09,SK,2026-11-15,46,Lamotrigín,11,nee,
L02BG03,IT,2026-11-16,47,ANASTROZOLO,7,nee,production_delay
J01MA02,IT,2026-11-16,47,CIPROFLOXACINA CLORIDRATO MONOIDRATO,18,nee,production_delay
A11CC05,IT,2026-11-16,47,COLECALCIFEROLO,7,nee,commercial
L01DB03,IT,2026-11-16,47,EPIRUBICINA CLORIDRATO,9,nee,production_delay
C03CA01,IT,2026-11-16,47,FUROSEMIDE,19,nee,production_delay
C09CA08,IT,2026-11-16,47,OLMESARTAN MEDOXOMIL,9,nee,production_delay
L01EA01,IT,2026-11-16,47,IMATINIB MESILATO,12,nee,production_delay
N03AX18,IT,2026-11-16,47,LACOSAMIDE,17,nee,temporary_discontinuation
C07AA06,IT,2026-11-16,47,TIMOLOLO,2,nee,production_delay
C10AX14,IT,2026-11-16,47,ALIROCUMAB,4,nee,discontinuation
C10AX14,IT,2026-11-16,47,ALIROCUMAB,4,nee,discontinuation
N02BF02,IT,2026-11-16,47,PREGABALIN,16,nee,production_delay
C09CA07,IT,2026-11-16,47,TELMISARTAN,11,nee,discontinuation
G03DA02,SE,2026-11-16,47,medroxiprogesteronacetat,1,nee,
N03AX14,SE,2026-11-16,47,levetiracetam,15,nee,
H02AB06,SE,2026-11-16,47,prednisolon,7,nee,
L04AA06,AU,2026-11-17,48,mycophenolate mofetil,9,nee,production_delay
N03AF01,IT,2026-11-18,49,CARBAMAZEPINA,7,nee,production_delay
N02CC04,IT,2026-11-18,49,RIZATRIPTAN,7,nee,production_delay
N05BA08,IT,2026-11-19,50,BROMAZEPAM,4,nee,production_delay
N03AF01,IT,2026-11-19,50,CARBAMAZEPINA,7,nee,increased_demand
J01XX08,IT,2026-11-19,50,LINEZOLID,14,nee,production_delay
N03AG01,SE,2026-11-19,50,"natriumvalproat, valproinsyra",14,nee,production_delay
P02CA03,AU,2026-11-20,51,albendazole,8,nee,production_delay
N03AX11,AU,2026-11-20,51,topiramate,13,nee,production_delay
B01AE07,IT,2026-11-20,51,DABIGATRAN ETEXILATO MESILATO,17,nee,production_delay
H02AB13,IT,2026-11-20,51,DEFLAZACORT,2,nee,increased_demand
N01AX10,IT,2026-11-20,51,PROPOFOL,11,nee,production_delay
M03AC02,IT,2026-11-20,51,MIVACURIO CLORURO,1,nee,production_delay
C09CA08,IT,2026-11-20,51,OLMESARTAN MEDOXOMIL,9,nee,production_delay
A02BC02,IT,2026-11-20,51,PANTOPRAZOLO SODICO SESQUIDRATO,12,nee,temporary_discontinuation
A03AD01,IT,2026-11-20,51,PAPAVERINA CLORIDRATO,2,nee,temporary_discontinuation
M04AB01,SE,2026-11-20,51,probenecid,1,nee,
L01EX09,SE,2026-11-20,51,nintedanibesilat,5,nee,
R06AE09,IT,2026-11-22,53,LEVOCETIRIZINA DICLORIDRATO,4,nee,production_delay
C09CA07,IT,2026-11-22,53,TELMISARTAN,11,nee,production_delay
N05BA01,SE,2026-11-22,53,diazepam,8,nee,production_delay
G03AC06,AU,2026-11-23,54,medroxyprogesterone acetate,1,nee,production_delay
J01GB06,IT,2026-11-23,54,AMIKACINA SOLFATO,6,nee,increased_demand
G02CX01,IT,2026-11-23,54,ATOSIBAN ACETATO,5,nee,production_delay
V08CA02,IT,2026-11-23,54,ACIDO GADOTERICO,5,nee,production_delay
R06AX26,IT,2026-11-23,54,FEXOFENADINA CLORIDRATO,8,nee,discontinuation
J05AF07,IT,2026-11-23,54,TENOFOVIR DISOPROXIL,9,nee,production_delay
C09AA02,SE,2026-11-23,54,enalaprilmaleat,10,nee,
J01MA14,SE,2026-11-23,54,moxifloxacinhydroklorid,12,nee,
N02CC01,SE,2026-11-23,54,sumatriptansuccinat,16,nee,
G04BE03,SE,2026-11-23,54,sildenafilcitrat,14,nee,
M04AA01,SE,2026-11-23,54,allopurinol,9,nee,
M01AC01,IT,2026-11-24,55,PIROXICAM,5,nee,increased_demand
N06AX16,IT,2026-11-24,55,VENLAFAXINA CLORIDRATO,15,nee,production_delay
C08CA01,AU,2026-11-25,56,amlodipine besilate,11,nee,increased_demand
L01DB03,IT,2026-11-25,56,EPIRUBICINA CLORIDRATO,9,nee,production_delay
D11AX10,IT,2026-11-25,56,FINASTERIDE,4,nee,production_delay
C08CA13,IT,2026-11-25,56,LERCANIDIPINA CLORIDRATO,9,nee,production_delay
L02AB02,SE,2026-11-25,56,medroxiprogesteronacetat,1,nee,
N05AX12,AU,2026-11-27,58,aripiprazole,17,nee,production_delay
G04BE03,AU,2026-11-27,58,sildenafil citrate,14,nee,production_delay
G04BE08,AU,2026-11-27,58,tadalafil,12,nee,production_delay
N03AX14,IT,2026-11-27,58,LEVETIRACETAM,15,nee,increased_demand
N05AE05,IT,2026-11-27,58,LURASIDONE CLORIDRATO,1,nee,production_delay
C10AX15,IT,2026-11-27,58,ACIDO BEMPEDOICO,2,nee,production_delay
A03FA01,AU,2026-11-30,61,metoclopramide hydrochloride monohydrate,8,nee,production_delay
A11CC05,IT,2026-11-30,61,COLECALCIFEROLO,7,nee,production_delay
A04AD12,IT,2026-11-30,61,APREPITANT + APREPITANT,11,nee,discontinuation
H01AC01,IT,2026-11-30,61,SOMATROPINA,5,nee,discontinuation
M01AE03,IT,2026-11-30,61,KETOPROFENE SALE DI LISINA,4,nee,increased_demand
M01AX17,IT,2026-11-30,61,NIMESULIDE,2,nee,discontinuation
N02BB02,IT,2026-11-30,61,METAMIZOLO SODICO,4,nee,discontinuation
J02AC04,IT,2026-11-30,61,POSACONAZOLO,7,nee,discontinuation
C09CA08,IT,2026-11-30,61,IDROCLOROTIAZIDE + OLMESARTAN MEDOXOMIL,9,nee,production_delay
V03AE02,IT,2026-11-30,61,SEVELAMER,6,nee,discontinuation
J01MA02,IT,2026-11-30,61,CIPROFLOXACINA CLORIDRATO,18,nee,increased_demand
C10AA05,SE,2026-11-30,61,atorvastatinkalciumtrihydrat,20,nee,
C08CA13,SE,2026-11-30,61,lerkanidipinhydroklorid (vattenfri),9,nee,production_delay
J01CE02,SE,2026-11-30,61,fenoximetylpenicillinkalium,4,nee,
R06AX27,SE,2026-11-30,61,desloratadin,9,nee,
C02AC06,SK,2026-11-30,61,Rilmenidín,3,nee,
J01DC10,GR,2026-12-01,62,CEFPROZIL MONOHYDRATE,4,nee,supply_problem
S02AA15,GR,2026-12-01,62,CIPROFLOXACIN HYDROCHLORIDE MONOHYDRATE,1,nee,supply_problem
N05BA12,IT,2026-12-01,62,ALPRAZOLAM,9,nee,discontinuation
N07CA01,IT,2026-12-01,62,BETAISTINA DICLORIDRATO,8,nee,discontinuation
J01DD13,IT,2026-12-01,62,CEFPODOXIMA,2,nee,discontinuation
L01DB03,IT,2026-12-01,62,EPIRUBICINA CLORIDRATO,9,nee,production_delay
D11AX10,IT,2026-12-01,62,FINASTERIDE,4,nee,production_delay
L04AX06,IT,2026-12-01,62,POMALIDOMIDE,9,nee,discontinuation
B02BD02,IT,2026-12-01,62,OCTOCOG ALFA,7,nee,discontinuation
A04AA01,IT,2026-12-01,62,ONDANSETRON CLORIDRATO DIIDRATO,11,nee,production_delay
N04BC06,IT,2026-12-01,62,PRAMIPEXOLO,2,nee,production_delay
N02BF02,IT,2026-12-01,62,PREGABALIN,16,nee,production_delay
N05AX08,IT,2026-12-01,62,RISPERIDONE,17,nee,production_delay
G04BE08,IT,2026-12-01,62,TADALAFIL,12,nee,discontinuation
N07XX15,IT,2026-12-01,62,INOTERSEN,1,nee,discontinuation
L02AE02,NO,2026-12-01,62,leuprorelinacetat,7,nee,production_delay
J01CE02,SE,2026-12-01,62,fenoximetylpenicillinkalium,4,nee,
N05AH03,SE,2026-12-01,62,olanzapin,22,nee,
C01CA24,SE,2026-12-01,62,adrenalin,17,nee,
C02KX02,SE,2026-12-01,62,ambrisentan,6,nee,
J01CE02,SE,2026-12-01,62,fenoximetylpenicillinkalium,4,nee,
L01EA02,SE,2026-12-01,62,dasatinib (vattenfri),5,nee,
J01CE02,SE,2026-12-01,62,fenoximetylpenicillinkalium,4,nee,
L01EA02,SE,2026-12-01,62,dasatinib (vattenfri),5,nee,
A04AD12,SK,2026-12-01,62,Aprepitant,11,nee,
N04BC04,SK,2026-12-01,62,Ropinirol,12,nee,
N03AX09,SK,2026-12-01,62,Lamotrigín,11,nee,
G04BE03,AU,2026-12-02,63,sildenafil citrate,14,nee,production_delay
H01CC01,AU,2026-12-04,65,ganirelix,7,nee,production_delay
G03AC06,AU,2026-12-07,68,medroxyprogesterone acetate,1,nee,production_delay
H05BX01,SE,2026-12-07,68,cinakalcethydroklorid,15,nee,
J01DC02,IT,2026-12-08,69,CEFUROXIMA SODICA,11,nee,temporary_discontinuation
C10AA01,SE,2026-12-10,71,simvastatin,13,nee,quality
J06BA02,SK,2026-12-10,71,Normálne ľudské imunoglobulíny na intravenózne použitie,9,nee,
N03AX11,AU,2026-12-11,72,topiramate,13,nee,commercial
L01BC01,AU,2026-12-15,76,cytarabine,7,nee,production_delay
N06AG02,AU,2026-12-15,76,moclobemide,2,nee,production_delay
A06AD16,IT,2026-12-15,76,MANNITOLO,4,nee,discontinuation
A11CC04,IT,2026-12-15,76,CALCITRIOLO,7,nee,discontinuation
D11AH02,SE,2026-12-15,76,pimekrolimus,2,nee,
G04BE08,SE,2026-12-15,76,tadalafil,12,nee,
J01CE02,SE,2026-12-15,76,fenoximetylpenicillinkalium,4,nee,
N05AX08,AU,2026-12-18,79,risperidone,17,nee,production_delay
G04BE03,AU,2026-12-18,79,sildenafil citrate,14,nee,production_delay
N05AX12,AU,2026-12-18,79,aripiprazole,17,nee,production_delay
N05AX12,AU,2026-12-18,79,aripiprazole,17,nee,production_delay
G03AC06,AU,2026-12-20,81,medroxyprogesterone acetate,1,nee,production_delay
N03AX11,AU,2026-12-21,82,topiramate,13,nee,production_delay
C07AG02,IT,2026-12-21,82,CARVEDILOLO,14,nee,discontinuation
L01CD01,IT,2026-12-21,82,PACLITAXEL,10,nee,discontinuation
C09AA02,AU,2026-12-22,83,enalapril maleate,10,nee,production_delay
G04BE08,AU,2026-12-25,86,tadalafil,12,nee,production_delay
G04CA52,NO,2026-12-28,89,"dutasterid, tamsulosinhydroklorid",4,nee,increased_demand
C09AA02,AU,2026-12-29,90,enalapril maleate,10,nee,production_delay
C09AA02,AU,2026-12-29,90,enalapril maleate,10,nee,production_delay
C10AA03,AU,2026-12-29,90,pravastatin sodium,6,nee,production_delay
L01BC07,IT,2026-12-31,92,AZACITIDINA,10,nee,temporary_discontinuation
J01XX09,IT,2026-12-31,92,DAPTOMICINA,2,nee,discontinuation
J01XX09,IT,2026-12-31,92,DAPTOMICINA,2,nee,discontinuation
J05AE08,IT,2026-12-31,92,ATAZANAVIR (TD),2,nee,discontinuation
N02AB03,IT,2026-12-31,92,FENTANIL,11,nee,discontinuation
G03GA04,IT,2026-12-31,92,UROFOLLITROPINA,5,nee,discontinuation
B02BD02,IT,2026-12-31,92,OCTOCOG ALFA,7,nee,discontinuation
M01AB05,SE,2026-12-31,92,diklofenaknatrium,10,nee,production_delay
C07AG02,SE,2026-12-31,92,karvedilol,14,nee,
C03CA04,IT,2027-01-01,93,TORASEMIDE,2,nee,discontinuation
V03AC03,IT,2027-01-01,93,DEFERASIROX,12,nee,discontinuation
V03AC03,IT,2027-01-01,93,DEFERASIROX,12,nee,discontinuation
V03AC03,IT,2027-01-01,93,DEFERASIROX,12,nee,discontinuation
N04BC01,IT,2027-01-01,93,BROMOCRIPTINA,1,nee,discontinuation
N07CA02,IT,2027-01-01,93,CINNARIZINA,1,nee,discontinuation
R01AC03,IT,2027-01-01,93,AZELASTINA CLORIDRATO,3,nee,discontinuation
J01DC02,IT,2027-01-01,93,CEFUROXIMA,11,nee,discontinuation
H02AB08,SE,2027-01-01,93,triamcinolonhexacetonid,8,nee,
J01CE02,SE,2027-01-01,93,fenoximetylpenicillinkalium,4,nee,
J01CE02,SE,2027-01-01,93,fenoximetylpenicillinkalium,4,nee,
J01CE02,SE,2027-01-01,93,fenoximetylpenicillinkalium,4,nee,
L01DB01,SI,2027-01-01,93,doxorubicinum,18,nee,
N04BC05,AU,2027-01-04,96,pramipexole dihydrochloride monohydrate,10,nee,production_delay
J05AF05,AU,2027-01-04,96,lamivudine,6,nee,production_delay
L01CD02,AU,2027-01-08,100,docetaxel,15,nee,production_delay
J01DF01,SE,2027-01-08,100,aztreonam,6,nee,
L01DB03,IT,2027-01-12,104,EPIRUBICINA CLORIDRATO,9,nee,production_delay
C08CA01,AU,2027-01-13,105,amlodipine besilate,11,nee,increased_demand
L01DB01,IT,2027-01-19,111,DOXORUBICINA CLORIDRATO,18,nee,production_delay
L01BA03,IT,2027-01-19,111,RALTITREXED,3,nee,production_delay
L01EL05,IT,2027-01-23,115,PIRTOBRUTINIB,1,nee,temporary_discontinuation
H02AB02,IT,2027-01-25,117,DESAMETASONE,14,nee,production_delay
L01BC01,AU,2027-01-29,121,cytarabine,7,nee,production_delay
N06DA03,IT,2027-01-29,121,RIVASTIGMINA,12,nee,discontinuation
C07AB02,MY,2027-01-30,122,METOPROLOL TARTRATE,15,nee,commercial
N06AX21,IT,2027-01-31,123,DULOXETINA CLORIDRATO,17,nee,discontinuation
C08CA01,IT,2027-01-31,123,AMLODIPINA BESILATO,11,nee,discontinuation
C08CA01,IT,2027-01-31,123,AMLODIPINA BESILATO,11,nee,discontinuation
A02BC01,IT,2027-01-31,123,OMEPRAZOLO,13,nee,discontinuation
C02DC01,IT,2027-01-31,123,MINOXIDIL,3,nee,discontinuation
M05BA07,IT,2027-01-31,123,RISEDRONATO SODICO,4,nee,production_delay
N02AB03,NO,2027-01-31,123,fentanylsitrat,11,nee,commercial
J06BB01,SI,2027-01-31,123,immunoglobulinum humanum anti-D (Rh),2,nee,
L01EA01,AU,2027-02-01,124,imatinib mesilate,12,nee,production_delay
L01XA03,AU,2027-02-01,124,oxaliplatin,14,nee,production_delay
J01DD01,IT,2027-02-01,124,CEFOTAXIMA SODICA,9,nee,
M01AE02,IT,2027-02-01,124,KETOPROFENE,13,nee,discontinuation
C09CA08,IT,2027-02-01,124,IDROCLOROTIAZIDE + OLMESARTAN MEDOXOMIL,9,nee,production_delay
C09CA08,IT,2027-02-01,124,OLMESARTAN MEDOXOMIL,9,nee,production_delay
J01CE02,SE,2027-02-01,124,fenoximetylpenicillinkalium,4,nee,
L01AX04,AU,2027-02-09,132,dacarbazine,4,nee,production_delay
D06AX01,AU,2027-02-18,141,sodium fusidate,8,nee,production_delay
M09AX01,IT,2027-02-28,151,SODIO IALURONATO,3,nee,discontinuation
J02AC04,IT,2027-02-28,151,POSACONAZOLO,7,nee,discontinuation
G03AC03,IT,2027-03-01,152,LEVONORGESTREL,2,nee,discontinuation
C01EA01,AU,2027-03-08,159,alprostadil,4,nee,production_delay
L01BC05,AU,2027-03-09,160,gemcitabine hydrochloride,12,nee,production_delay
L01BA03,AU,2027-03-22,173,raltitrexed,3,nee,production_delay
J05AR10,DK,2027-03-25,176,Lopinavir og ritonavir ATC-kode: J05AR10 Forventet periode: ,2,nee,commercial
B01AB05,IT,2027-03-30,181,EPARINA SODICA,10,nee,discontinuation
V03AB35,IT,2027-03-31,182,SUGAMMADEX,12,nee,discontinuation
D01AE16,IT,2027-03-31,182,AMOROLFINA,5,nee,discontinuation
C07AG02,SE,2027-03-31,182,karvedilol,14,nee,
A06AD16,AU,2027-04-01,183,mannitol,4,nee,commercial
J01CE02,SE,2027-04-01,183,fenoximetylpenicillinkalium,4,nee,
L01BC05,AU,2027-04-02,184,gemcitabine hydrochloride,12,nee,increased_demand
C01EA01,AU,2027-05-01,213,alprostadil,4,nee,production_delay
C07AB09,DE,2027-05-01,213,Esmololhydrochlorid,4,nee,production_delay
N06AB03,IT,2027-05-03,215,FLUOXETINA CLORIDRATO,14,nee,production_delay
L01BC01,AU,2027-05-07,219,cytarabine,7,nee,increased_demand
L04AX06,IT,2027-06-01,244,POMALIDOMIDE,9,nee,discontinuation
J01CE02,SE,2027-06-01,244,fenoximetylpenicillinkalium,4,nee,
C07AB09,SE,2027-06-01,244,esmololhydroklorid,4,nee,raw_material
C07AB09,SE,2027-06-01,244,esmololhydroklorid,4,nee,raw_material
C02DC01,IT,2027-06-30,273,MINOXIDIL,3,nee,discontinuation
A02BC01,IT,2027-07-01,274,OMEPRAZOLO,13,nee,commercial
B01AB05,IT,2027-07-31,304,EPARINA SODICA,10,nee,discontinuation
N04BC01,IT,2028-01-01,458,BROMOCRIPTINA,1,nee,discontinuation
J02AC01,IT,2028-01-31,488,FLUCONAZOLO,12,nee,discontinuation
C10BA05,SK,2028-02-20,508,Atorvastatín a ezetimib,6,nee,
J01DF01,SE,2028-02-25,513,aztreonam,6,nee,
N01BB01,IT,2028-04-01,549,BUPIVACAINA CLORIDRATO,8,nee,commercial
J06BB02,IT,2028-04-28,576,IMMUNOGLOBULINA UMANA ANTIEPATITE B,2,nee,temporary_discontinuation
C10AA08,IT,2029-05-01,944,PITAVASTATINA CALCICA,3,nee,temporary_discontinuation
