land,gebeurtenissen,vroegste,mediaan,laatste,voor_2026,in_venster,doet_mee_in_venster,datum_betekenis
IS,611,2000-01-01,2025-01-28,2026-09-30,518,327,ja,verwachte_start
SK,771,2004-03-31,2022-03-17,2026-12-31,683,152,ja,feitelijke_start
HU,532,2007-03-08,2023-10-31,2026-09-25,434,187,ja,feitelijke_start
AU,367,2008-10-01,2026-04-21,2027-10-01,129,271,ja,verwachte_start
SI,248,2009-08-30,2024-11-14,2026-11-24,164,114,ja,feitelijke_start
FR,162,2011-11-17,2026-03-23,2027-07-01,74,116,ja,feitelijke_start
US,186,2012-01-01,2025-11-21,2026-09-29,102,130,ja,publicatiedatum
IT,710,2016-02-24,2025-11-26,2029-05-01,377,408,ja,verwachte_start
ES,389,2016-05-06,2026-03-26,2026-09-30,143,325,ja,meldingsdatum
LV,377,2016-05-31,2021-06-30,2026-09-30,329,103,ja,feitelijke_start
RO,313,2016-09-07,2025-03-03,2026-09-21,215,162,ja,meldingsdatum
HR,147,2016-12-20,2025-07-18,2026-09-28,87,87,ja,feitelijke_start
AT,278,2017-10-12,2026-04-23,2026-10-01,98,236,ja,feitelijke_start
DE,251,2018-07-01,2026-01-21,2027-05-01,121,190,ja,feitelijke_start
BE,305,2019-04-11,2026-05-29,2026-10-14,102,246,ja,feitelijke_start
SE,360,2020-05-28,2026-04-06,2027-07-01,135,265,ja,verwachte_start
DK,158,2020-07-01,2025-11-25,2027-03-25,86,118,ja,verwachte_start
NO,483,2020-07-10,2026-01-01,2026-10-19,240,432,ja,feitelijke_start
JP,487,2021-08-01,2025-04-17,2026-09-24,352,310,ja,registratiedatum
EE,91,2022-09-26,2026-02-09,2026-10-12,38,69,ja,feitelijke_start
IE,183,2022-10-01,2026-05-13,2026-10-26,57,151,ja,verwachte_start
FI,315,2023-08-04,2026-05-20,2026-10-12,82,288,ja,feitelijke_start
CA,20,2023-11-14,2026-05-15,2026-09-14,9,17,ja,publicatiedatum
GR,171,2024-05-13,2026-07-03,2026-12-01,28,161,ja,feitelijke_start
CZ,128,2024-08-02,2026-06-03,2026-10-01,29,122,ja,publicatiedatum
MY,80,2024-12-31,2026-05-18,2027-08-01,15,64,ja,verwachte_start
