land_a,land_b,gedeelde_moleculen,a_eerst,b_eerst,gelijke_dag,aandeel_a_eerst,mediaan_dagen,spreiding_dagen,kwartiel_25,kwartiel_75
GR,LV,65,2,63,0,0.031,-2071,1198.1,-3014.0,-705.5
GR,SK,104,6,97,1,0.058,-1695.5,910.1,-2314.5,-824.8
IE,LV,81,5,76,0,0.062,-1633,1214.2,-2769.0,-604.5
LV,MY,32,30,2,0,0.938,2025.0,1184.4,729.0,2671.8
CZ,LV,47,3,44,0,0.064,-1819,1165.6,-2750.0,-432.0
GR,IS,97,7,90,0,0.072,-490,364.2,-649.5,-212.0
CA,IT,12,1,11,0,0.083,-688.5,801.0,-1586.8,-81.0
FI,SK,217,19,198,0,0.088,-1681,843.8,-2162.0,-904.0
IE,SK,124,11,113,0,0.089,-1642.0,843.0,-2280.8,-1109.8
DE,LV,78,7,71,0,0.09,-1931.0,1172.7,-2579.5,-542.8
GR,HU,87,8,79,0,0.092,-917,1650.1,-3291.0,-266.0
BE,LV,117,11,106,0,0.094,-2052,1294.7,-3021.0,-511.0
DE,SK,148,14,132,2,0.095,-1278.5,939.8,-1893.5,-400.0
ES,SK,214,21,193,0,0.098,-1381.5,920.5,-2058.0,-527.2
BE,SK,193,19,174,0,0.098,-1675,944.4,-2214.5,-859.5
ES,LV,142,15,127,0,0.106,-2041.5,1248.3,-2787.2,-682.8
LV,SE,141,126,15,0,0.894,2062,1284.8,690.0,2887.5
AT,SK,175,19,155,1,0.109,-1704,984.3,-2205.0,-454.0
JP,SK,228,25,203,0,0.11,-1294.0,838.6,-1769.8,-541.0
MY,SK,54,6,48,0,0.111,-1828.5,889.5,-2284.8,-949.5
FI,LV,133,15,118,0,0.113,-1982,1285.1,-2980.5,-491.0
SE,SK,231,27,204,0,0.117,-1399,914.8,-2027.0,-467.0
AU,LV,136,16,119,1,0.118,-1756.0,1339.8,-2622.2,-474.5
IE,US,34,4,30,0,0.118,-168.0,1185.8,-1279.5,-63.8
CZ,US,17,2,15,0,0.118,-243,1126.7,-1497.0,-50.0
HR,MY,17,15,2,0,0.882,601,720.2,213.0,1462.5
GR,US,24,3,21,0,0.125,-196.0,1342.3,-463.8,-49.2
NO,SK,268,34,232,2,0.127,-1445.0,903.5,-2023.8,-487.2
BE,HU,157,20,136,1,0.127,-1233,1656.9,-3167.0,-210.0
HU,IE,94,82,12,0,0.872,1145.5,1583.6,344.2,3030.0
DK,SK,94,12,82,0,0.128,-1438.0,898.0,-2027.8,-314.0
MY,RO,30,4,26,0,0.133,-679.0,994.3,-1570.2,-132.8
FI,IS,199,27,172,0,0.136,-464,722.2,-666.0,-166.0
LV,NO,159,137,22,0,0.862,1827,1263.6,303.0,2649.0
GR,IT,94,13,79,2,0.138,-361.0,625.6,-896.8,-64.2
AT,LV,112,16,96,0,0.143,-1944.0,1320.2,-2719.0,-499.2
FR,SK,82,12,70,0,0.146,-1291.5,980.5,-1935.0,-169.8
EE,SK,61,9,52,0,0.148,-1607,994.3,-2226.0,-442.5
AU,SK,193,29,164,0,0.15,-1512,1091.4,-2175.5,-551.5
GR,JP,65,10,55,0,0.154,-363,423.4,-801.0,-99.0
HR,SK,106,17,89,0,0.16,-1151.5,938.0,-1812.0,-375.5
DE,IS,118,19,98,1,0.161,-386.0,1008.2,-596.2,-114.0
CZ,SK,87,14,73,0,0.161,-1434,941.1,-1958.0,-87.0
MY,NO,37,6,31,0,0.162,-197,400.8,-377.5,-58.0
IS,MY,43,36,7,0,0.837,486,454.8,92.0,707.0
JP,LV,158,26,131,1,0.165,-1610.0,1232.0,-2495.8,-389.0
CA,SK,12,2,10,0,0.167,-1562.5,958.3,-2102.2,-156.8
CZ,HR,24,4,20,0,0.167,-455.0,772.0,-1049.8,-32.2
HU,MY,42,35,7,0,0.833,1120.0,1808.6,150.2,3958.8
DK,LV,42,7,35,0,0.167,-1420.5,1143.7,-2201.8,-486.5
GR,RO,54,9,44,1,0.167,-308.0,991.4,-1572.0,-57.5
BE,IS,172,29,143,0,0.169,-440.5,539.6,-656.5,-150.2
CZ,IS,70,12,58,0,0.171,-322.5,321.4,-597.5,-84.8
IS,SK,336,58,278,0,0.173,-1079.0,1043.6,-1736.5,-285.5
AU,IS,184,32,152,0,0.174,-399.0,606.0,-638.8,-86.5
GR,NO,80,14,65,1,0.175,-198.0,351.6,-291.5,-71.0
MY,US,17,3,14,0,0.176,-270,843.6,-1610.5,-11.5
IT,LV,214,38,175,1,0.178,-1576.0,1360.5,-2308.0,-209.0
AT,IS,163,29,134,0,0.178,-449,904.4,-656.0,-138.0
IE,IS,111,20,91,0,0.18,-448,475.7,-693.0,-114.0
FR,LV,50,9,41,0,0.18,-1117.0,1320.5,-2422.5,-103.2
BE,RO,99,18,81,0,0.182,-423,1033.9,-1057.0,-100.0
JP,MY,33,27,6,0,0.818,310,473.4,57.5,885.0
HU,NO,209,170,36,3,0.813,866,1628.1,117.0,2616.0
FI,HU,170,32,136,2,0.188,-941.0,1612.4,-2872.2,-205.2
FI,HR,63,12,51,0,0.19,-345,639.1,-826.0,-9.0
IT,SK,317,62,254,1,0.196,-1088,983.5,-1726.0,-172.5
ES,IS,189,37,152,0,0.196,-346,513.9,-597.5,-81.0
AT,RO,97,19,78,0,0.196,-409,1154.1,-1260.5,-64.0
IS,NO,290,233,57,0,0.803,336.0,670.3,71.5,492.2
IS,LV,213,42,171,0,0.197,-1458,1246.8,-2423.5,-196.5
EE,LV,45,9,36,0,0.2,-1313,1264.5,-2380.0,-200.5
EE,HU,50,10,40,0,0.2,-671.5,1502.4,-2181.2,-26.8
AU,HU,152,31,121,0,0.204,-588.0,1507.4,-2105.0,-35.0
FI,RO,102,21,81,0,0.206,-390.5,1089.2,-1214.8,-18.0
ES,HU,160,33,127,0,0.206,-814.5,1638.9,-2615.5,-70.2
AT,HU,149,31,117,1,0.208,-727,1700.9,-2650.0,-49.5
GR,SI,53,11,42,0,0.208,-246,1381.9,-1406.0,-29.0
EE,HR,19,4,15,0,0.211,-360,892.7,-1133.0,-20.0
HR,LV,80,17,63,0,0.212,-1631.0,1313.5,-2277.2,-305.5
IT,MY,42,33,9,0,0.786,335.5,556.0,14.2,784.0
HU,SE,175,137,36,2,0.783,767,1549.6,37.0,2419.0
BE,SI,92,20,71,1,0.217,-349.0,1335.0,-1602.8,-4.8
IE,SI,55,12,43,0,0.218,-322,1237.6,-1315.0,-44.0
FI,IT,174,38,136,0,0.218,-348.0,692.3,-997.0,-31.0
DE,HU,110,24,85,1,0.218,-657.0,1720.9,-2841.8,-29.5
CZ,IT,64,14,50,0,0.219,-238.5,658.4,-874.2,-15.0
FI,JP,127,28,99,0,0.22,-296,429.6,-527.0,-27.0
IS,SE,229,178,51,0,0.777,382,755.1,51.0,661.5
LV,US,67,52,15,0,0.776,1378,1625.9,185.0,2507.0
AT,IT,159,36,120,3,0.226,-371,805.4,-928.0,-4.0
FR,GR,31,24,6,1,0.774,200,318.3,21.0,448.0
MY,SI,22,5,17,0,0.227,-525.0,1213.5,-1397.0,42.8
DK,IS,83,19,64,0,0.229,-246,1139.4,-499.0,-19.0
IE,IT,129,30,99,0,0.233,-337,664.0,-995.5,-23.0
IE,MY,17,13,4,0,0.765,192,395.5,-73.5,411.0
DK,HU,72,17,55,0,0.236,-790.5,1553.7,-2281.5,-86.2
FI,US,54,13,41,0,0.241,-196.5,1507.1,-2036.5,-7.5
HR,HU,87,21,66,0,0.241,-515,1625.3,-2329.0,-1.0
AU,RO,119,29,90,0,0.244,-318,1137.2,-966.0,-12.0
BE,IT,163,40,123,0,0.245,-309,710.2,-927.0,-4.0
DE,MY,24,18,6,0,0.75,164.0,282.1,10.5,422.8
IE,RO,75,19,56,0,0.253,-283,980.6,-1317.0,10.0
BE,JP,130,33,94,3,0.254,-302.0,586.9,-543.5,9.2
AT,NO,142,36,105,1,0.254,-144.0,537.6,-281.2,15.2
EE,IS,66,17,49,0,0.258,-372.0,508.3,-685.5,158.2
AU,HR,68,18,50,0,0.265,-232.5,906.3,-781.8,28.8
HU,JP,180,132,48,0,0.733,740.0,1634.1,-16.8,2644.8
DE,GR,45,33,11,1,0.733,147,531.2,-0.5,396.0
LV,RO,164,120,44,0,0.732,964.5,1573.6,-63.0,2330.2
SE,SI,107,29,77,1,0.271,-377,1487.5,-1506.0,34.0
ES,RO,121,33,88,0,0.273,-232,1149.0,-1125.0,32.5
FR,HU,66,18,48,0,0.273,-644.5,1574.7,-2155.5,14.8
BE,NO,145,40,104,1,0.276,-144,502.4,-252.5,33.5
SI,SK,184,51,133,0,0.277,-643.0,1616.9,-1652.8,72.8
LV,SI,97,70,27,0,0.722,925,1576.9,-161.0,2291.0
IE,NO,90,25,65,0,0.278,-119.0,449.1,-264.0,25.8
EE,IT,54,15,39,0,0.278,-393.0,843.1,-845.2,73.5
FI,NO,164,46,114,4,0.28,-118.5,364.7,-279.5,12.0
AT,SI,71,20,50,1,0.282,-289,1331.0,-1170.0,16.0
SK,US,88,63,25,0,0.716,1051.0,1224.3,-85.8,1937.2
IT,SE,204,146,58,0,0.716,256.5,707.1,-45.0,783.0
IE,JP,84,24,60,0,0.286,-304.5,447.6,-589.0,28.2
ES,GR,66,47,18,1,0.712,127.5,418.3,-18.0,315.8
GR,HR,38,11,27,0,0.289,-155.5,722.0,-480.0,20.5
EE,RO,31,9,22,0,0.29,-118,960.0,-665.0,115.0
ES,IT,242,71,169,2,0.293,-194.5,784.9,-787.0,52.5
RO,SK,197,58,139,0,0.294,-923,1233.9,-1650.0,179.0
BE,US,51,15,36,0,0.294,-149,1128.3,-1047.0,93.0
AU,SI,85,25,60,0,0.294,-301,1515.8,-1305.0,28.5
DK,MY,17,12,5,0,0.706,143,598.4,-55.0,467.0
BE,GR,61,43,18,0,0.705,66,436.7,-28.5,275.0
AU,IT,203,60,143,0,0.296,-256,806.8,-778.0,34.0
CZ,HU,64,19,45,0,0.297,-743.5,1491.7,-1940.2,19.5
DE,IT,124,37,87,0,0.298,-254.5,831.0,-977.2,67.2
FI,SI,84,25,58,1,0.298,-251.5,1375.9,-1068.0,19.0
NO,RO,130,39,91,0,0.3,-321.0,970.4,-865.8,49.5
AT,JP,120,36,84,0,0.3,-330.0,691.5,-601.2,43.2
CZ,RO,40,12,28,0,0.3,-108.5,1043.5,-1282.8,64.0
HU,IS,250,175,74,1,0.7,590.0,1710.6,-91.5,2508.8
AU,GR,59,41,18,0,0.695,75,621.4,-26.0,266.0
DK,FI,49,34,15,0,0.694,47,442.8,-55.5,306.0
CZ,GR,26,18,8,0,0.692,50.5,175.0,-16.5,215.0
AU,US,81,25,56,0,0.309,-126,1220.7,-767.0,49.5
AT,US,42,13,29,0,0.31,-229.0,1399.9,-1252.0,51.0
AT,HR,61,19,42,0,0.311,-228,693.5,-697.0,53.5
MY,SE,38,12,26,0,0.316,-293.0,408.0,-694.5,32.5
ES,HR,78,25,53,0,0.321,-114.5,733.2,-662.5,117.0
JP,SE,145,98,47,0,0.676,215,458.4,-66.0,508.0
DE,RO,68,22,46,0,0.324,-346.0,1157.2,-1622.0,71.5
JP,NO,151,102,49,0,0.675,190,473.1,-109.0,605.0
CZ,ES,46,15,31,0,0.326,-87.0,450.3,-258.5,33.8
FR,IT,86,28,58,0,0.326,-278.5,800.1,-897.0,78.5
RO,SE,125,84,41,0,0.672,177,1034.2,-197.5,854.5
AU,JP,148,49,99,0,0.331,-266.5,869.8,-761.8,120.2
HR,NO,66,44,22,0,0.667,97.5,615.3,-177.8,516.8
DE,FI,87,58,26,3,0.667,68,559.5,-56.0,401.0
ES,MY,30,20,9,1,0.667,120.0,442.8,-34.5,470.2
FR,IE,30,20,10,0,0.667,154.0,613.5,-105.2,514.0
ES,JP,159,53,106,0,0.333,-214,693.0,-504.0,78.0
ES,US,54,18,36,0,0.333,-116.0,987.7,-832.8,150.5
EE,NO,48,16,32,0,0.333,-158.0,423.1,-245.2,58.0
FR,IS,75,25,50,0,0.333,-157,458.0,-511.0,61.0
CZ,SI,27,9,18,0,0.333,-203,1309.3,-1156.0,127.0
IT,NO,218,145,72,1,0.665,160.5,809.9,-133.0,734.8
HU,SI,148,98,48,2,0.662,532.5,1955.5,-470.5,2247.5
BE,HR,59,20,39,0,0.339,-184,652.7,-714.0,75.0
CZ,JP,56,19,37,0,0.339,-261.5,428.5,-611.8,70.8
RO,US,53,35,18,0,0.66,193,1478.9,-191.5,929.5
HR,IE,47,31,16,0,0.66,163,743.2,-91.0,839.0
AU,DK,53,18,35,0,0.34,-135,564.6,-353.0,123.5
EE,SI,29,10,19,0,0.345,-204,1535.0,-1198.5,69.0
HU,US,69,45,24,0,0.652,245,1910.1,-150.5,2129.0
BE,DK,43,15,28,0,0.349,-97,607.5,-395.0,26.0
DK,GR,20,13,7,0,0.65,101.0,176.8,-76.8,155.2
AU,NO,154,54,98,2,0.351,-72.0,440.7,-245.2,84.0
AT,GR,57,37,20,0,0.649,41,461.0,-51.0,194.0
AU,MY,37,24,13,0,0.649,205,734.8,-72.0,673.5
IS,US,88,57,30,1,0.648,206.5,1565.1,-556.0,503.2
DK,JP,54,19,35,0,0.352,-254.5,576.0,-627.2,233.8
ES,NO,149,53,96,0,0.356,-105,635.6,-259.5,141.0
DK,RO,45,16,29,0,0.356,-252,1010.5,-983.0,89.0
DE,NO,103,37,64,2,0.359,-84,517.0,-226.0,158.0
HU,RO,158,101,57,0,0.639,387.0,1769.5,-354.5,1584.2
HU,IT,233,149,83,1,0.639,466,1648.6,-189.0,2078.0
NO,SE,218,139,72,7,0.638,104.0,486.4,-104.2,260.8
FI,FR,47,17,29,1,0.362,-77,425.3,-365.0,132.0
ES,SI,91,33,58,0,0.363,-229,1452.7,-901.0,181.0
BE,ES,121,44,77,0,0.364,-66,501.8,-255.5,131.5
CZ,NO,44,16,27,1,0.364,-82.0,433.4,-312.8,63.5
CZ,DK,22,8,14,0,0.364,-66.0,471.2,-153.8,150.5
FR,US,38,14,24,0,0.368,-118.0,1214.9,-1897.0,110.2
CZ,FR,27,10,17,0,0.37,-22,326.1,-276.0,87.0
CZ,DE,35,13,22,0,0.371,-84,581.1,-304.0,167.0
EE,JP,43,16,27,0,0.372,-166,487.2,-527.0,159.0
SE,US,59,22,37,0,0.373,-191,1449.8,-1702.0,58.0
FR,NO,67,25,42,0,0.373,-55,556.4,-310.0,81.0
DE,US,40,15,25,0,0.375,-146.0,1192.8,-1271.8,115.2
NO,SI,114,43,70,1,0.377,-232.5,1381.4,-1200.5,107.5
JP,US,61,38,23,0,0.623,176,1162.6,-326.0,615.0
HR,SE,69,43,26,0,0.623,191,790.7,-141.5,689.5
HR,JP,74,46,28,0,0.622,191.0,769.5,-343.8,703.0
DK,IT,66,25,41,0,0.379,-85.5,867.1,-802.2,176.0
BE,MY,29,18,11,0,0.621,61,369.6,-56.5,480.0
CZ,IE,29,11,18,0,0.379,-37,366.8,-331.5,120.0
GR,IE,42,16,26,0,0.381,-52.0,327.3,-207.2,45.5
DE,SI,55,21,31,3,0.382,-80,1732.3,-1598.0,233.0
JP,SI,96,37,58,1,0.385,-210.0,1537.2,-1027.0,296.5
FR,RO,52,20,32,0,0.385,-132.0,985.9,-900.0,175.5
EE,IE,31,12,19,0,0.387,-34,454.3,-217.0,85.0
AT,DK,49,19,30,0,0.388,-91,564.8,-281.0,115.0
DK,EE,18,11,7,0,0.611,125.5,439.3,-103.8,545.5
FR,MY,18,11,7,0,0.611,93.0,426.4,-70.8,408.0
EE,ES,48,19,29,0,0.396,-75.0,537.6,-243.0,209.2
AT,DE,78,31,45,2,0.397,-20.0,727.7,-349.2,95.0
BE,EE,40,16,24,0,0.4,-74.0,480.9,-346.5,186.8
AT,ES,124,50,74,0,0.403,-50.0,520.1,-243.0,86.0
DK,IE,32,19,12,1,0.594,22.0,463.2,-214.0,243.8
ES,FR,64,38,26,0,0.594,64.0,826.4,-166.0,315.8
HR,RO,71,29,42,0,0.408,-116,1104.2,-557.0,335.0
ES,IE,93,55,38,0,0.591,46,564.9,-110.5,229.5
IE,SE,83,34,48,1,0.41,-48,398.3,-315.0,68.0
FI,SE,175,72,97,6,0.411,-28,421.2,-229.0,107.0
AT,MY,29,12,17,0,0.414,-44,234.6,-139.0,218.0
AT,FR,53,22,31,0,0.415,-39,902.5,-296.0,105.5
DK,SI,36,15,21,0,0.417,-340.5,1249.8,-1227.8,276.5
FR,JP,72,30,42,0,0.417,-120.0,598.6,-528.5,229.5
EE,GR,24,14,10,0,0.583,25.0,363.0,-84.0,241.2
DK,NO,91,53,36,2,0.582,9,478.4,-137.0,221.0
NO,US,62,26,36,0,0.419,-39.0,1066.2,-826.2,171.2
HR,IS,86,36,50,0,0.419,-118.5,729.5,-541.0,485.5
FI,MY,31,18,13,0,0.581,70,356.0,-136.0,329.0
EE,US,19,8,11,0,0.421,-116,1159.5,-1561.0,190.0
DE,HR,38,16,22,0,0.421,-116.0,796.6,-702.5,158.5
HU,LV,185,78,107,0,0.422,-144,1861.5,-1830.5,774.0
ES,FI,132,76,56,0,0.576,59.5,523.1,-56.0,251.2
AU,EE,40,23,17,0,0.575,45.0,465.9,-162.5,190.8
IS,JP,197,113,84,0,0.574,104,472.1,-312.0,455.5
AU,BE,115,66,49,0,0.574,43,583.2,-171.0,175.0
CZ,EE,21,9,12,0,0.429,-20,456.9,-566.0,204.0
EE,SE,42,24,18,0,0.571,45.0,443.0,-128.5,189.2
LV,SK,242,137,105,0,0.566,127.0,1334.5,-780.8,1034.8
AU,DE,92,40,52,0,0.435,-43.5,646.4,-246.0,213.0
DK,US,23,10,13,0,0.435,-184,1264.3,-1100.0,156.0
FI,GR,62,35,27,0,0.565,32.5,241.2,-57.5,182.0
DE,JP,94,41,53,0,0.436,-85.5,681.7,-562.8,219.0
FR,SE,55,31,24,0,0.564,109,533.6,-203.0,449.0
IS,SI,151,66,85,0,0.437,-124,1280.0,-1097.0,467.0
SI,US,32,18,14,0,0.562,44.0,1336.7,-430.2,931.8
AT,BE,112,49,59,4,0.438,-17.5,478.5,-110.0,105.0
CZ,MY,16,7,9,0,0.438,-34.0,224.5,-197.0,172.5
AU,IE,88,39,49,0,0.443,-32.0,607.2,-263.8,161.0
DK,ES,45,25,20,0,0.556,20,685.2,-403.0,406.0
GR,MY,18,10,8,0,0.556,35.5,279.8,-168.2,356.5
CZ,FI,45,20,24,1,0.444,-13,254.9,-88.5,73.0
AT,CZ,58,32,26,0,0.552,17.5,523.1,-68.2,303.8
HR,US,29,13,16,0,0.448,-44,1386.4,-1092.5,771.0
FR,HR,29,13,16,0,0.448,-50,754.8,-407.0,394.0
AT,IE,69,31,38,0,0.449,-13,381.1,-226.0,102.0
BE,DE,80,36,43,1,0.45,-47.0,656.9,-327.8,121.5
BE,FI,122,67,51,4,0.549,19.0,362.4,-87.2,187.8
IT,JP,230,126,103,1,0.548,55.0,855.2,-390.2,594.0
FI,IE,84,38,44,2,0.452,-16.0,309.7,-177.0,84.5
BE,IE,79,36,42,1,0.456,-16,371.8,-146.0,155.0
IT,SI,129,59,69,1,0.457,-65,1595.8,-1024.5,592.5
EE,MY,13,7,6,0,0.538,38,331.0,-50.5,562.5
ES,SE,147,79,67,1,0.537,19,605.5,-189.0,182.0
HR,IT,108,50,58,0,0.463,-36.5,964.5,-482.0,540.2
AT,SE,134,62,71,1,0.463,-42.5,606.8,-370.2,126.5
IS,IT,265,142,122,1,0.536,33,787.1,-496.0,371.0
AU,FR,73,34,39,0,0.466,-30,665.0,-451.0,178.0
AU,ES,137,64,73,0,0.467,-30,833.0,-289.5,224.0
BE,CZ,47,25,22,0,0.532,3,297.6,-104.0,235.0
DE,SE,96,51,43,2,0.531,7.0,537.7,-193.0,147.5
DK,FR,32,15,17,0,0.469,-79.5,639.3,-285.0,192.2
HU,SK,344,162,182,0,0.471,-68.0,1633.1,-1165.5,1224.5
BE,FR,51,24,27,0,0.471,-3,669.0,-174.0,448.0
AU,SE,131,62,69,0,0.473,-27,685.0,-373.0,191.0
DE,ES,93,49,44,0,0.527,6,647.4,-282.5,242.5
IT,RO,190,90,100,0,0.474,-45.5,1128.9,-713.5,426.5
GR,SE,80,38,42,0,0.475,-20.5,421.4,-257.5,69.0
AU,FI,124,65,59,0,0.524,16.5,668.4,-177.5,182.8
EE,FR,21,10,11,0,0.476,-6,395.6,-119.0,160.0
DE,DK,44,21,23,0,0.477,-42.5,507.7,-191.5,146.5
AT,FI,117,56,60,1,0.479,-2,492.8,-117.5,146.0
CZ,SE,50,24,26,0,0.48,-11.0,378.4,-390.8,128.0
DE,EE,25,13,11,1,0.52,19,658.3,-267.5,139.0
BE,SE,126,61,64,1,0.484,-6.0,537.3,-382.5,174.8
DE,FR,41,20,21,0,0.488,-6,629.9,-298.5,232.0
EE,FI,45,22,23,0,0.489,-11,379.0,-171.0,255.0
AT,AU,104,53,51,0,0.51,5.5,644.9,-219.0,156.2
HR,SI,57,29,28,0,0.509,43,1418.4,-494.0,591.0
DK,SE,65,32,30,3,0.492,0,509.4,-250.5,175.5
RO,SI,81,40,41,0,0.494,-13,1606.7,-792.0,645.5
IS,RO,163,81,82,0,0.497,-13,1039.1,-759.0,379.0
AT,EE,40,20,20,0,0.5,-3.5,473.9,-327.5,190.2
JP,RO,146,73,73,0,0.5,-1.5,1076.8,-1008.5,316.8
IT,US,98,49,49,0,0.5,6.5,1302.5,-328.2,593.2
AU,CZ,54,27,27,0,0.5,6.5,886.6,-139.8,283.8
DE,IE,54,27,26,1,0.5,2.0,654.2,-152.2,229.0
FR,SI,36,18,18,0,0.5,-3.5,863.2,-907.5,207.2
DK,HR,18,9,9,0,0.5,-17.5,776.5,-609.8,130.2
