land_a,land_b,gedeelde_moleculen,a_eerst,b_eerst,gelijke_dag,aandeel_a_eerst,mediaan_dagen,spreiding_dagen
GR,LV,13,2,11,0,0.154,-228,213.6
GR,NO,67,12,54,1,0.179,-163,154.3
AT,NO,112,21,90,1,0.188,-148.5,194.0
BE,NO,112,22,89,1,0.196,-161.5,171.6
HR,HU,20,4,16,0,0.2,-210.0,193.2
GR,HU,31,7,24,0,0.226,-77,198.8
EE,NO,32,8,24,0,0.25,-158.0,156.2
BE,SI,38,10,27,1,0.263,-77.5,225.1
FI,NO,135,37,94,4,0.274,-101,178.6
FR,NO,47,13,34,0,0.277,-69,163.3
FI,HR,34,10,24,0,0.294,-75.0,225.8
GR,SK,17,5,11,1,0.294,-100,179.9
DE,NO,77,23,52,2,0.299,-102,189.5
BE,LV,20,6,14,0,0.3,-164.5,200.8
HR,LV,10,7,3,0,0.7,42.5,276.7
FR,GR,23,16,6,1,0.696,113,201.5
DE,SK,26,8,16,2,0.308,-19.5,185.9
DE,LV,16,5,11,0,0.312,-99.5,260.2
DE,GR,35,24,10,1,0.686,104,243.8
BE,HU,38,12,25,1,0.316,-61.5,204.4
NO,SI,49,33,15,1,0.673,72,172.4
FR,SI,15,10,5,0,0.667,21,175.5
AT,SK,33,11,21,1,0.333,-83,226.7
FR,HR,15,5,10,0,0.333,-104,238.2
BE,SK,26,9,17,0,0.346,-48.5,250.9
BE,GR,52,34,18,0,0.654,34.0,210.6
HU,SI,23,15,6,2,0.652,50,272.2
AT,DE,52,19,31,2,0.365,-17.5,206.5
AT,HU,49,18,30,1,0.367,-66,229.8
BE,FR,30,11,19,0,0.367,-32.0,204.5
EE,FI,32,12,20,0,0.375,-18.5,217.4
DE,FI,66,41,22,3,0.621,32.5,197.9
AT,GR,50,31,19,0,0.62,38.5,172.8
SI,SK,13,5,8,0,0.385,-8,92.6
FI,LV,31,12,19,0,0.387,-78,239.5
GR,SI,28,11,17,0,0.393,-50.5,178.1
GR,HR,28,11,17,0,0.393,-36.5,236.8
FI,FR,30,12,17,1,0.4,-10.5,218.5
DE,HU,35,14,20,1,0.4,-32,258.3
FR,SK,15,6,9,0,0.4,-14,169.8
AT,SI,32,13,18,1,0.406,-54.0,202.5
EE,HU,17,7,10,0,0.412,-26,175.6
DE,HR,17,10,7,0,0.588,95,252.2
BE,DE,53,22,30,1,0.415,-49,217.4
HU,LV,19,8,11,0,0.421,-5,179.4
AT,HR,33,14,19,0,0.424,-19,232.2
FR,HU,21,9,12,0,0.429,-83,181.7
AT,FI,94,41,52,1,0.436,-5.5,186.2
AT,FR,32,14,18,0,0.438,-17.0,179.4
BE,EE,25,11,14,0,0.44,-24,254.9
HU,NO,59,33,24,2,0.559,20,243.6
FI,GR,54,30,24,0,0.556,11.5,164.8
EE,GR,18,10,8,0,0.556,13.0,229.9
AT,BE,92,41,47,4,0.446,-12.0,197.4
LV,NO,35,19,16,0,0.543,6,169.2
DE,FR,24,13,11,0,0.542,10.0,199.0
HU,SK,26,14,12,0,0.538,3.5,207.5
AT,EE,28,15,13,0,0.536,10.5,246.6
FI,SK,30,14,16,0,0.467,-25.5,225.7
EE,FR,15,7,8,0,0.467,-6,167.0
BE,FI,95,45,46,4,0.474,0,193.0
LV,SK,19,10,9,0,0.526,2,197.6
AT,LV,19,10,9,0,0.526,5,205.5
DE,EE,19,10,8,1,0.526,19,213.8
HR,SI,19,10,9,0,0.526,66,268.2
DE,SI,23,12,8,3,0.522,61,152.7
NO,SK,48,25,21,2,0.521,14.5,211.6
HR,NO,37,19,18,0,0.514,4,240.7
FI,HU,53,27,24,2,0.509,4,252.1
FI,SI,40,20,19,1,0.5,1.5,188.8
EE,LV,12,6,6,0,0.5,-27.0,169.9
BE,HR,32,16,16,0,0.5,2.0,243.4
EE,SI,10,5,5,0,0.5,-2.5,142.9
